VIX_Current,VIX_Momentum,VIX_Volatility,GVZ_Current,GVZ_Momentum,GVZ_Volatility,DXY_Current,DXY_Momentum,DXY_Volatility,GOLD_Current,GOLD_Momentum,GOLD_Volatility,Composite_Score
15.619999885559082,2.22513192754996,27.589436068841206,16.420000076293945,-1.1438923966035646,37.0979833669571,97.36199951171875,-0.0656939513874157,1.492900683316576,3674.89990234375,0.08442326582065206,4.10710881025675,46.71906606522492
