VIX_Current,VIX_Momentum,VIX_Volatility,GVZ_Current,GVZ_Momentum,GVZ_Volatility,DXY_Current,DXY_Momentum,DXY_Volatility,GOLD_Current,GOLD_Momentum,GOLD_Volatility,Composite_Score
16.540000915527344,2.5418585002657634,65.08385431931475,19.190000534057617,-3.2274301165444843,69.13513873304574,97.80400085449219,-0.005109195998976913,2.7030004505782546,3841.699951171875,-1.0865354986725926,9.507158268237378,47.63884216735632
