VIX_Current,VIX_Momentum,VIX_Volatility,GVZ_Current,GVZ_Momentum,GVZ_Volatility,DXY_Current,DXY_Momentum,DXY_Volatility,GOLD_Current,GOLD_Momentum,GOLD_Volatility,Composite_Score
16.889999389648438,3.7469206220814963,66.33322610583204,19.959999084472656,1.1144848830058036,66.55041314673899,97.75299835205078,0.20501362886245275,2.5162140895673906,3915.0,0.7177562101004914,10.075226411127801,57.13916338660406
