VIX_Current,VIX_Momentum,VIX_Volatility,GVZ_Current,GVZ_Momentum,GVZ_Volatility,DXY_Current,DXY_Momentum,DXY_Volatility,GOLD_Current,GOLD_Momentum,GOLD_Volatility,Composite_Score
15.829999923706055,3.328983283558007,67.32396654183998,18.59000015258789,-2.924279253773488,52.30110403748732,97.91999816894531,0.0020414034009468996,2.652997852452006,3845.800048828125,0.1041178600958197,8.05210176604762,51.2322729349049
