VIX_Current,VIX_Momentum,GVZ_Current,GVZ_Momentum,DXY_Current,DXY_Momentum,Composite_Score
16.729999542236328,13.732151589741367,18.440000534057617,11.89321023218498,96.70500183105469,-0.8662236742881357,18.957797775086405
