VIX_Current,VIX_Momentum,VIX_Volatility,GVZ_Current,GVZ_Momentum,GVZ_Volatility,DXY_Current,DXY_Momentum,DXY_Volatility,GOLD_Current,GOLD_Momentum,GOLD_Volatility,Composite_Score
16.309999465942383,-1.151518388227983,46.34634856325441,19.049999237060547,3.532606695685318,87.93289832023073,97.69599914550781,0.12708620413689717,2.1612379465964566,3801.800048828125,-0.023664826447132067,7.45887473268655,52.850564884533846
