VIX_Current,VIX_Momentum,GVZ_Current,GVZ_Momentum,DXY_Current,DXY_Momentum
15.779999732971191,4.920211256616195,17.6200008392334,-2.056692254542305,97.2969970703125,-0.4939678001782116
