VIX_Current,VIX_Momentum,VIX_Volatility,GVZ_Current,GVZ_Momentum,GVZ_Volatility,DXY_Current,DXY_Momentum,DXY_Volatility,GOLD_Current,GOLD_Momentum,GOLD_Volatility,Composite_Score
17.170000076293945,4.759003756511053,67.89396416881166,19.959999084472656,1.1144848830058036,66.55041314673899,97.5530014038086,-0.26683458291633116,2.464689342892468,3895.5,0.14911301388112422,9.94447102110771,55.1485451424085
