VIX_Current,VIX_Momentum,VIX_Volatility,GVZ_Current,GVZ_Momentum,GVZ_Volatility,DXY_Current,DXY_Momentum,DXY_Volatility,GOLD_Current,GOLD_Momentum,GOLD_Volatility,Composite_Score
16.280000686645508,0.5558996270479699,63.272486638049585,19.110000610351562,-2.3006077089846166,68.2968880371514,97.6989974975586,-0.005122495179896018,2.598975099336698,3892.199951171875,0.12089906551446947,9.529432256431864,51.73890526465664
