VIX_Current,VIX_Momentum,VIX_Volatility,GVZ_Current,GVZ_Momentum,GVZ_Volatility,DXY_Current,DXY_Momentum,DXY_Volatility,GOLD_Current,GOLD_Momentum,GOLD_Volatility,Composite_Score
16.84000015258789,-0.7660528345708246,59.958574913363364,19.399999618530273,3.5771494536510198,49.72554803008212,98.27100372314453,-0.2284341182401208,2.4291601781069856,3808.5,0.8900924137190621,7.34882204096211,56.34469438753478
