VIX_Current,VIX_Momentum,VIX_Volatility,GVZ_Current,GVZ_Momentum,GVZ_Volatility,DXY_Current,DXY_Momentum,DXY_Volatility,GOLD_Current,GOLD_Momentum,GOLD_Volatility,Composite_Score
16.68000030517578,3.090234799563361,50.088721737078565,18.270000457763672,0.3846136917024679,73.43008748256369,97.79000091552734,-0.004087983707356538,1.9155596265706947,3791.10009765625,0.5143608117169377,7.133824972316304,53.63138354750877
