VIX_Current,VIX_Momentum,VIX_Volatility,GVZ_Current,GVZ_Momentum,GVZ_Volatility,DXY_Current,DXY_Momentum,DXY_Volatility,GOLD_Current,GOLD_Momentum,GOLD_Volatility,Composite_Score
15.539999961853027,-1.3333335755363342,19.28541045932654,16.450000762939453,-0.42372695450696546,34.338628956151375,97.56199645996094,0.05127104544188826,1.4546032420737047,3690.39990234375,0.2907832517286466,3.2992932586766206,45.50751260833652
