VIX_Current,VIX_Momentum,VIX_Volatility,GVZ_Current,GVZ_Momentum,GVZ_Volatility,DXY_Current,DXY_Momentum,DXY_Volatility,GOLD_Current,GOLD_Momentum,GOLD_Volatility,Composite_Score
14.819999694824219,-5.7251943824215745,27.31114741357199,17.399999618530273,-5.383359456093435,30.504148089933835,96.90699768066406,-0.3209291225737362,1.3331036213415182,3703.60009765625,0.8907950688500657,4.283299164771934,47.26904633641846
