VIX_Current,VIX_Momentum,VIX_Volatility,GVZ_Current,GVZ_Momentum,GVZ_Volatility,DXY_Current,DXY_Momentum,DXY_Volatility,GOLD_Current,GOLD_Momentum,GOLD_Volatility,Composite_Score
16.559999465942383,3.1133251346634494,65.63648308628139,19.190000534057617,-3.2274301165444843,69.13513873304574,97.75900268554688,-0.11953570414948302,2.7118730032160454,3829.10009765625,-1.7549686297305966,9.325377688612049,45.39225860565767
