VIX_Current,VIX_Momentum,VIX_Volatility,GVZ_Current,GVZ_Momentum,GVZ_Volatility,DXY_Current,DXY_Momentum,DXY_Volatility,GOLD_Current,GOLD_Momentum,GOLD_Volatility,Composite_Score
16.1299991607666,-0.24737733666425368,58.34506226890289,19.110000610351562,-2.3006077089846166,68.2968880371514,97.60600280761719,-0.09416287037291558,2.647831709582768,3896.699951171875,0.16965767846440125,9.66860049655162,51.65382190840839
