VIX_Current,VIX_Momentum,VIX_Volatility,GVZ_Current,GVZ_Momentum,GVZ_Volatility,DXY_Current,DXY_Momentum,DXY_Volatility,GOLD_Current,GOLD_Momentum,GOLD_Volatility,Composite_Score
15.960000038146973,0.69400412637117,64.0908744628819,19.90999984741211,6.413686914262483,69.32459093936728,97.89299774169922,0.09304082407007541,2.664241633255484,3860.800048828125,0.4501118467054767,8.23522780889932,57.240573169908
