VIX_Current,VIX_Momentum,VIX_Volatility,GVZ_Current,GVZ_Momentum,GVZ_Volatility,DXY_Current,DXY_Momentum,DXY_Volatility,GOLD_Current,GOLD_Momentum,GOLD_Volatility,Composite_Score
15.649999618530273,-5.722896030773116,60.568057780289955,18.959999084472656,-2.7193468079507377,52.39612131162987,98.18499755859375,-0.05395203930088036,2.407372521389268,3807.89990234375,-0.01838458474364081,7.318097838058152,48.46444128894804
