VIX_Current,VIX_Momentum,VIX_Volatility,GVZ_Current,GVZ_Momentum,GVZ_Volatility,DXY_Current,DXY_Momentum,DXY_Volatility,GOLD_Current,GOLD_Momentum,GOLD_Volatility,Composite_Score
16.860000610351562,0.5966609791412767,50.13683491739233,18.079999923706055,-2.1645001538883593,75.38515423452012,97.86000061035156,0.0470255977901947,2.1274000712746743,3765.89990234375,-0.4993697484818779,7.5423067622591695,48.33838994820848
