VIX_Current,VIX_Momentum,VIX_Volatility,GVZ_Current,GVZ_Momentum,GVZ_Volatility,DXY_Current,DXY_Momentum,DXY_Volatility,GOLD_Current,GOLD_Momentum,GOLD_Volatility,Composite_Score
16.729999542236328,-0.17900170785086764,50.71556723309795,18.110000610351562,-4.9343761908414026,76.55755026343695,97.8489990234375,0.010223056806274946,2.142575514493021,3768.89990234375,-0.6746632667347476,7.579787594633637,46.16159834655911
