VIX_Current,VIX_Momentum,VIX_Volatility,GVZ_Current,GVZ_Momentum,GVZ_Volatility,DXY_Current,DXY_Momentum,DXY_Volatility,GOLD_Current,GOLD_Momentum,GOLD_Volatility,Composite_Score
15.449999809265137,-2.215192261041662,16.720239420226964,16.760000228881836,2.69608175419979,35.039201888486815,97.65899658203125,0.06864672453650952,1.4224619767743858,3717.300048828125,0.4024456265500299,3.179908450525257,47.256789902170155
