VIX_Current,VIX_Momentum,VIX_Volatility,GVZ_Current,GVZ_Momentum,GVZ_Volatility,DXY_Current,DXY_Momentum,DXY_Volatility,GOLD_Current,GOLD_Momentum,GOLD_Volatility,Composite_Score
16.8799991607666,1.6867395955570728,49.757186846161765,18.06999969482422,-2.2186139478794265,75.40351269898969,97.88200378417969,0.06952050972035252,2.1298030554656413,3761.800048828125,-0.6076939257893271,7.570095639129866,48.224978892038195
