VIX_Current,VIX_Momentum,GVZ_Current,GVZ_Momentum,DXY_Current,DXY_Momentum,Composite_Score
15.720000267028809,6.866079036455708,17.40999984741211,5.6432058920408235,97.0270004272461,-0.5361379888775867,16.08938353317894
