VIX_Current,VIX_Momentum,VIX_Volatility,GVZ_Current,GVZ_Momentum,GVZ_Volatility,DXY_Current,DXY_Momentum,DXY_Volatility,GOLD_Current,GOLD_Momentum,GOLD_Volatility,Composite_Score
15.880000114440918,-3.4650493742389448,59.422818075378814,19.200000762939453,0.6817046156037324,52.60491984077792,98.22000122070312,-0.10373810230117943,2.4225830037221474,3804.5,0.5869431532475389,7.313753809413413,52.893213401675446
