VIX_Current,VIX_Momentum,VIX_Volatility,GVZ_Current,GVZ_Momentum,GVZ_Volatility,DXY_Current,DXY_Momentum,DXY_Volatility,GOLD_Current,GOLD_Momentum,GOLD_Volatility,Composite_Score
16.260000228881836,-2.576394795783994,65.02801471778797,19.610000610351562,-1.7534994497738512,70.20485616989843,97.81700134277344,0.22233900824279484,2.685622321490575,3897.89990234375,0.010260483483001924,9.902598936430373,51.36639640924134
