VIX_Current,VIX_Momentum,VIX_Volatility,GVZ_Current,GVZ_Momentum,GVZ_Volatility,DXY_Current,DXY_Momentum,DXY_Volatility,GOLD_Current,GOLD_Momentum,GOLD_Volatility,Composite_Score
16.6299991607666,0.4227034847928678,55.39262881079215,18.059999465942383,-1.257525631886112,73.1087708104545,97.85399627685547,-0.0010291554274967408,2.6364148139634858,3881.300048828125,0.002579038892850055,9.918099619883948,51.465516503338954
