VIX_Current,VIX_Momentum,GVZ_Current,GVZ_Momentum,DXY_Current,DXY_Momentum,Composite_Score
15.880000114440918,7.953773441603137,17.40999984741211,5.6432058920408235,96.52200317382812,-1.0538183964835492,16.36617319800884
