VIX_Current,VIX_Momentum,VIX_Volatility,GVZ_Current,GVZ_Momentum,GVZ_Volatility,DXY_Current,DXY_Momentum,DXY_Volatility,GOLD_Current,GOLD_Momentum,GOLD_Volatility,Composite_Score
16.190000534057617,-2.645812681380205,65.50399375441606,19.469999313354492,-1.9143630267633198,71.3074599406626,97.83599853515625,0.2418033450049001,2.690031662751918,3892.60009765625,-0.1257191108082104,9.840037161011733,50.704049241004675
