VIX_Current,VIX_Momentum,VIX_Volatility,GVZ_Current,GVZ_Momentum,GVZ_Volatility,DXY_Current,DXY_Momentum,DXY_Volatility,GOLD_Current,GOLD_Momentum,GOLD_Volatility,Composite_Score
16.510000228881836,-3.1671497498073076,47.668429613408954,19.049999237060547,3.532606695685318,87.93289832023073,97.58899688720703,0.25476773459323376,2.162467438200073,3803.60009765625,0.07893490298676877,7.2073940951187225,52.73465556553418
