VIX_Current,VIX_Momentum,VIX_Volatility,GVZ_Current,GVZ_Momentum,GVZ_Volatility,DXY_Current,DXY_Momentum,DXY_Volatility,GOLD_Current,GOLD_Momentum,GOLD_Volatility,Composite_Score
15.789999961853027,-1.9863478359703917,56.60119157975084,17.920000076293945,7.112974098136453,90.9610420146298,97.4010009765625,-0.02155169713349898,3.084267097788747,3771.300048828125,0.42071758296165623,8.659736027381083,55.311758423380226
