VIX_Current,VIX_Momentum,GVZ_Current,GVZ_Momentum,DXY_Current,DXY_Momentum,Composite_Score
16.6200008392334,12.98436979016507,18.3700008392334,5.757052111024156,96.76100158691406,-0.8088174681297793,18.110407326161265
