VIX_Current,VIX_Momentum,VIX_Volatility,GVZ_Current,GVZ_Momentum,GVZ_Volatility,DXY_Current,DXY_Momentum,DXY_Volatility,GOLD_Current,GOLD_Momentum,GOLD_Volatility,Composite_Score
15.850000381469727,0.5710669497514093,65.8671744498762,18.59000015258789,-2.924279253773488,52.30110403748732,97.8219985961914,-0.10212054197515012,2.674405391040409,3844.300048828125,-0.10913215985124075,8.360477290560937,49.818122728194844
