VIX_Current,VIX_Momentum,VIX_Volatility,GVZ_Current,GVZ_Momentum,GVZ_Volatility,DXY_Current,DXY_Momentum,DXY_Volatility,GOLD_Current,GOLD_Momentum,GOLD_Volatility,Composite_Score
16.34000015258789,-0.969696044921875,46.338790660126975,19.049999237060547,3.532606695685318,87.93289832023073,97.8219985961914,0.25622105070804446,2.180897376136568,3801.199951171875,-0.03944565753965801,7.461580819666366,52.94780245837453
