VIX_Current,VIX_Momentum,VIX_Volatility,GVZ_Current,GVZ_Momentum,GVZ_Volatility,DXY_Current,DXY_Momentum,DXY_Volatility,GOLD_Current,GOLD_Momentum,GOLD_Volatility,Composite_Score
16.739999771118164,0.41991418418626064,58.033010976210576,19.06999969482422,1.8152704799655066,72.36771325215082,98.38200378417969,-0.0060949547422470005,2.388733982622824,3772.89990234375,0.13535361350215958,7.314470872598708,53.00176177324426
