VIX_Current,VIX_Momentum,VIX_Volatility,GVZ_Current,GVZ_Momentum,GVZ_Volatility,DXY_Current,DXY_Momentum,DXY_Volatility,GOLD_Current,GOLD_Momentum,GOLD_Volatility,Composite_Score
15.890000343322754,-1.3656130272735454,57.30511180143834,17.8700008392334,6.814114334665931,90.62987917280972,97.48400115966797,0.06364485559736417,3.0546143668159416,3770.0,0.3861003861003861,8.798392666715978,55.281759348491455
