VIX_Current,VIX_Momentum,VIX_Volatility,GVZ_Current,GVZ_Momentum,GVZ_Volatility,DXY_Current,DXY_Momentum,DXY_Volatility,GOLD_Current,GOLD_Momentum,GOLD_Volatility,Composite_Score
16.59000015258789,2.851835187568769,65.07655610213709,19.190000534057617,-3.2274301165444843,69.13513873304574,97.78700256347656,-0.022488262694733495,2.6989135168772367,3831.199951171875,-1.356882321814552,9.35189420445203,46.73050699683166
