VIX_Current,VIX_Momentum,VIX_Volatility,GVZ_Current,GVZ_Momentum,GVZ_Volatility,DXY_Current,DXY_Momentum,DXY_Volatility,GOLD_Current,GOLD_Momentum,GOLD_Volatility,Composite_Score
15.770000457763672,2.269781969766669,17.46305669773136,16.329999923706055,-0.7294883505644012,26.554126132838697,97.65299987792969,-0.10945402614831322,1.5055762615291008,3701.60009765625,0.54051516278617,3.268384779838937,45.88519623414073
