VIX_Current,VIX_Momentum,VIX_Volatility,GVZ_Current,GVZ_Momentum,GVZ_Volatility,DXY_Current,DXY_Momentum,DXY_Volatility,GOLD_Current,GOLD_Momentum,GOLD_Volatility,Composite_Score
15.539999961853027,-0.8928593150380326,26.906904887906187,16.420000076293945,-1.2627726702962492,35.58847816158857,97.36299896240234,-0.06466809519099759,1.4928800308524242,3675.199951171875,0.09259497517668745,4.106945436778333,45.61558953784061
