VIX_Current,VIX_Momentum,GVZ_Current,GVZ_Momentum,DXY_Current,DXY_Momentum
14.9399995803833,-0.6648961550755607,,,97.38099670410156,-0.408061035157012
