VIX_Current,VIX_Momentum,VIX_Volatility,GVZ_Current,GVZ_Momentum,GVZ_Volatility,DXY_Current,DXY_Momentum,DXY_Volatility,GOLD_Current,GOLD_Momentum,GOLD_Volatility,Composite_Score
16.329999923706055,-0.6691034475557456,62.53183208286357,19.739999771118164,2.8660720258158983,69.00777867713883,97.66500091552734,-0.1543724683504071,2.8591599574281723,3873.699951171875,0.6809603943307343,9.847086088076159,56.141635626359665
