VIX_Current,VIX_Momentum,VIX_Volatility,GVZ_Current,GVZ_Momentum,GVZ_Volatility,DXY_Current,DXY_Momentum,DXY_Volatility,GOLD_Current,GOLD_Momentum,GOLD_Volatility,Composite_Score
16.790000915527344,2.9429887510865513,56.12750381861831,18.959999084472656,3.043475421480001,87.3510352846885,97.22200012207031,-0.13353321649536082,2.8088787397204396,3796.39990234375,-0.3961720492260265,8.005410204067678,52.404372603631984
