VIX_Current,VIX_Momentum,VIX_Volatility,GVZ_Current,GVZ_Momentum,GVZ_Volatility,DXY_Current,DXY_Momentum,DXY_Volatility,GOLD_Current,GOLD_Momentum,GOLD_Volatility,Composite_Score
15.699999809265137,1.815821865018348,26.909129814007205,16.450000762939453,-0.42372695450696546,34.338628956151375,97.41699981689453,0.054436346773398585,1.3990342233493767,3670.89990234375,-0.23915126083371135,3.8791662133652114,45.49586455217159
