VIX_Current,VIX_Momentum,VIX_Volatility,GVZ_Current,GVZ_Momentum,GVZ_Volatility,DXY_Current,DXY_Momentum,DXY_Volatility,GOLD_Current,GOLD_Momentum,GOLD_Volatility,Composite_Score
16.280000686645508,-0.5497870981911648,61.584039960602134,19.959999084472656,1.1144848830058036,66.55041314673899,97.67900085449219,-0.16557737330687505,2.474259954890044,3888.699951171875,0.010284760402441796,9.957541765143477,53.18842421053364
