VIX_Current,VIX_Momentum,GVZ_Current,GVZ_Momentum,DXY_Current,DXY_Momentum,Composite_Score
16.100000381469727,9.449356490265878,18.040000915527344,9.4660280134894,96.71499633789062,-0.8559781524805816,17.344893149805785
