VIX_Current,VIX_Momentum,VIX_Volatility,GVZ_Current,GVZ_Momentum,GVZ_Volatility,DXY_Current,DXY_Momentum,DXY_Volatility,GOLD_Current,GOLD_Momentum,GOLD_Volatility,Composite_Score
15.65999984741211,5.312709939024488,27.848271047554306,16.700000762939453,-4.133176292773415,44.440702986094884,97.39800262451172,0.39582192857573706,1.5451955820227536,3672.89990234375,-0.7512105600272119,4.258685364876853,44.02476916465946
