VIX_Current,VIX_Momentum,GVZ_Current,GVZ_Momentum,DXY_Current,DXY_Momentum
15.359999656677246,2.127657550770317,16.969999313354492,-5.6698191814389,97.35099792480469,-0.4387409080056366
