VIX_Current,VIX_Momentum,GVZ_Current,GVZ_Momentum,DXY_Current,DXY_Momentum
15.5600004196167,3.457449860921438,17.56999969482422,-2.334630803988278,97.38800048828125,-0.4008982367655986
