VIX_Current,VIX_Momentum,VIX_Volatility,GVZ_Current,GVZ_Momentum,GVZ_Volatility,DXY_Current,DXY_Momentum,DXY_Volatility,GOLD_Current,GOLD_Momentum,GOLD_Volatility,Composite_Score
16.690000534057617,-2.5685852204635693,55.285308390980205,18.549999237060547,2.6563339808678257,77.35849158593419,98.40299987792969,0.5394634768119413,2.3944392587338057,3762.10009765625,-0.5787500619384249,7.199174750429468,50.22424392027912
