VIX_Current,VIX_Momentum,VIX_Volatility,GVZ_Current,GVZ_Momentum,GVZ_Volatility,DXY_Current,DXY_Momentum,DXY_Volatility,GOLD_Current,GOLD_Momentum,GOLD_Volatility,Composite_Score
15.550000190734863,0.06435153736411905,17.671147575080937,,,,97.56199645996094,-0.009226804712176084,1.5865876911879722,3695.800048828125,0.1246233668482134,3.383019797228691,
