VIX_Current,VIX_Momentum,VIX_Volatility,GVZ_Current,GVZ_Momentum,GVZ_Volatility,DXY_Current,DXY_Momentum,DXY_Volatility,GOLD_Current,GOLD_Momentum,GOLD_Volatility,Composite_Score
16.639999389648438,-3.8705955919419748,55.102904105185324,18.739999771118164,3.8227178017874763,76.1123544422585,98.36900329589844,0.1812807694988326,2.3946526659979703,3766.39990234375,-0.07428761711764434,7.304511880223117,52.10098621964101
