VIX_Current,VIX_Momentum,VIX_Volatility,GVZ_Current,GVZ_Momentum,GVZ_Volatility,DXY_Current,DXY_Momentum,DXY_Volatility,GOLD_Current,GOLD_Momentum,GOLD_Volatility,Composite_Score
17.049999237060547,4.537092552721352,49.06463941560336,18.059999465942383,-2.7987107637186157,77.5562217959244,97.83999633789062,0.03373698366716566,2.1255172787105323,3775.5,-0.6708760852407262,7.583195932937424,48.516423323767086
