VIX_Current,VIX_Momentum,VIX_Volatility,GVZ_Current,GVZ_Momentum,GVZ_Volatility,DXY_Current,DXY_Momentum,DXY_Volatility,GOLD_Current,GOLD_Momentum,GOLD_Volatility,Composite_Score
16.110000610351562,1.6403799534655081,55.44143546443097,18.43000030517578,2.7313252872425493,87.15731990141921,97.22699737548828,-0.07605792854114542,2.9594792599487247,3788.199951171875,0.33637799422261955,8.531919311095294,54.04886845891021
