VIX_Current,VIX_Momentum,GVZ_Current,GVZ_Momentum,DXY_Current,DXY_Momentum
15.529999732971191,3.2579772098469664,17.899999618530273,-0.5002787867311723,97.05400085449219,-0.49825718317969603
