VIX_Current,VIX_Momentum,VIX_Volatility,GVZ_Current,GVZ_Momentum,GVZ_Volatility,DXY_Current,DXY_Momentum,DXY_Volatility,GOLD_Current,GOLD_Momentum,GOLD_Volatility,Composite_Score
16.139999389648438,0.6234318479638697,55.46689008248894,18.739999771118164,3.478736275726562,95.81091234455286,97.3280029296875,0.029804342840116287,2.8837836933953436,3815.39990234375,-0.07856694104141862,7.639561223937884,52.97078130526821
