VIX_Current,VIX_Momentum,VIX_Volatility,GVZ_Current,GVZ_Momentum,GVZ_Volatility,DXY_Current,DXY_Momentum,DXY_Volatility,GOLD_Current,GOLD_Momentum,GOLD_Volatility,Composite_Score
16.969999313354492,5.338290939916744,67.27927760966848,19.959999084472656,1.1144848830058036,66.55041314673899,97.64299774169922,-0.036858600597891956,2.4744779120388745,3920.39990234375,0.7607652190849596,10.11610522471716,57.58015228780143
