VIX_Current,VIX_Momentum,GVZ_Current,GVZ_Momentum,DXY_Current,DXY_Momentum
15.4399995803833,2.6595719384628964,17.989999771118164,0.0,97.37699890136719,-0.41214960417346147
