VIX_Current,VIX_Momentum,GVZ_Current,GVZ_Momentum,DXY_Current,DXY_Momentum
16.059999465942383,4.625401086828348,18.239999771118164,5.00862918739595,96.75299835205078,-0.8068510929768506
