VIX_Current,VIX_Momentum,VIX_Volatility,GVZ_Current,GVZ_Momentum,GVZ_Volatility,DXY_Current,DXY_Momentum,DXY_Volatility,GOLD_Current,GOLD_Momentum,GOLD_Volatility,Composite_Score
14.84000015258789,-6.959245579629804,141.74039960704613,17.399999618530273,-5.383359456093435,149.439195717264,97.00800323486328,-0.17390814170541935,6.672017388697382,3689.800048828125,0.04066914242718923,21.305088355826765,48.01095959125728
