VIX_Current,VIX_Momentum,VIX_Volatility,GVZ_Current,GVZ_Momentum,GVZ_Volatility,DXY_Current,DXY_Momentum,DXY_Volatility,GOLD_Current,GOLD_Momentum,GOLD_Volatility,Composite_Score
15.960000038146973,-0.7462679485599458,55.603098674245466,18.43000030517578,2.7313252872425493,87.15731990141921,97.32499694824219,0.02877774111512728,2.8998239331510036,3817.800048828125,0.24155728971220944,7.936390274888316,53.19450717990819
