VIX_Current,VIX_Momentum,GVZ_Current,GVZ_Momentum,DXY_Current,DXY_Momentum,Composite_Score
16.549999237060547,12.508492142365487,18.3700008392334,5.757052111024156,96.79900360107422,-0.7698610222340337,17.970785276453668
