VIX_Current,VIX_Momentum,VIX_Volatility,GVZ_Current,GVZ_Momentum,GVZ_Volatility,DXY_Current,DXY_Momentum,DXY_Volatility,GOLD_Current,GOLD_Momentum,GOLD_Volatility,Composite_Score
16.110000610351562,-3.9928489206032634,64.53364845717914,19.579999923706055,-1.903803497978172,70.21092891013055,97.74099731445312,0.2060656110715545,2.6766369546328677,3898.10009765625,-0.04359072646265105,9.769645600941743,50.65090161548299
