VIX_Current,VIX_Momentum,VIX_Volatility,GVZ_Current,GVZ_Momentum,GVZ_Volatility,DXY_Current,DXY_Momentum,DXY_Volatility,GOLD_Current,GOLD_Momentum,GOLD_Volatility,Composite_Score
16.34000015258789,-1.8618586969658262,47.100865221733706,19.049999237060547,3.532606695685318,87.93289832023073,97.7040023803711,0.25858770714906937,2.1652881682741496,3794.5,-0.26022244237917885,7.528299250816504,51.93776584922416
