VIX_Current,VIX_Momentum,VIX_Volatility,GVZ_Current,GVZ_Momentum,GVZ_Volatility,DXY_Current,DXY_Momentum,DXY_Volatility,GOLD_Current,GOLD_Momentum,GOLD_Volatility,Composite_Score
16.639999389648438,1.7736941982422296,47.61521689819948,18.56999969482422,-0.05382254533315006,76.42124261067143,97.8479995727539,0.13713765664662828,2.1465538751648374,3789.800048828125,-0.13702111124835312,7.462982266109537,51.23469933229215
