VIX_Current,VIX_Momentum,VIX_Volatility,GVZ_Current,GVZ_Momentum,GVZ_Volatility,DXY_Current,DXY_Momentum,DXY_Volatility,GOLD_Current,GOLD_Momentum,GOLD_Volatility,Composite_Score
16.940000534057617,0.7134413876970794,54.86732951021583,19.06999969482422,1.8152704799655066,72.36771325215082,98.46299743652344,0.04165772635323271,2.391856590307904,3779.89990234375,0.05293946509168312,7.2013291605066,52.90744678265135
