VIX_Current,VIX_Momentum,VIX_Volatility,GVZ_Current,GVZ_Momentum,GVZ_Volatility,DXY_Current,DXY_Momentum,DXY_Volatility,GOLD_Current,GOLD_Momentum,GOLD_Volatility,Composite_Score
15.670000076293945,6.2372886528403075,28.454854138839224,,,,97.42400360107422,0.5314336513710851,1.5632916806171848,3672.800048828125,-0.7673160790666825,4.318397938864985,
