VIX_Current,VIX_Momentum,VIX_Volatility,GVZ_Current,GVZ_Momentum,GVZ_Volatility,DXY_Current,DXY_Momentum,DXY_Volatility,GOLD_Current,GOLD_Momentum,GOLD_Volatility,Composite_Score
16.649999618530273,1.9595817288380952,47.85222851057297,19.049999237060547,3.532606695685318,87.93289832023073,97.4530029296875,0.08524204658953068,2.0785354585425484,3805.10009765625,0.15793213776340176,7.138093060892348,54.17555219502649
