VIX_Current,VIX_Momentum,VIX_Volatility,GVZ_Current,GVZ_Momentum,GVZ_Volatility,DXY_Current,DXY_Momentum,DXY_Volatility,GOLD_Current,GOLD_Momentum,GOLD_Volatility,Composite_Score
16.649999618530273,1.9595817288380952,56.07197198719055,19.049999237060547,3.532606695685318,87.93289832023073,97.23400115966797,-0.0195337858006636,2.7765781961349396,3796.89990234375,-0.40395945458461224,8.156442827116313,52.47445129478081
