VIX_Current,VIX_Momentum,VIX_Volatility,GVZ_Current,GVZ_Momentum,GVZ_Volatility,DXY_Current,DXY_Momentum,DXY_Volatility,GOLD_Current,GOLD_Momentum,GOLD_Volatility,Composite_Score
16.739999771118164,0.41991418418626064,58.033010976210576,19.06999969482422,1.8152704799655066,72.36771325215082,98.34700012207031,-0.11375243719245968,2.4011234417586897,3776.300048828125,0.20431860564520277,7.324309435374091,53.19009877846822
