VIX_Current,VIX_Momentum,VIX_Volatility,GVZ_Current,GVZ_Momentum,GVZ_Volatility,DXY_Current,DXY_Momentum,DXY_Volatility,GOLD_Current,GOLD_Momentum,GOLD_Volatility,Composite_Score
16.739999771118164,0.41991418418626064,58.033010976210576,19.06999969482422,1.8152704799655066,72.36771325215082,98.4489974975586,-0.10553093743320612,2.3595719424203123,3779.199951171875,0.166981605427999,7.410168726920202,53.11999832496748
