VIX_Current,VIX_Momentum,GVZ_Current,GVZ_Momentum,DXY_Current,DXY_Momentum,Composite_Score
15.880000114440918,7.953773441603137,17.530000686645508,6.371366344508375,96.9489974975586,-0.6160999850305887,16.506225047861445
