VIX_Current,VIX_Momentum,VIX_Volatility,GVZ_Current,GVZ_Momentum,GVZ_Volatility,DXY_Current,DXY_Momentum,DXY_Volatility,GOLD_Current,GOLD_Momentum,GOLD_Volatility,Composite_Score
16.59000015258789,3.3001289182446927,65.66079844432343,19.190000534057617,-3.2274301165444843,69.13513873304574,97.76599884033203,-0.04396248648890669,2.69715017623228,3826.300048828125,-1.4830416582277575,9.339011270723205,46.37869127686806
