VIX_Current,VIX_Momentum,VIX_Volatility,GVZ_Current,GVZ_Momentum,GVZ_Volatility,DXY_Current,DXY_Momentum,DXY_Volatility,GOLD_Current,GOLD_Momentum,GOLD_Volatility,Composite_Score
15.699999809265137,1.815821865018348,26.909129814007205,16.450000762939453,-0.42372695450696546,34.338628956151375,97.36299896240234,0.015408010143267063,1.4221111134755866,3673.0,-0.09791920689293844,3.9796867145256627,45.9680744202371
