VIX_Current,VIX_Momentum,VIX_Volatility,GVZ_Current,GVZ_Momentum,GVZ_Volatility,DXY_Current,DXY_Momentum,DXY_Volatility,GOLD_Current,GOLD_Momentum,GOLD_Volatility,Composite_Score
16.049999237060547,0.6900856936823143,58.0084483102076,18.43000030517578,2.7313252872425493,87.15731990141921,97.43000030517578,0.1305189968808265,2.9755701826681236,3788.199951171875,0.20102241229736154,7.745745226942533,53.34459547631301
