VIX_Current,VIX_Momentum,VIX_Volatility,GVZ_Current,GVZ_Momentum,GVZ_Volatility,DXY_Current,DXY_Momentum,DXY_Volatility,GOLD_Current,GOLD_Momentum,GOLD_Volatility,Composite_Score
16.5,-1.0791385004946756,56.10817447386094,18.079999923706055,-2.0585004312715918,72.87398304972787,97.85800170898438,-0.07963905272295371,2.7334335520095205,3871.800048828125,0.20705005173407895,10.233623675355057,51.34211009897167
