VIX_Current,VIX_Momentum,VIX_Volatility,GVZ_Current,GVZ_Momentum,GVZ_Volatility,DXY_Current,DXY_Momentum,DXY_Volatility,GOLD_Current,GOLD_Momentum,GOLD_Volatility,Composite_Score
16.5,-2.366861701533339,55.88731437342971,19.06999969482422,1.8152704799655066,49.49075693651517,98.35299682617188,-0.0487842094228887,2.435044162073341,3783.5,0.05288906518577285,7.12932050034437,51.96527844154339
