VIX_Current,VIX_Momentum,GVZ_Current,GVZ_Momentum,DXY_Current,DXY_Momentum,Composite_Score
16.459999084472656,11.896662418677547,18.270000457763672,10.86165634252464,96.74600219726562,-0.8241935718501239,18.271421441310792
