VIX_Current,VIX_Momentum,VIX_Volatility,GVZ_Current,GVZ_Momentum,GVZ_Volatility,DXY_Current,DXY_Momentum,DXY_Volatility,GOLD_Current,GOLD_Momentum,GOLD_Volatility,Composite_Score
16.18000030517578,-4.935370916542629,51.071465776651934,18.270000457763672,0.3846136917024679,73.43008748256369,97.83899688720703,-0.03474319888435121,2.0833602032565697,3772.5,0.15663734377910699,7.55721419503404,50.32413606306421
