VIX_Current,VIX_Momentum,VIX_Volatility,GVZ_Current,GVZ_Momentum,GVZ_Volatility,DXY_Current,DXY_Momentum,DXY_Volatility,GOLD_Current,GOLD_Momentum,GOLD_Volatility,Composite_Score
16.010000228881836,0.4391508804346649,64.60858600440072,19.989999771118164,6.8412653622616935,69.2293938328293,97.91300201416016,-0.004082848475597618,2.677734568722802,3859.199951171875,0.02591882257673721,8.286479501812636,55.99011024958612
