VIX_Current,VIX_Momentum,VIX_Volatility,GVZ_Current,GVZ_Momentum,GVZ_Volatility,DXY_Current,DXY_Momentum,DXY_Volatility,GOLD_Current,GOLD_Momentum,GOLD_Volatility,Composite_Score
15.449999809265137,-2.215192261041662,16.720239420226964,16.760000228881836,2.69608175419979,35.039201888486815,97.64700317382812,0.056357389498200336,1.1547110987028648,3705.800048828125,0.09183628387151228,2.951511910229531,46.064477952600754
