VIX_Current,VIX_Momentum,VIX_Volatility,GVZ_Current,GVZ_Momentum,GVZ_Volatility,DXY_Current,DXY_Momentum,DXY_Volatility,GOLD_Current,GOLD_Momentum,GOLD_Volatility,Composite_Score
17.139999389648438,4.32135770715106,51.20907621275095,18.270000457763672,0.3846136917024679,73.43008748256369,97.89299774169922,0.07257993756690305,1.912236340761591,3781.199951171875,-0.1452452021792196,7.073118336931511,51.85736455924975
