VIX_Current,VIX_Momentum,VIX_Volatility,GVZ_Current,GVZ_Momentum,GVZ_Volatility,DXY_Current,DXY_Momentum,DXY_Volatility,GOLD_Current,GOLD_Momentum,GOLD_Volatility,Composite_Score
15.420000076293945,2.868581132364526,27.743153255788634,16.440000534057617,-5.517236238616334,38.91276941305688,97.38200378417969,0.14397793515194887,1.5259697158255539,3678.39990234375,-0.5004192834182885,4.218881451772179,43.105047507094994
