VIX_Current,VIX_Momentum,VIX_Volatility,GVZ_Current,GVZ_Momentum,GVZ_Volatility,DXY_Current,DXY_Momentum,DXY_Volatility,GOLD_Current,GOLD_Momentum,GOLD_Volatility,Composite_Score
15.899999618530273,0.252206574520239,63.53256204799145,19.190000534057617,-3.809524811115129,70.1396746627209,97.94200134277344,0.0020409447798241235,2.6404370982123315,3854.5,-0.06741068653701619,8.149963181208182,49.83267341530412
