VIX_Current,VIX_Momentum,GVZ_Current,GVZ_Momentum,DXY_Current,DXY_Momentum
16.06999969482422,4.690549156100763,18.229999542236328,4.9510573486010525,96.63300323486328,-0.929872536549954
