VIX_Current,VIX_Momentum,GVZ_Current,GVZ_Momentum,DXY_Current,DXY_Momentum
15.119999885559082,0.5319143876925793,17.139999389648438,-4.7248493178657505,97.40699768066406,-0.3814697313248368
