VIX_Current,VIX_Momentum,GVZ_Current,GVZ_Momentum,DXY_Current,DXY_Momentum
15.479999542236328,2.9255291323091863,17.899999618530273,-0.5002787867311723,97.0009994506836,-0.5525953042696216
