VIX_Current,VIX_Momentum,VIX_Volatility,GVZ_Current,GVZ_Momentum,GVZ_Volatility,DXY_Current,DXY_Momentum,DXY_Volatility,GOLD_Current,GOLD_Momentum,GOLD_Volatility,Composite_Score
15.979999542236328,0.6297193140727556,55.71657479688442,18.6299991607666,6.033007879076049,88.43881840547645,97.33899688720703,-0.15079413837483083,3.0464272463739928,3781.60009765625,0.3103582486427817,8.712322612220714,55.436015767209945
