VIX_Current,VIX_Momentum,GVZ_Current,GVZ_Momentum,DXY_Current,DXY_Momentum
15.6899995803833,4.321805985232126,17.899999618530273,-0.5002787867311723,97.21199798583984,-0.336275298963305
