VIX_Current,VIX_Momentum,VIX_Volatility,GVZ_Current,GVZ_Momentum,GVZ_Volatility,DXY_Current,DXY_Momentum,DXY_Volatility,GOLD_Current,GOLD_Momentum,GOLD_Volatility,Composite_Score
14.829999923706055,-7.021942940140284,28.910114615277045,17.399999618530273,-5.383359456093435,30.504148089933835,96.98500061035156,-0.1975789939126262,1.3553846870251207,3700.0,0.3172179870667626,4.402007112629956,41.77957793399853
