VIX_Current,VIX_Momentum,VIX_Volatility,GVZ_Current,GVZ_Momentum,GVZ_Volatility,DXY_Current,DXY_Momentum,DXY_Volatility,GOLD_Current,GOLD_Momentum,GOLD_Volatility,Composite_Score
15.739999771118164,0.9621527714056756,19.798700853739014,16.450000762939453,-0.42372695450696546,34.338628956151375,97.4729995727539,0.11914634978732094,1.54078815739374,3685.199951171875,0.06516515455444435,3.4871045305638213,45.481100204218215
