VIX_Current,VIX_Momentum,VIX_Volatility,GVZ_Current,GVZ_Momentum,GVZ_Volatility,DXY_Current,DXY_Momentum,DXY_Volatility,GOLD_Current,GOLD_Momentum,GOLD_Volatility,Composite_Score
15.529999732971191,-1.3968270922464037,19.29259532853071,16.450000762939453,-0.42372695450696546,34.338628956151375,97.50800323486328,0.10164015266151988,1.4896293609573699,3690.300048828125,0.12752200584278792,3.3545025915095046,44.97389966044066
