VIX_Current,VIX_Momentum,VIX_Volatility,GVZ_Current,GVZ_Momentum,GVZ_Volatility,DXY_Current,DXY_Momentum,DXY_Volatility,GOLD_Current,GOLD_Momentum,GOLD_Volatility,Composite_Score
16.350000381469727,-3.31164678294237,57.80327831510833,19.18000030517578,-0.15616231507852002,53.59403871541977,98.24199676513672,-0.08136717336600849,2.420117145761508,3809.0,0.705918378425516,7.283858910716055,53.049508900470165
