VIX_Current,VIX_Momentum,VIX_Volatility,GVZ_Current,GVZ_Momentum,GVZ_Volatility,DXY_Current,DXY_Momentum,DXY_Volatility,GOLD_Current,GOLD_Momentum,GOLD_Volatility,Composite_Score
16.739999771118164,0.41991418418626064,57.093903810389925,19.06999969482422,1.8152704799655066,72.36771325215082,98.35900115966797,-0.029474456711553243,2.3883104051630673,3773.39990234375,0.1486239567666731,7.302301555741171,53.02855138406526
