VIX_Current,VIX_Momentum,VIX_Volatility,GVZ_Current,GVZ_Momentum,GVZ_Volatility,DXY_Current,DXY_Momentum,DXY_Volatility,GOLD_Current,GOLD_Momentum,GOLD_Volatility,Composite_Score
15.8100004196167,1.6066837612987575,67.87427679626197,18.59000015258789,-2.924279253773488,52.30110403748732,97.95700073242188,0.01531456315247556,2.679664077977342,3843.60009765625,0.2608514123868503,8.009576717474843,51.31997017871305
