VIX_Current,VIX_Momentum,VIX_Volatility,GVZ_Current,GVZ_Momentum,GVZ_Volatility,DXY_Current,DXY_Momentum,DXY_Volatility,GOLD_Current,GOLD_Momentum,GOLD_Volatility,Composite_Score
16.6299991607666,-1.9457543721696229,65.57598592175424,19.959999084472656,1.1144848830058036,66.55041314673899,97.78099822998047,0.13824888033174104,2.525105925190616,3910.699951171875,-0.23979353205789722,9.96773125148938,52.39126239871215
