VIX_Current,VIX_Momentum,VIX_Volatility,GVZ_Current,GVZ_Momentum,GVZ_Volatility,DXY_Current,DXY_Momentum,DXY_Volatility,GOLD_Current,GOLD_Momentum,GOLD_Volatility,Composite_Score
15.489999771118164,-0.12895201462620332,17.803902758985906,16.450000762939453,-0.42372695450696546,34.338628956151375,97.71399688720703,0.16400765864383943,1.4939039524799582,3681.199951171875,-0.18979448220468215,3.254314823809596,44.05491679754075
