VIX_Current,VIX_Momentum,VIX_Volatility,GVZ_Current,GVZ_Momentum,GVZ_Volatility,DXY_Current,DXY_Momentum,DXY_Volatility,GOLD_Current,GOLD_Momentum,GOLD_Volatility,Composite_Score
14.789999961853027,-0.4040432193629404,26.708503478152494,17.399999618530273,-5.383359456093435,30.504148089933835,96.96099853515625,0.013409754242644782,1.3175622971654215,3704.199951171875,0.31685717459377116,4.23049209127112,46.84524242520233
