VIX_Current,VIX_Momentum,VIX_Volatility,GVZ_Current,GVZ_Momentum,GVZ_Volatility,DXY_Current,DXY_Momentum,DXY_Volatility,GOLD_Current,GOLD_Momentum,GOLD_Volatility,Composite_Score
14.850000381469727,-6.012656948081669,28.098889455588825,17.399999618530273,-5.383359456093435,30.504148089933835,96.90599822998047,-0.3332357459288515,1.35770784353192,3706.699951171875,0.5806827683014543,4.360599175082935,46.2055372789987
