VIX_Current,VIX_Momentum,VIX_Volatility,GVZ_Current,GVZ_Momentum,GVZ_Volatility,DXY_Current,DXY_Momentum,DXY_Volatility,GOLD_Current,GOLD_Momentum,GOLD_Volatility,Composite_Score
16.280000686645508,0.5558996270479699,58.68998903563218,19.110000610351562,-2.3006077089846166,68.2968880371514,97.67500305175781,0.0010232514760793096,2.6619917792360304,3888.699951171875,-0.030847867605847727,9.708245615614313,51.258921867953084
