VIX_Current,VIX_Momentum,VIX_Volatility,GVZ_Current,GVZ_Momentum,GVZ_Volatility,DXY_Current,DXY_Momentum,DXY_Volatility,GOLD_Current,GOLD_Momentum,GOLD_Volatility,Composite_Score
16.520000457763672,-3.108497378374357,47.67824035107764,19.049999237060547,3.532606695685318,87.93289832023073,97.56800079345703,0.20643958938690826,2.1255218337401907,3803.0,-0.13130252100840337,7.501104018153821,52.071198101837425
