VIX_Current,VIX_Momentum,VIX_Volatility,GVZ_Current,GVZ_Momentum,GVZ_Volatility,DXY_Current,DXY_Momentum,DXY_Volatility,GOLD_Current,GOLD_Momentum,GOLD_Volatility,Composite_Score
16.420000076293945,-2.5519305367414766,65.54215591338671,19.350000381469727,-1.67682885461778,74.41858556940826,97.59600067138672,-0.18919581712454658,2.551863857286144,3901.800048828125,-0.3295246763392015,9.998354749232403,49.943571656669285
