VIX_Current,VIX_Momentum,GVZ_Current,GVZ_Momentum,DXY_Current,DXY_Momentum,Composite_Score
16.360000610351562,11.216863140215473,18.3700008392334,5.757052111024156,96.72599792480469,-0.8447002574832588,17.573986260992083
