VIX_Current,VIX_Momentum,VIX_Volatility,GVZ_Current,GVZ_Momentum,GVZ_Volatility,DXY_Current,DXY_Momentum,DXY_Volatility,GOLD_Current,GOLD_Momentum,GOLD_Volatility,Composite_Score
16.1299991607666,0.6238207725368461,62.46295148884721,19.190000534057617,-3.2274301165444843,69.13513873304574,97.87200164794922,-0.15710049076683408,2.7228190387353552,3896.300048828125,0.492626067698083,8.225552744976218,52.281691217271685
