VIX_Current,VIX_Momentum,VIX_Volatility,GVZ_Current,GVZ_Momentum,GVZ_Volatility,DXY_Current,DXY_Momentum,DXY_Volatility,GOLD_Current,GOLD_Momentum,GOLD_Volatility,Composite_Score
15.699999809265137,1.815821865018348,26.909129814007205,16.450000762939453,-0.42372695450696546,34.338628956151375,97.4000015258789,0.05855501184972861,1.3588813806060867,3680.39990234375,0.20692260440504714,3.793059519202393,47.00417371679526
