VIX_Current,VIX_Momentum,VIX_Volatility,GVZ_Current,GVZ_Momentum,GVZ_Volatility,DXY_Current,DXY_Momentum,DXY_Volatility,GOLD_Current,GOLD_Momentum,GOLD_Volatility,Composite_Score
16.110000610351562,1.6403799534655081,55.44143546443097,18.43000030517578,2.7313252872425493,87.15731990141921,97.36000061035156,0.04212986786555696,2.974878544036498,3786.699951171875,0.2355842614410139,7.80262399321697,53.654441540329664
