VIX_Current,VIX_Momentum,VIX_Volatility,GVZ_Current,GVZ_Momentum,GVZ_Volatility,DXY_Current,DXY_Momentum,DXY_Volatility,GOLD_Current,GOLD_Momentum,GOLD_Volatility,Composite_Score
16.68000030517578,4.184884863931942,56.98667551979521,18.309999465942383,-5.325753249839986,76.25998152317504,97.93800354003906,0.21488899873873912,2.7221761659233787,3860.10009765625,-1.2787396422401172,10.222891941422095,46.33659921479311
