VIX_Current,VIX_Momentum,VIX_Volatility,GVZ_Current,GVZ_Momentum,GVZ_Volatility,DXY_Current,DXY_Momentum,DXY_Volatility,GOLD_Current,GOLD_Momentum,GOLD_Volatility,Composite_Score
14.869999885559082,-5.886077809803663,28.162536555592975,17.399999618530273,-5.383359456093435,30.504148089933835,96.89600372314453,-0.3435149874087139,1.3640329912024016,3706.699951171875,0.5806827683014543,4.360599175082935,42.59457419434617
