VIX_Current,VIX_Momentum,VIX_Volatility,GVZ_Current,GVZ_Momentum,GVZ_Volatility,DXY_Current,DXY_Momentum,DXY_Volatility,GOLD_Current,GOLD_Momentum,GOLD_Volatility,Composite_Score
15.789999961853027,2.399480439224538,17.393708029076222,16.299999237060547,-0.911863336911496,25.190458281202066,97.6240005493164,-0.13911782318144966,1.500820419104614,3701.60009765625,0.54051516278617,3.268384779838937,45.61443145492079
