VIX_Current,VIX_Momentum,GVZ_Current,GVZ_Momentum,DXY_Current,DXY_Momentum
16.010000228881836,4.299673166189954,18.170000076293945,4.605637296537136,96.89700317382812,-0.6592144101537118
