VIX_Current,VIX_Momentum,GVZ_Current,GVZ_Momentum,DXY_Current,DXY_Momentum,Composite_Score
15.420000076293945,4.826648785219255,16.899999618530273,2.548544223059799,96.78399658203125,-0.7872940513249024,15.038351695555049
