VIX_Current,VIX_Momentum,GVZ_Current,GVZ_Momentum,DXY_Current,DXY_Momentum
14.760000228881836,-2.316343055909616,16.3799991607666,-14.19591917317986,97.55000305175781,0.1026229929681172
