VIX_Current,VIX_Momentum,VIX_Volatility,GVZ_Current,GVZ_Momentum,GVZ_Volatility,DXY_Current,DXY_Momentum,DXY_Volatility,GOLD_Current,GOLD_Momentum,GOLD_Volatility,Composite_Score
15.859999656677246,-1.551837021742116,57.27367916731624,17.469999313354492,1.6288468330302175,91.0820033424312,97.48999786376953,0.033858143693805264,3.072162962438156,3763.199951171875,0.11705603614434745,8.789931152872313,51.49209220370344
