VIX_Current,VIX_Momentum,VIX_Volatility,GVZ_Current,GVZ_Momentum,GVZ_Volatility,DXY_Current,DXY_Momentum,DXY_Volatility,GOLD_Current,GOLD_Momentum,GOLD_Volatility,Composite_Score
15.579999923706055,0.0,18.134691509163893,16.450000762939453,-0.42372695450696546,34.338628956151375,97.60199737548828,0.08511180948849204,1.4320479544399813,3685.10009765625,-0.0244140625,3.2596813397415865,44.64508839889304
