VIX_Current,VIX_Momentum,VIX_Volatility,GVZ_Current,GVZ_Momentum,GVZ_Volatility,DXY_Current,DXY_Momentum,DXY_Volatility,GOLD_Current,GOLD_Momentum,GOLD_Volatility,Composite_Score
16.030000686645508,0.0,57.03269161483897,18.43000030517578,2.7313252872425493,87.15731990141921,97.2979965209961,-0.05444361633512251,2.948824091683819,3818.39990234375,0.8238263512392787,8.08158517602855,55.33131535628804
