VIX_Current,VIX_Momentum,VIX_Volatility,GVZ_Current,GVZ_Momentum,GVZ_Volatility,DXY_Current,DXY_Momentum,DXY_Volatility,GOLD_Current,GOLD_Momentum,GOLD_Volatility,Composite_Score
15.779999732971191,3.2047074711619548,66.94141087658177,18.59000015258789,-2.924279253773488,52.30110403748732,97.98200225830078,0.008168733483428295,2.642251512772612,3846.199951171875,-0.007800567480176784,8.172829627119514,50.858561223568856
