VIX_Current,VIX_Momentum,VIX_Volatility,GVZ_Current,GVZ_Momentum,GVZ_Volatility,DXY_Current,DXY_Momentum,DXY_Volatility,GOLD_Current,GOLD_Momentum,GOLD_Volatility,Composite_Score
16.799999237060547,1.5105740877629348,58.35584139661373,19.030000686645508,1.6017146382341025,72.5578915252704,98.49500274658203,0.0568877722833628,2.3711994917618977,3777.199951171875,0.35068945727616896,7.314946796614811,53.95884945449609
