VIX_Current,VIX_Momentum,VIX_Volatility,GVZ_Current,GVZ_Momentum,GVZ_Volatility,DXY_Current,DXY_Momentum,DXY_Volatility,GOLD_Current,GOLD_Momentum,GOLD_Volatility,Composite_Score
17.030000686645508,4.414477279454183,55.58644463567405,18.719999313354492,1.905271954988651,87.87706383025643,97.27999877929688,-0.07395697893460415,2.8030327816736147,3787.0,-0.642791551882461,7.981898711606732,51.31268969737882
