VIX_Current,VIX_Momentum,VIX_Volatility,GVZ_Current,GVZ_Momentum,GVZ_Volatility,DXY_Current,DXY_Momentum,DXY_Volatility,GOLD_Current,GOLD_Momentum,GOLD_Volatility,Composite_Score
16.1299991607666,3.3974279893379213,59.92491166810775,16.760000228881836,2.69608175419979,91.0821725316875,97.52300262451172,-0.2730323023989566,3.1954782579076335,3753.60009765625,0.7002038271294433,9.021073054971858,54.79293985002044
