VIX_Current,VIX_Momentum,GVZ_Current,GVZ_Momentum,DXY_Current,DXY_Momentum
16.139999389648438,5.146573215283988,18.100000381469727,4.202645405678321,96.73100280761719,-0.8294013741201147
