VIX_Current,VIX_Momentum,GVZ_Current,GVZ_Momentum,DXY_Current,DXY_Momentum
16.040000915527344,4.4951173740072,18.020000457763672,3.742081676024607,96.63400268554688,-0.9288478793075788
