VIX_Current,VIX_Momentum,VIX_Volatility,GVZ_Current,GVZ_Momentum,GVZ_Volatility,DXY_Current,DXY_Momentum,DXY_Volatility,GOLD_Current,GOLD_Momentum,GOLD_Volatility,Composite_Score
16.1299991607666,-0.3706076053845428,63.59812114481264,19.229999542236328,-1.6871162204306103,67.83337597120025,97.74199676513672,-0.05521785738330547,2.6486703996086494,3893.5,-0.10519544215722693,9.698299710200546,51.11713334712503
