VIX_Current,VIX_Momentum,VIX_Volatility,GVZ_Current,GVZ_Momentum,GVZ_Volatility,DXY_Current,DXY_Momentum,DXY_Volatility,GOLD_Current,GOLD_Momentum,GOLD_Volatility,Composite_Score
17.520000457763672,6.117505844215483,51.263197952056295,18.459999084472656,1.9326254131710896,78.69015167100784,98.28099822998047,0.4784585617492422,2.383654623587788,3763.60009765625,-0.6205275644692786,7.284644128747391,52.0189475324175
