VIX_Current,VIX_Momentum,VIX_Volatility,GVZ_Current,GVZ_Momentum,GVZ_Volatility,DXY_Current,DXY_Momentum,DXY_Volatility,GOLD_Current,GOLD_Momentum,GOLD_Volatility,Composite_Score
16.579999923706055,2.4088905298553067,56.52843094568352,18.09000015258789,-5.337521848173856,75.31534067349956,97.86499786376953,0.014307405403879732,2.7445481799288234,3870.60009765625,-0.7462075000637005,10.289248753082699,47.47778153624861
