VIX_Current,VIX_Momentum,VIX_Volatility,GVZ_Current,GVZ_Momentum,GVZ_Volatility,DXY_Current,DXY_Momentum,DXY_Volatility,GOLD_Current,GOLD_Momentum,GOLD_Volatility,Composite_Score
16.780000686645508,-2.157428222243156,65.79107578988216,19.959999084472656,1.1144848830058036,66.55041314673899,97.71600341796875,0.0809143864841484,2.5204214781777994,3911.39990234375,0.10749260914111448,10.028302590552704,53.50338212090339
