VIX_Current,VIX_Momentum,VIX_Volatility,GVZ_Current,GVZ_Momentum,GVZ_Volatility,DXY_Current,DXY_Momentum,DXY_Volatility,GOLD_Current,GOLD_Momentum,GOLD_Volatility,Composite_Score
15.289999961853027,-2.425016672563989,60.21131891865458,18.59000015258789,-2.924279253773488,52.30110403748732,97.93299865722656,-0.08162369344488415,2.702722933109157,3833.300048828125,0.4507206501852183,8.034068415355378,50.71771400599428
