VIX_Current,VIX_Momentum,VIX_Volatility,GVZ_Current,GVZ_Momentum,GVZ_Volatility,DXY_Current,DXY_Momentum,DXY_Volatility,GOLD_Current,GOLD_Momentum,GOLD_Volatility,Composite_Score
16.0,-0.6211203670828596,55.76239035842936,19.110000610351562,-2.3006077089846166,68.2968880371514,97.73699951171875,0.2009402659106912,2.6189018428924076,3917.0,0.32528112627222106,9.292267733519976,52.24834397789125
