VIX_Current,VIX_Momentum,VIX_Volatility,GVZ_Current,GVZ_Momentum,GVZ_Volatility,DXY_Current,DXY_Momentum,DXY_Volatility,GOLD_Current,GOLD_Momentum,GOLD_Volatility,Composite_Score
16.639999389648438,3.9350353014367303,56.95356727753289,18.06999969482422,-5.442181487759832,75.38846193302767,97.91699981689453,0.19339697615907814,2.7367475065769016,3865.0,-1.1534256548389492,10.284338086585567,46.52685623755676
