VIX_Current,VIX_Momentum,VIX_Volatility,GVZ_Current,GVZ_Momentum,GVZ_Volatility,DXY_Current,DXY_Momentum,DXY_Volatility,GOLD_Current,GOLD_Momentum,GOLD_Volatility,Composite_Score
16.329999923706055,-1.5672105273686707,63.07817225297123,19.770000457763672,3.0761217059453188,71.33019455505098,97.8479995727539,0.05009864096319824,2.7703429206102745,3865.0,0.5829360790734526,9.986974448698756,55.828046618028566
