VIX_Current,VIX_Momentum,VIX_Volatility,GVZ_Current,GVZ_Momentum,GVZ_Volatility,DXY_Current,DXY_Momentum,DXY_Volatility,GOLD_Current,GOLD_Momentum,GOLD_Volatility,Composite_Score
16.3700008392334,-1.6816743886603824,47.04542496363938,19.049999237060547,3.532606695685318,87.93289832023073,97.65499877929688,0.20830284965532206,2.128191543756136,3797.300048828125,-0.18662216638295684,7.488769863047727,52.198164618101075
