VIX_Current,VIX_Momentum,VIX_Volatility,GVZ_Current,GVZ_Momentum,GVZ_Volatility,DXY_Current,DXY_Momentum,DXY_Volatility,GOLD_Current,GOLD_Momentum,GOLD_Volatility,Composite_Score
16.110000610351562,1.0031398307195183,63.639381171535135,19.309999465942383,-2.4254746204096898,69.87127433063773,97.96399688720703,0.02449912722346133,2.6366690236762484,3857.39990234375,0.007772800288024026,8.138827215501133,51.103915444839366
