VIX_Current,VIX_Momentum,VIX_Volatility,GVZ_Current,GVZ_Momentum,GVZ_Volatility,DXY_Current,DXY_Momentum,DXY_Volatility,GOLD_Current,GOLD_Momentum,GOLD_Volatility,Composite_Score
16.040000915527344,1.198741510944992,64.09127435930418,19.719999313354492,6.0785322834400075,68.64009852858894,97.92400360107422,0.12474350781458672,2.6617232498245555,3858.5,0.390269285807207,8.236734889973677,56.93668919818071
