VIX_Current,VIX_Momentum,VIX_Volatility,GVZ_Current,GVZ_Momentum,GVZ_Volatility,DXY_Current,DXY_Momentum,DXY_Volatility,GOLD_Current,GOLD_Momentum,GOLD_Volatility,Composite_Score
15.90999984741211,-1.486066729331633,57.6175719722249,17.489999771118164,7.169118248605135,93.25516474905561,97.52100372314453,0.040008887733354856,3.0929000571160614,3754.300048828125,-0.20467706464314195,8.837869230188561,53.20809821492179
