VIX_Current,VIX_Momentum,VIX_Volatility,GVZ_Current,GVZ_Momentum,GVZ_Volatility,DXY_Current,DXY_Momentum,DXY_Volatility,GOLD_Current,GOLD_Momentum,GOLD_Volatility,Composite_Score
16.260000228881836,3.435114202800781,60.862743663576936,16.760000228881836,2.69608175419979,91.0821725316875,97.63700103759766,-0.15645758921901573,3.113269943921302,3749.5,0.5902079141515761,9.112961638499923,54.539171429776836
