VIX_Current,VIX_Momentum,VIX_Volatility,GVZ_Current,GVZ_Momentum,GVZ_Volatility,DXY_Current,DXY_Momentum,DXY_Volatility,GOLD_Current,GOLD_Momentum,GOLD_Volatility,Composite_Score
15.350000381469727,-1.222648525416372,17.680337740103884,16.450000762939453,-0.42372695450696546,34.338628956151375,97.59300231933594,0.022550936262640525,1.5549134489344834,3687.60009765625,-0.0975252915920235,3.2361200988865533,43.976164197467696
