VIX_Current,VIX_Momentum,VIX_Volatility,GVZ_Current,GVZ_Momentum,GVZ_Volatility,DXY_Current,DXY_Momentum,DXY_Volatility,GOLD_Current,GOLD_Momentum,GOLD_Volatility,Composite_Score
16.790000915527344,5.003134182992152,57.45496278679752,18.450000762939453,-5.674840149845838,77.41243307799127,98.02300262451172,0.4272276344687978,2.7055093266754335,3860.300048828125,-1.3013883968908149,10.155382296123808,46.50076215604759
