VIX_Current,VIX_Momentum,VIX_Volatility,GVZ_Current,GVZ_Momentum,GVZ_Volatility,DXY_Current,DXY_Momentum,DXY_Volatility,GOLD_Current,GOLD_Momentum,GOLD_Volatility,Composite_Score
16.469999313354492,-0.6035026150360312,63.69673235306668,19.190000534057617,-3.2274301165444843,70.93684761721833,97.88300323486328,0.11967800249485247,2.667245146565583,3846.699951171875,0.5331495722610109,9.290503687504296,52.291805785290634
