VIX_Current,VIX_Momentum,GVZ_Current,GVZ_Momentum,DXY_Current,DXY_Momentum,Composite_Score
16.639999389648438,13.120321866053427,18.3700008392334,5.757052111024156,96.7969970703125,-0.7719179476045579,18.1550395879748
