VIX_Current,VIX_Momentum,VIX_Volatility,GVZ_Current,GVZ_Momentum,GVZ_Volatility,DXY_Current,DXY_Momentum,DXY_Volatility,GOLD_Current,GOLD_Momentum,GOLD_Volatility,Composite_Score
16.450000762939453,-0.06074314756575486,50.69404679166853,18.270000457763672,0.3846136917024679,73.43008748256369,97.82099914550781,-0.006137705625811619,1.9234014516113556,3786.5,0.4696442088345505,7.1695150926959705,52.6292530353968
