VIX_Current,VIX_Momentum,VIX_Volatility,GVZ_Current,GVZ_Momentum,GVZ_Volatility,DXY_Current,DXY_Momentum,DXY_Volatility,GOLD_Current,GOLD_Momentum,GOLD_Volatility,Composite_Score
15.920000076293945,-0.12546740662382472,64.45596857775526,19.93000030517578,5.116040440621699,70.4122303083357,97.89399719238281,-0.023491962125814534,2.6842213973436357,3857.699951171875,-0.012959411288368606,8.1972253945065,54.76552388737245
