VIX_Current,VIX_Momentum,VIX_Volatility,GVZ_Current,GVZ_Momentum,GVZ_Volatility,DXY_Current,DXY_Momentum,DXY_Volatility,GOLD_Current,GOLD_Momentum,GOLD_Volatility,Composite_Score
16.510000228881836,3.316650199173514,66.21719504767334,19.190000534057617,-3.2274301165444843,69.13513873304574,97.70800018310547,-0.1716450085015726,2.7008343005989404,3848.0,-1.2700449005772931,9.131858829767694,47.06215317142504
