VIX_Current,VIX_Momentum,GVZ_Current,GVZ_Momentum,DXY_Current,DXY_Momentum
14.760000228881836,-2.316343055909616,16.3799991607666,-14.19591917317986,97.6240005493164,-0.15954002038042417
