VIX_Current,VIX_Momentum,GVZ_Current,GVZ_Momentum,DXY_Current,DXY_Momentum
16.049999237060547,4.560253017555932,18.1299991607666,4.375349941357543,96.5790023803711,-0.9852353148822548
