VIX_Current,VIX_Momentum,VIX_Volatility,GVZ_Current,GVZ_Momentum,GVZ_Volatility,DXY_Current,DXY_Momentum,DXY_Volatility,GOLD_Current,GOLD_Momentum,GOLD_Volatility,Composite_Score
16.760000228881836,-0.6520486359179168,56.15588581344152,19.06999969482422,1.8152704799655066,72.36771325215082,98.33200073242188,-0.02745089613330199,2.409836904867241,3782.10009765625,0.13237668768965322,7.249820000485192,52.74225731882967
