VIX_Current,VIX_Momentum,VIX_Volatility,GVZ_Current,GVZ_Momentum,GVZ_Volatility,DXY_Current,DXY_Momentum,DXY_Volatility,GOLD_Current,GOLD_Momentum,GOLD_Volatility,Composite_Score
16.18000030517578,0.49689392428916024,56.06578534262536,18.6200008392334,-4.659497262764367,73.6986749238455,97.84300231933594,0.3096153945429661,2.67187812565214,3902.39990234375,-0.04866804447945359,9.327369949751215,49.92559333038572
