VIX_Current,VIX_Momentum,VIX_Volatility,GVZ_Current,GVZ_Momentum,GVZ_Volatility,DXY_Current,DXY_Momentum,DXY_Volatility,GOLD_Current,GOLD_Momentum,GOLD_Volatility,Composite_Score
16.450000762939453,-1.6148239324351377,47.31403174016334,19.049999237060547,3.532606695685318,87.93289832023073,97.60199737548828,0.24135550870323952,2.129380045627575,3800.300048828125,-0.20220460010175945,7.515430846235886,52.206742026209234
