VIX_Current,VIX_Momentum,VIX_Volatility,GVZ_Current,GVZ_Momentum,GVZ_Volatility,DXY_Current,DXY_Momentum,DXY_Volatility,GOLD_Current,GOLD_Momentum,GOLD_Volatility,Composite_Score
16.18000030517578,-4.935370916542629,51.04804987532137,18.270000457763672,0.3846136917024679,73.43008748256369,97.8010025024414,-0.004087523870866384,1.8684655486624568,3770.89990234375,0.1407426319857665,7.173997406637037,50.15652331000874
