VIX_Current,VIX_Momentum,VIX_Volatility,GVZ_Current,GVZ_Momentum,GVZ_Volatility,DXY_Current,DXY_Momentum,DXY_Volatility,GOLD_Current,GOLD_Momentum,GOLD_Volatility,Composite_Score
15.8100004196167,1.6066837612987575,17.935677906685516,16.239999771118164,-1.0962259703984605,11.074153012379085,97.56900024414062,0.006146493941324287,1.5451066931613304,3701.10009765625,0.3416049249356107,3.3558901981613563,43.02048951170339
