VIX_Current,VIX_Momentum,VIX_Volatility,GVZ_Current,GVZ_Momentum,GVZ_Volatility,DXY_Current,DXY_Momentum,DXY_Volatility,GOLD_Current,GOLD_Momentum,GOLD_Volatility,Composite_Score
16.190000534057617,0.0,61.90791211528644,19.600000381469727,-0.7092167744260682,68.12025843231544,97.81600189208984,0.11463144701352673,2.8596245005077714,3871.800048828125,-0.2550403809743524,9.734869077904111,51.436651673457035
