VIX_Current,VIX_Momentum,VIX_Volatility,GVZ_Current,GVZ_Momentum,GVZ_Volatility,DXY_Current,DXY_Momentum,DXY_Volatility,GOLD_Current,GOLD_Momentum,GOLD_Volatility,Composite_Score
16.389999389648438,-1.086302404893863,63.71151183652817,19.530000686645508,-1.2139593604506784,70.70159527356512,97.83499908447266,0.07057693365698003,2.6509990018551624,3854.0,0.7239356772440944,9.310521116813549,53.96503946171827
