VIX_Current,VIX_Momentum,VIX_Volatility,GVZ_Current,GVZ_Momentum,GVZ_Volatility,DXY_Current,DXY_Momentum,DXY_Volatility,GOLD_Current,GOLD_Momentum,GOLD_Volatility,Composite_Score
16.739999771118164,0.5405414693687249,55.13436945572033,18.309999465942383,1.3281669904339128,77.28528140801414,98.38600158691406,0.5889009740290131,2.4085264680407388,3762.10009765625,-0.688977716383504,7.242043783473918,49.893907357090704
