VIX_Current,VIX_Momentum,VIX_Volatility,GVZ_Current,GVZ_Momentum,GVZ_Volatility,DXY_Current,DXY_Momentum,DXY_Volatility,GOLD_Current,GOLD_Momentum,GOLD_Volatility,Composite_Score
15.529999732971191,-1.082803046874065,18.723113007272076,16.450000762939453,-0.42372695450696546,34.338628956151375,97.55500030517578,0.044096385183958836,1.4557128298316013,3688.5,0.23915126083371135,3.306123092731862,45.311966383018394
