VIX_Current,VIX_Momentum,VIX_Volatility,GVZ_Current,GVZ_Momentum,GVZ_Volatility,DXY_Current,DXY_Momentum,DXY_Volatility,GOLD_Current,GOLD_Momentum,GOLD_Volatility,Composite_Score
16.110000610351562,1.6403799534655081,58.51127209315927,18.43000030517578,2.7313252872425493,87.15731990141921,97.35299682617188,0.05138117184669326,2.9543107694802053,3786.89990234375,0.16663504535709844,7.453237573395262,53.35518003546458
