VIX_Current,VIX_Momentum,VIX_Volatility,GVZ_Current,GVZ_Momentum,GVZ_Volatility,DXY_Current,DXY_Momentum,DXY_Volatility,GOLD_Current,GOLD_Momentum,GOLD_Volatility,Composite_Score
15.789999961853027,0.7015284090328526,17.016526120303833,16.290000915527344,-0.9726434042032165,25.188628649747237,97.61199951171875,0.03279122777581184,1.4795290950863649,3706.10009765625,0.2705554431910852,3.2265375520565622,44.30084834496809
