VIX_Current,VIX_Momentum,VIX_Volatility,GVZ_Current,GVZ_Momentum,GVZ_Volatility,DXY_Current,DXY_Momentum,DXY_Volatility,GOLD_Current,GOLD_Momentum,GOLD_Volatility,Composite_Score
15.5,0.45365971121036414,20.002627887718983,16.450000762939453,-0.42372695450696546,34.338628956151375,97.5479965209961,0.15400099842152892,1.5051355068958692,3686.39990234375,-0.13815786689015305,3.408985942598972,44.66233496204977
