VIX_Current,VIX_Momentum,VIX_Volatility,GVZ_Current,GVZ_Momentum,GVZ_Volatility,DXY_Current,DXY_Momentum,DXY_Volatility,GOLD_Current,GOLD_Momentum,GOLD_Volatility,Composite_Score
16.170000076293945,3.6538441082430104,60.22915601706607,16.760000228881836,2.69608175419979,91.0821725316875,97.53299713134766,-0.20566438080431432,3.149824065387783,3756.10009765625,0.6322866083389149,9.087632031471491,54.69503873004637
