VIX_Current,VIX_Momentum,VIX_Volatility,GVZ_Current,GVZ_Momentum,GVZ_Volatility,DXY_Current,DXY_Momentum,DXY_Volatility,GOLD_Current,GOLD_Momentum,GOLD_Volatility,Composite_Score
16.940000534057617,-2.0809174501680343,56.90219408798649,19.06999969482422,1.8152704799655066,72.36771325215082,98.427001953125,0.03252737552773632,2.3946197483836253,3771.800048828125,0.09022785724679284,7.279453564553581,52.295173807016965
