VIX_Current,VIX_Momentum,GVZ_Current,GVZ_Momentum,DXY_Current,DXY_Momentum
15.079999923706055,0.26595719384628963,16.3799991607666,-14.19591917317986,97.56999969482422,-0.21476691255299923
