VIX_Current,VIX_Momentum,VIX_Volatility,GVZ_Current,GVZ_Momentum,GVZ_Volatility,DXY_Current,DXY_Momentum,DXY_Volatility,GOLD_Current,GOLD_Momentum,GOLD_Volatility,Composite_Score
16.15999984741211,-0.858892001234745,61.746120409254054,19.889999389648438,0.556110713773612,67.72849571887971,97.77999877929688,-0.06132211860121939,2.820662053684539,3881.60009765625,0.3957284389441642,9.761258695042493,54.11212801483003
