VIX_Current,VIX_Momentum,VIX_Volatility,GVZ_Current,GVZ_Momentum,GVZ_Volatility,DXY_Current,DXY_Momentum,DXY_Volatility,GOLD_Current,GOLD_Momentum,GOLD_Volatility,Composite_Score
16.68000030517578,0.18018430830544385,55.84827803439582,18.350000381469727,1.3252333684681474,78.57158509790523,98.30599975585938,0.5071078720439508,2.3723524567778216,3763.800048828125,-0.6441028102595778,7.237134411032972,49.89752673827099
