VIX_Current,VIX_Momentum,VIX_Volatility,GVZ_Current,GVZ_Momentum,GVZ_Volatility,DXY_Current,DXY_Momentum,DXY_Volatility,GOLD_Current,GOLD_Momentum,GOLD_Volatility,Composite_Score
16.1299991607666,-0.12384184666310236,56.15293898397194,18.43000030517578,2.7313252872425493,87.15731990141921,97.35700225830078,-0.0277257316412411,2.915933043118039,3815.199951171875,0.728689745591243,7.994482916363477,54.99744082177884
