VIX_Current,VIX_Momentum,VIX_Volatility,GVZ_Current,GVZ_Momentum,GVZ_Volatility,DXY_Current,DXY_Momentum,DXY_Volatility,GOLD_Current,GOLD_Momentum,GOLD_Volatility,Composite_Score
16.280000686645508,0.5558996270479699,63.272486638049585,19.110000610351562,-2.3006077089846166,68.2968880371514,97.74400329589844,-0.05316610597163419,2.648867319642351,3891.60009765625,-0.15394088284244425,9.706207613623475,50.85067292156715
