VIX_Current,VIX_Momentum,GVZ_Current,GVZ_Momentum,DXY_Current,DXY_Momentum,Composite_Score
16.420000076293945,11.624745300560736,18.3700008392334,5.757052111024156,96.79299926757812,-0.7760161563275796,17.703740886354687
