VIX_Current,VIX_Momentum,VIX_Volatility,GVZ_Current,GVZ_Momentum,GVZ_Volatility,DXY_Current,DXY_Momentum,DXY_Volatility,GOLD_Current,GOLD_Momentum,GOLD_Volatility,Composite_Score
15.289999961853027,-2.425016672563989,60.21131891865458,18.59000015258789,-2.924279253773488,52.30110403748732,98.18099975585938,-0.050903533842306545,2.393136378110493,3790.5,-0.35751156139737694,7.4010587391200495,47.70876704995766
