VIX_Current,VIX_Momentum,VIX_Volatility,GVZ_Current,GVZ_Momentum,GVZ_Volatility,DXY_Current,DXY_Momentum,DXY_Volatility,GOLD_Current,GOLD_Momentum,GOLD_Volatility,Composite_Score
16.549999237060547,2.286767150223153,49.8575374374821,18.270000457763672,0.3846136917024679,73.43008748256369,97.78900146484375,-0.005109979634195672,1.9158260656080468,3787.699951171875,0.42421189933278675,7.123764008509542,53.07779061421976
