VIX_Current,VIX_Momentum,VIX_Volatility,GVZ_Current,GVZ_Momentum,GVZ_Volatility,DXY_Current,DXY_Momentum,DXY_Volatility,GOLD_Current,GOLD_Momentum,GOLD_Volatility,Composite_Score
15.789999961853027,-2.350031618107521,61.15868536896196,19.0,-2.5141086550667118,52.22810810989175,98.18299865722656,-0.055986793050244205,2.4074062628525863,3812.5,0.10239726523532719,7.295157017735569,49.884784024324844
