VIX_Current,VIX_Momentum,VIX_Volatility,GVZ_Current,GVZ_Momentum,GVZ_Volatility,DXY_Current,DXY_Momentum,DXY_Volatility,GOLD_Current,GOLD_Momentum,GOLD_Volatility,Composite_Score
16.110000610351562,1.6403799534655081,55.44143546443097,18.43000030517578,2.7313252872425493,87.15731990141921,97.3010025024414,-0.041093592754109357,3.004019684461696,3778.699951171875,-0.0714008367695134,8.61887419342295,52.70290351911926
