VIX_Current,VIX_Momentum,GVZ_Current,GVZ_Momentum,DXY_Current,DXY_Momentum
15.710000038146973,4.454787752615106,17.829999923706055,-0.8893821536839553,97.3219985961914,-0.46839863860014885
