VIX_Current,VIX_Momentum,GVZ_Current,GVZ_Momentum,DXY_Current,DXY_Momentum,Composite_Score
15.720000267028809,6.504065198240845,17.40999984741211,5.6432058920408235,97.21900177001953,-0.08324900225870845,16.03112459009484
