VIX_Current,VIX_Momentum,VIX_Volatility,GVZ_Current,GVZ_Momentum,GVZ_Volatility,DXY_Current,DXY_Momentum,DXY_Volatility,GOLD_Current,GOLD_Momentum,GOLD_Volatility,Composite_Score
16.790000915527344,3.8985214979202114,55.92982094205138,18.510000228881836,0.8169913591707729,89.06221004486207,97.26799774169922,-0.07499992162198597,2.8192092276334244,3811.0,0.12085166493981726,7.542047807322466,53.051242521204806
