VIX_Current,VIX_Momentum,VIX_Volatility,GVZ_Current,GVZ_Momentum,GVZ_Volatility,DXY_Current,DXY_Momentum,DXY_Volatility,GOLD_Current,GOLD_Momentum,GOLD_Volatility,Composite_Score
16.809999465942383,3.2555206200429296,66.30864476478868,19.959999084472656,1.1144848830058036,66.55041314673899,97.8550033569336,0.30957730544332535,2.5715359177831916,3914.199951171875,0.6971740586759012,10.003077599370853,56.99627962147437
