VIX_Current,VIX_Momentum,VIX_Volatility,GVZ_Current,GVZ_Momentum,GVZ_Volatility,DXY_Current,DXY_Momentum,DXY_Volatility,GOLD_Current,GOLD_Momentum,GOLD_Volatility,Composite_Score
16.280000686645508,0.5558996270479699,63.272486638049585,19.110000610351562,-2.3006077089846166,68.2968880371514,97.74199676513672,-0.04806747078190585,2.633632814729311,3892.60009765625,-0.12828406903537018,9.701456828425608,50.93975407797009
