VIX_Current,VIX_Momentum,VIX_Volatility,GVZ_Current,GVZ_Momentum,GVZ_Volatility,DXY_Current,DXY_Momentum,DXY_Volatility,GOLD_Current,GOLD_Momentum,GOLD_Volatility,Composite_Score
16.229999542236328,-3.964497582350908,56.309593013370915,18.860000610351562,0.6940793982513492,49.79146567497564,98.32499694824219,-0.07723908046262193,2.432844128364777,3791.699951171875,0.26973294121049846,7.190885652705678,51.58730590293168
