VIX_Current,VIX_Momentum,VIX_Volatility,GVZ_Current,GVZ_Momentum,GVZ_Volatility,DXY_Current,DXY_Momentum,DXY_Volatility,GOLD_Current,GOLD_Momentum,GOLD_Volatility,Composite_Score
16.579999923706055,-0.18061821519025717,55.763800698789204,18.309999465942383,-0.8125656878089625,73.56099648122495,97.82099914550781,-0.21218229761604473,2.723844111352116,3882.800048828125,0.8048185162007946,10.219557134274378,54.29233503065476
