VIX_Current,VIX_Momentum,VIX_Volatility,GVZ_Current,GVZ_Momentum,GVZ_Volatility,DXY_Current,DXY_Momentum,DXY_Volatility,GOLD_Current,GOLD_Momentum,GOLD_Volatility,Composite_Score
15.949999809265137,-0.9316805506242894,55.78416444637647,19.110000610351562,-2.3006077089846166,72.5173555399447,97.71099853515625,0.17428380712425148,2.6186937296079833,3917.5,0.3380875190634225,9.296244006370666,52.18432395578175
