VIX_Current,VIX_Momentum,VIX_Volatility,GVZ_Current,GVZ_Momentum,GVZ_Volatility,DXY_Current,DXY_Momentum,DXY_Volatility,GOLD_Current,GOLD_Momentum,GOLD_Volatility,Composite_Score
15.890000343322754,-1.9740824134680237,58.17424668936886,17.479999542236328,7.107842335193154,93.0829945394569,97.45999908447266,-0.022571524300272965,3.083094315080571,3757.10009765625,-0.1302472712320574,8.83220957466578,53.258248315100765
