VIX_Current,VIX_Momentum,VIX_Volatility,GVZ_Current,GVZ_Momentum,GVZ_Volatility,DXY_Current,DXY_Momentum,DXY_Volatility,GOLD_Current,GOLD_Momentum,GOLD_Volatility,Composite_Score
15.100000381469727,1.4784964068333584,26.333068613014916,17.399999618530273,-5.383359456093435,44.39231088820911,97.35099792480469,0.45713543419599784,1.4653270932958649,3684.800048828125,-0.5827718024157696,4.182003221948198,44.63500145938513
