VIX_Current,VIX_Momentum,VIX_Volatility,GVZ_Current,GVZ_Momentum,GVZ_Volatility,DXY_Current,DXY_Momentum,DXY_Volatility,GOLD_Current,GOLD_Momentum,GOLD_Volatility,Composite_Score
16.260000228881836,4.9709520280263275,59.64407980903999,16.760000228881836,2.69608175419979,91.0821725316875,97.552001953125,-0.18621892522913983,3.1475674625326953,3759.699951171875,0.7287327842431347,9.104870737092991,55.40384784261174
