VIX_Current,VIX_Momentum,VIX_Volatility,GVZ_Current,GVZ_Momentum,GVZ_Volatility,DXY_Current,DXY_Momentum,DXY_Volatility,GOLD_Current,GOLD_Momentum,GOLD_Volatility,Composite_Score
15.510000228881836,0.518470007283278,19.957703414772077,16.450000762939453,-0.42372695450696546,34.338628956151375,97.56099700927734,0.15604352018767517,1.4788598228877698,3688.10009765625,0.06783155887123517,3.350179745611544,45.35868529282509
