VIX_Current,VIX_Momentum,VIX_Volatility,GVZ_Current,GVZ_Momentum,GVZ_Volatility,DXY_Current,DXY_Momentum,DXY_Volatility,GOLD_Current,GOLD_Momentum,GOLD_Volatility,Composite_Score
16.149999618530273,-0.12368866833212684,58.29509651371827,19.110000610351562,-2.3006077089846166,68.2968880371514,97.5979995727539,-0.13404077509449017,2.6114740822207123,3891.39990234375,0.05656564844942264,9.539855593564377,51.23252216617406
