VIX_Current,VIX_Momentum,VIX_Volatility,GVZ_Current,GVZ_Momentum,GVZ_Volatility,DXY_Current,DXY_Momentum,DXY_Volatility,GOLD_Current,GOLD_Momentum,GOLD_Volatility,Composite_Score
16.6200008392334,0.06020607173008572,55.83576572657045,18.110000610351562,-0.984145960446451,72.89874061943586,97.86399841308594,-0.16831847377552728,2.7238291524589995,3880.199951171875,0.7373150730498176,10.202782958259254,53.96806420216427
