VIX_Current,VIX_Momentum,VIX_Volatility,GVZ_Current,GVZ_Momentum,GVZ_Volatility,DXY_Current,DXY_Momentum,DXY_Volatility,GOLD_Current,GOLD_Momentum,GOLD_Volatility,Composite_Score
15.75,-0.5681827760158618,16.80838510965018,17.18000030517578,6.3118840804136305,35.33176508546405,97.62699890136719,0.05431918868540761,1.4597456236709723,3716.300048828125,0.41882835590937,3.258305518239673,49.86537139762948
