VIX_Current,VIX_Momentum,VIX_Volatility,GVZ_Current,GVZ_Momentum,GVZ_Volatility,DXY_Current,DXY_Momentum,DXY_Volatility,GOLD_Current,GOLD_Momentum,GOLD_Volatility,Composite_Score
16.459999084472656,-2.6611517859257745,57.44464833066024,18.90999984741211,-0.47368501362047694,55.81547886520127,98.24099731445312,-0.21127709615390128,2.4313726223885466,3807.39990234375,0.7595191876236266,7.318081939019594,53.06005531740171
