VIX_Current,VIX_Momentum,VIX_Volatility,GVZ_Current,GVZ_Momentum,GVZ_Volatility,DXY_Current,DXY_Momentum,DXY_Volatility,GOLD_Current,GOLD_Momentum,GOLD_Volatility,Composite_Score
16.579999923706055,-0.12048468255457401,50.599013579004726,18.06999969482422,0.11080586487010267,74.24224203071516,97.89299774169922,0.08076016578531696,2.1327149982905134,3759.0,-0.6816753459965047,7.606701714809609,48.61845279780781
