VIX_Current,VIX_Momentum,VIX_Volatility,GVZ_Current,GVZ_Momentum,GVZ_Volatility,DXY_Current,DXY_Momentum,DXY_Volatility,GOLD_Current,GOLD_Momentum,GOLD_Volatility,Composite_Score
16.84000015258789,-2.6589543627680237,56.64604556037642,19.06999969482422,1.8152704799655066,72.36771325215082,98.41799926757812,0.05998241870551689,2.3806860312610354,3777.699951171875,0.015881324299486226,7.25211805845718,51.91102968152306
