VIX_Current,VIX_Momentum,VIX_Volatility,GVZ_Current,GVZ_Momentum,GVZ_Volatility,DXY_Current,DXY_Momentum,DXY_Volatility,GOLD_Current,GOLD_Momentum,GOLD_Volatility,Composite_Score
15.979999542236328,-0.37407337821865067,55.15139994188677,18.43000030517578,2.7313252872425493,96.84890308336942,97.33100128173828,0.03288592840606359,2.8840242619155605,3817.300048828125,-0.028804042105435457,7.627476790944747,52.32799046081523
