VIX_Current,VIX_Momentum,VIX_Volatility,GVZ_Current,GVZ_Momentum,GVZ_Volatility,DXY_Current,DXY_Momentum,DXY_Volatility,GOLD_Current,GOLD_Momentum,GOLD_Volatility,Composite_Score
16.700000762939453,4.44028143830073,57.3604332168022,18.290000915527344,-5.429158370094667,76.3140394946699,98.02899932861328,0.3080002785453562,2.6941880031887897,3852.0,-1.4858979618213797,10.186301434426415,45.67004020913121
