VIX_Current,VIX_Momentum,VIX_Volatility,GVZ_Current,GVZ_Momentum,GVZ_Volatility,DXY_Current,DXY_Momentum,DXY_Volatility,GOLD_Current,GOLD_Momentum,GOLD_Volatility,Composite_Score
15.640000343322754,-1.2626250463290645,16.976287681546808,16.780000686645508,0.23895409841258228,36.113166305401556,97.62799835205078,0.05534348891828343,1.4597337814904086,3716.89990234375,0.43503710827941355,3.260945373783139,46.604775541939674
