VIX_Current,VIX_Momentum,VIX_Volatility,GVZ_Current,GVZ_Momentum,GVZ_Volatility,DXY_Current,DXY_Momentum,DXY_Volatility,GOLD_Current,GOLD_Momentum,GOLD_Volatility,Composite_Score
15.819999694824219,3.466316117027378,66.88374932044567,18.59000015258789,-2.924279253773488,52.30110403748732,97.97599792480469,0.002040236580227086,2.6422685357840208,3846.89990234375,0.01039652525022748,8.183670854831867,50.99572585801127
