VIX_Current,VIX_Momentum,GVZ_Current,GVZ_Momentum,DXY_Current,DXY_Momentum,Composite_Score
16.420000076293945,11.624745300560736,18.3700008392334,5.757052111024156,96.78199768066406,-0.7872940513249024,17.702626912259117
