VIX_Current,VIX_Momentum,VIX_Volatility,GVZ_Current,GVZ_Momentum,GVZ_Volatility,DXY_Current,DXY_Momentum,DXY_Volatility,GOLD_Current,GOLD_Momentum,GOLD_Volatility,Composite_Score
16.920000076293945,1.0752706549395488,55.75668980420393,19.06999969482422,1.8152704799655066,72.36771325215082,98.40299987792969,0.02134139674168364,2.382928213923686,3781.300048828125,0.2571839781715657,7.21807118357268,53.65742254847083
