VIX_Current,VIX_Momentum,GVZ_Current,GVZ_Momentum,DXY_Current,DXY_Momentum,Composite_Score
16.540000915527344,12.440522587591357,18.450000762939453,11.95389123436709,96.427001953125,-1.1512056007184066,18.548310060977336
