VIX_Current,VIX_Momentum,GVZ_Current,GVZ_Momentum,DXY_Current,DXY_Momentum,Composite_Score
14.90999984741211,1.01625756235938,17.40999984741211,5.6432058920408235,97.05000305175781,-0.2569372992383308,14.358538183496561
