VIX_Current,VIX_Momentum,VIX_Volatility,GVZ_Current,GVZ_Momentum,GVZ_Volatility,DXY_Current,DXY_Momentum,DXY_Volatility,GOLD_Current,GOLD_Momentum,GOLD_Volatility,Composite_Score
15.859999656677246,0.31625070040168324,55.79504390915707,18.510000228881836,6.013752574265343,89.76406552542203,97.3479995727539,-0.16409285063912257,3.0641843887270426,3780.800048828125,0.5478458040464027,8.626385854343056,56.027019951997325
