VIX_Current,VIX_Momentum,GVZ_Current,GVZ_Momentum,DXY_Current,DXY_Momentum,Composite_Score
16.3700008392334,11.2848456613297,18.100000381469727,9.830102452864297,96.73999786376953,-0.8303487059436697,17.94920448853578
