VIX_Current,VIX_Momentum,GVZ_Current,GVZ_Momentum,DXY_Current,DXY_Momentum
16.010000228881836,4.299673166189954,18.049999237060547,3.9147862117038286,96.64600372314453,-0.9165441705880665
