VIX_Current,VIX_Momentum,VIX_Volatility,GVZ_Current,GVZ_Momentum,GVZ_Volatility,DXY_Current,DXY_Momentum,DXY_Volatility,GOLD_Current,GOLD_Momentum,GOLD_Volatility,Composite_Score
16.270000457763672,-1.513317149349781,63.353683038083666,19.760000228881836,3.0239828700604345,71.33518760791453,97.71900177001953,-0.0766887019910587,2.6921507062867005,3875.60009765625,0.9428607655691635,9.601456458453328,56.86242125100088
