VIX_Current,VIX_Momentum,VIX_Volatility,GVZ_Current,GVZ_Momentum,GVZ_Volatility,DXY_Current,DXY_Momentum,DXY_Volatility,GOLD_Current,GOLD_Momentum,GOLD_Volatility,Composite_Score
15.630000114440918,-4.753197685703812,60.26509457004441,18.799999237060547,-1.0526355944181742,52.16041129795547,98.16400146484375,-0.08143177025648289,2.4004637931263373,3804.0,-0.1679588103026526,7.299003839264888,48.91318227528668
