VIX_Current,VIX_Momentum,VIX_Volatility,GVZ_Current,GVZ_Momentum,GVZ_Volatility,DXY_Current,DXY_Momentum,DXY_Volatility,GOLD_Current,GOLD_Momentum,GOLD_Volatility,Composite_Score
16.190000534057617,0.9981275144011955,55.09927827318296,18.3700008392334,-0.7563446132755378,93.39409705146403,97.34600067138672,0.020553884060886218,2.869154445399145,3805.800048828125,-0.27774483248244913,7.9775421928551875,50.127522216974114
