VIX_Current,VIX_Momentum,VIX_Volatility,GVZ_Current,GVZ_Momentum,GVZ_Volatility,DXY_Current,DXY_Momentum,DXY_Volatility,GOLD_Current,GOLD_Momentum,GOLD_Volatility,Composite_Score
15.84000015258789,-0.3146645038045843,65.32546533525667,18.59000015258789,-2.924279253773488,53.28721361640159,97.83699798583984,-0.13677790838979523,2.678818824202012,3854.39990234375,0.4403883346905537,8.328516667795403,51.457188668814766
