VIX_Current,VIX_Momentum,VIX_Volatility,GVZ_Current,GVZ_Momentum,GVZ_Volatility,DXY_Current,DXY_Momentum,DXY_Volatility,GOLD_Current,GOLD_Momentum,GOLD_Volatility,Composite_Score
16.440000534057617,-3.008850772425524,56.41275950745496,19.06999969482422,1.8152704799655066,72.36771325215082,98.34200286865234,-0.023377213049945254,2.428141038586596,3783.5,0.02379057580809538,7.171961368779424,51.71011900465497
