VIX_Current,VIX_Momentum,GVZ_Current,GVZ_Momentum,DXY_Current,DXY_Momentum
15.510000228881836,3.125001783383658,17.899999618530273,-0.5002787867311723,97.04000091552734,-0.5126102063839588
