VIX_Current,VIX_Momentum,GVZ_Current,GVZ_Momentum,DXY_Current,DXY_Momentum,Composite_Score
16.3700008392334,11.2848456613297,18.3700008392334,5.757052111024156,96.83000183105469,-0.7380842626125893,17.605012966435314
