VIX_Current,VIX_Momentum,VIX_Volatility,GVZ_Current,GVZ_Momentum,GVZ_Volatility,DXY_Current,DXY_Momentum,DXY_Volatility,GOLD_Current,GOLD_Momentum,GOLD_Volatility,Composite_Score
16.649999618530273,1.9595817288380952,56.07197198719055,19.049999237060547,3.532606695685318,87.93289832023073,97.23400115966797,-0.06577253758181478,2.792586252180085,3796.300048828125,-0.41969414251426224,7.955999091465,52.358462953757204
