VIX_Current,VIX_Momentum,VIX_Volatility,GVZ_Current,GVZ_Momentum,GVZ_Volatility,DXY_Current,DXY_Momentum,DXY_Volatility,GOLD_Current,GOLD_Momentum,GOLD_Volatility,Composite_Score
16.56999969482422,-2.3570986135249568,57.51431129153799,18.850000381469727,-0.7894716764751234,56.904838795915445,98.23500061035156,-0.2649869853512778,2.4445170243390817,3808.800048828125,0.8980409378094282,7.3559286533171635,53.42582155429304
