VIX_Current,VIX_Momentum,VIX_Volatility,GVZ_Current,GVZ_Momentum,GVZ_Volatility,DXY_Current,DXY_Momentum,DXY_Volatility,GOLD_Current,GOLD_Momentum,GOLD_Volatility,Composite_Score
16.90999984741211,4.900738008995539,55.60235467165205,18.600000381469727,1.252038822693523,87.6556146039426,97.24500274658203,-0.09862305504958194,2.818781559165937,3804.39990234375,-0.05254308667800568,7.836787220650773,53.02465348542079
