VIX_Current,VIX_Momentum,VIX_Volatility,GVZ_Current,GVZ_Momentum,GVZ_Volatility,DXY_Current,DXY_Momentum,DXY_Volatility,GOLD_Current,GOLD_Momentum,GOLD_Volatility,Composite_Score
15.289999961853027,-2.425016672563989,60.21131891865458,18.59000015258789,-2.924279253773488,52.30110403748732,98.14099884033203,-0.0112087240873071,2.425413609099219,3798.300048828125,-0.2704418569558794,7.671113269521874,48.107237262810756
