VIX_Current,VIX_Momentum,VIX_Volatility,GVZ_Current,GVZ_Momentum,GVZ_Volatility,DXY_Current,DXY_Momentum,DXY_Volatility,GOLD_Current,GOLD_Momentum,GOLD_Volatility,Composite_Score
16.110000610351562,1.6403799534655081,55.162097954596646,18.43000030517578,2.7313252872425493,87.15731990141921,97.3290023803711,0.0010268891310918826,2.965670739439227,3777.89990234375,-0.11369173718043847,8.471578877887998,52.55014326342318
