VIX_Current,VIX_Momentum,VIX_Volatility,GVZ_Current,GVZ_Momentum,GVZ_Volatility,DXY_Current,DXY_Momentum,DXY_Volatility,GOLD_Current,GOLD_Momentum,GOLD_Volatility,Composite_Score
16.06999969482422,1.196470900592245,57.53264545542635,18.43000030517578,2.7313252872425493,87.15731990141921,97.28900146484375,-0.06368343548858581,2.949179977173838,3809.199951171875,0.5809041055039232,8.02024850247522,54.7656155644264
