VIX_Current,VIX_Momentum,VIX_Volatility,GVZ_Current,GVZ_Momentum,GVZ_Volatility,DXY_Current,DXY_Momentum,DXY_Volatility,GOLD_Current,GOLD_Momentum,GOLD_Volatility,Composite_Score
16.93000030517578,1.1350091795426944,55.29540305014569,19.06999969482422,1.8152704799655066,72.36771325215082,98.4469985961914,0.09149967549263105,2.3762310472601347,3779.800048828125,0.17226300362778482,7.184368483253803,53.422509406129336
