VIX_Current,VIX_Momentum,VIX_Volatility,GVZ_Current,GVZ_Momentum,GVZ_Volatility,DXY_Current,DXY_Momentum,DXY_Volatility,GOLD_Current,GOLD_Momentum,GOLD_Volatility,Composite_Score
16.280000686645508,1.6864488063941092,54.9014350429363,18.399999618530273,0.05437862541455534,91.77195103995513,97.34700012207031,0.03082583606456617,2.833373744323759,3812.10009765625,-0.14406956882091004,7.87668183791763,51.19879836096455
