VIX_Current,VIX_Momentum,VIX_Volatility,GVZ_Current,GVZ_Momentum,GVZ_Volatility,DXY_Current,DXY_Momentum,DXY_Volatility,GOLD_Current,GOLD_Momentum,GOLD_Volatility,Composite_Score
16.040000915527344,-0.6195692559023815,56.63940968058232,19.110000610351562,-2.3006077089846166,68.2968880371514,97.58899688720703,-0.024589015244329694,2.580811778304945,3909.800048828125,0.4057536935830765,9.375610296468826,52.351528991531445
