VIX_Current,VIX_Momentum,VIX_Volatility,GVZ_Current,GVZ_Momentum,GVZ_Volatility,DXY_Current,DXY_Momentum,DXY_Volatility,GOLD_Current,GOLD_Momentum,GOLD_Volatility,Composite_Score
15.449999809265137,-2.215192261041662,11.376758149576602,16.760000228881836,2.69608175419979,35.039201888486815,97.677001953125,-0.10227197979498319,0.5860008918264576,,,,
