VIX_Current,VIX_Momentum,VIX_Volatility,GVZ_Current,GVZ_Momentum,GVZ_Volatility,DXY_Current,DXY_Momentum,DXY_Volatility,GOLD_Current,GOLD_Momentum,GOLD_Volatility,Composite_Score
15.880000114440918,2.3855569316503904,17.585191994802013,16.3700008392334,-0.48632170210160824,25.932702324729984,97.58699798583984,-0.17696823507587525,1.500722289400774,3704.60009765625,0.6219992608872417,3.2607834546935583,46.254839429363145
