VIX_Current,VIX_Momentum,VIX_Volatility,GVZ_Current,GVZ_Momentum,GVZ_Volatility,DXY_Current,DXY_Momentum,DXY_Volatility,GOLD_Current,GOLD_Momentum,GOLD_Volatility,Composite_Score
14.859999656677246,0.20229085047557033,26.320218944058677,17.399999618530273,-5.383359456093435,30.504148089933835,97.03500366210938,0.05155751038112123,1.3211499362911805,3700.39990234375,0.00540379370070729,4.1505175020044165,45.97442432599869
