VIX_Current,VIX_Momentum,VIX_Volatility,GVZ_Current,GVZ_Momentum,GVZ_Volatility,DXY_Current,DXY_Momentum,DXY_Volatility,GOLD_Current,GOLD_Momentum,GOLD_Volatility,Composite_Score
15.9399995803833,0.9499659207894661,66.35944202028841,18.59000015258789,-2.924279253773488,52.30110403748732,98.03399658203125,0.1358470333726099,2.6322975924011964,3850.89990234375,0.3858034021724894,8.05417656902716,51.72183691839386
