VIX_Current,VIX_Momentum,VIX_Volatility,GVZ_Current,GVZ_Momentum,GVZ_Volatility,DXY_Current,DXY_Momentum,DXY_Volatility,GOLD_Current,GOLD_Momentum,GOLD_Volatility,Composite_Score
16.1299991607666,4.401290355315599,58.82729425033089,16.760000228881836,2.69608175419979,91.0821725316875,97.47200012207031,-0.2231572462767556,3.1499936755315003,3762.300048828125,0.3520831887131248,8.91962986224547,53.91132056949595
