VIX_Current,VIX_Momentum,VIX_Volatility,GVZ_Current,GVZ_Momentum,GVZ_Volatility,DXY_Current,DXY_Momentum,DXY_Volatility,GOLD_Current,GOLD_Momentum,GOLD_Volatility,Composite_Score
16.530000686645508,-1.7241320656381953,65.25970152540974,19.56999969482422,-0.5589461821432629,71.91975751264721,97.56099700927734,-0.19335344319453326,2.5424644323305117,3898.0,-0.4799849007801617,10.063461783218754,50.32705320174601
