VIX_Current,VIX_Momentum,VIX_Volatility,GVZ_Current,GVZ_Momentum,GVZ_Volatility,DXY_Current,DXY_Momentum,DXY_Volatility,GOLD_Current,GOLD_Momentum,GOLD_Volatility,Composite_Score
16.1299991607666,0.6238207725368461,65.79312164509565,19.190000534057617,-3.2274301165444843,69.13513873304574,97.81700134277344,-0.12150350242784984,2.7047352436487597,3884.60009765625,-0.22345956034119865,8.32852232495375,49.85786773597133
