VIX_Current,VIX_Momentum,GVZ_Current,GVZ_Momentum,DXY_Current,DXY_Momentum
15.720000267028809,4.521278636306597,17.6299991607666,-2.0011151469246893,97.37799835205078,-0.41112746191934907
