VIX_Current,VIX_Momentum,GVZ_Current,GVZ_Momentum,DXY_Current,DXY_Momentum,Composite_Score
16.40999984741211,11.55676277944651,18.100000381469727,9.830102452864297,96.69000244140625,-0.8815997780084801,18.02612109620613
