VIX_Current,VIX_Momentum,VIX_Volatility,GVZ_Current,GVZ_Momentum,GVZ_Volatility,DXY_Current,DXY_Momentum,DXY_Volatility,GOLD_Current,GOLD_Momentum,GOLD_Volatility,Composite_Score
16.209999084472656,4.648155739143165,59.63535202731328,16.760000228881836,2.69608175419979,91.0821725316875,97.48200225830078,-0.2129185975097357,3.149071904058212,3757.800048828125,0.23205438492596595,9.032184003888428,53.60041794194633
