VIX_Current,VIX_Momentum,VIX_Volatility,GVZ_Current,GVZ_Momentum,GVZ_Volatility,DXY_Current,DXY_Momentum,DXY_Volatility,GOLD_Current,GOLD_Momentum,GOLD_Volatility,Composite_Score
16.18000030517578,-4.935370916542629,51.071465776651934,18.270000457763672,0.3846136917024679,73.43008748256369,97.87999725341797,-0.016350483286150994,2.103946529898539,3767.60009765625,-0.01857471970929365,7.586033070210364,49.74423761854488
