VIX_Current,VIX_Momentum,VIX_Volatility,GVZ_Current,GVZ_Momentum,GVZ_Volatility,DXY_Current,DXY_Momentum,DXY_Volatility,GOLD_Current,GOLD_Momentum,GOLD_Volatility,Composite_Score
15.970000267028809,0.6935725897399434,63.33892639590369,19.190000534057617,-3.809524811115129,70.1396746627209,97.90899658203125,-0.031658013683989454,2.6529592427341835,3854.5,-0.06741068653701619,8.149963181208182,49.93750143590321
