VIX_Current,VIX_Momentum,VIX_Volatility,GVZ_Current,GVZ_Momentum,GVZ_Volatility,DXY_Current,DXY_Momentum,DXY_Volatility,GOLD_Current,GOLD_Momentum,GOLD_Volatility,Composite_Score
14.84000015258789,-10.060605135830967,147.52539352427672,17.399999618530273,-5.383359456093435,149.439195717264,96.9739990234375,-0.2089001776216784,6.631120545060111,3691.5,0.0867595133126903,21.293012477825695,48.15812179839526
