VIX_Current,VIX_Momentum,VIX_Volatility,GVZ_Current,GVZ_Momentum,GVZ_Volatility,DXY_Current,DXY_Momentum,DXY_Volatility,GOLD_Current,GOLD_Momentum,GOLD_Volatility,Composite_Score
16.5,1.0410292534487913,50.27572232867693,18.270000457763672,0.3846136917024679,73.43008748256369,97.81400299072266,0.02045552152803214,1.9123503897209424,3787.199951171875,0.41095527747863714,7.124213323870871,52.72571130705578
