VIX_Current,VIX_Momentum,VIX_Volatility,GVZ_Current,GVZ_Momentum,GVZ_Volatility,DXY_Current,DXY_Momentum,DXY_Volatility,GOLD_Current,GOLD_Momentum,GOLD_Volatility,Composite_Score
16.940000534057617,2.3565034137508434,58.31159922316452,19.290000915527344,4.1576697555689535,73.16953951662514,98.49800109863281,0.08332052930087193,2.3813268457410395,3785.10009765625,0.48316110818808616,7.278533382618504,56.102753861530985
