VIX_Current,VIX_Momentum,VIX_Volatility,GVZ_Current,GVZ_Momentum,GVZ_Volatility,DXY_Current,DXY_Momentum,DXY_Volatility,GOLD_Current,GOLD_Momentum,GOLD_Volatility,Composite_Score
16.530000686645508,-1.5485420768583074,47.68451041388143,19.049999237060547,3.532606695685318,87.93289832023073,97.46399688720703,0.09653295468177386,2.0792434204448877,3808.60009765625,0.2500592181253862,7.484932240058127,53.670991551414026
