VIX_Current,VIX_Momentum,VIX_Volatility,GVZ_Current,GVZ_Momentum,GVZ_Volatility,DXY_Current,DXY_Momentum,DXY_Volatility,GOLD_Current,GOLD_Momentum,GOLD_Volatility,Composite_Score
16.1299991607666,-0.49352207417880456,58.17649247901184,16.760000228881836,2.69608175419979,91.0821725316875,97.43199920654297,-0.11891306699277818,3.116848574738385,3757.39990234375,0.07456998387784984,8.938199790304346,51.778384376489306
