VIX_Current,VIX_Momentum,GVZ_Current,GVZ_Momentum,DXY_Current,DXY_Momentum
15.6899995803833,2.214978439505551,17.899999618530273,3.0512305911913,96.98799896240234,-0.5659236702315092
