VIX_Current,VIX_Momentum,GVZ_Current,GVZ_Momentum,DXY_Current,DXY_Momentum,Composite_Score
16.579999923706055,12.712439705708164,18.540000915527344,12.500008680288316,96.75399780273438,-0.8159971544040806,18.736010983274973
