VIX_Current,VIX_Momentum,GVZ_Current,GVZ_Momentum,DXY_Current,DXY_Momentum
16.290000915527344,6.123781828646536,18.360000610351562,5.699480272229258,96.69200134277344,-0.8693864720057775
