VIX_Current,VIX_Momentum,VIX_Volatility,GVZ_Current,GVZ_Momentum,GVZ_Volatility,DXY_Current,DXY_Momentum,DXY_Volatility,GOLD_Current,GOLD_Momentum,GOLD_Volatility,Composite_Score
16.15999984741211,2.798979471432692,58.903535190004895,16.760000228881836,2.69608175419979,91.0821725316875,97.6729965209961,-0.10636847704014732,3.1276832744574468,3743.699951171875,0.6533325123983715,9.088956102038946,54.56819727631894
