VIX_Current,VIX_Momentum,VIX_Volatility,GVZ_Current,GVZ_Momentum,GVZ_Volatility,DXY_Current,DXY_Momentum,DXY_Volatility,GOLD_Current,GOLD_Momentum,GOLD_Volatility,Composite_Score
15.729999542236328,5.7834543597571235,27.900530188177434,16.540000915527344,-3.218251797249177,41.22316332648351,97.40699768066406,0.16968071513983968,1.5217221456177152,3674.300048828125,-0.6113190541431,4.202876720935854,44.891359851349314
