VIX_Current,VIX_Momentum,GVZ_Current,GVZ_Momentum,DXY_Current,DXY_Momentum,Composite_Score
15.720000267028809,6.866079036455708,17.40999984741211,5.6432058920408235,96.99400329589844,-0.5699638528605419,16.08604238341241
