VIX_Current,VIX_Momentum,VIX_Volatility,GVZ_Current,GVZ_Momentum,GVZ_Volatility,DXY_Current,DXY_Momentum,DXY_Volatility,GOLD_Current,GOLD_Momentum,GOLD_Volatility,Composite_Score
16.489999771118164,2.2952786142805266,66.3216909326906,19.190000534057617,-3.2274301165444843,69.13513873304574,97.75700378417969,-0.18276551070460892,2.7164745085424347,3880.5,-0.32877118813325956,8.254025742934354,49.93561993536527
