VIX_Current,VIX_Momentum,GVZ_Current,GVZ_Momentum,DXY_Current,DXY_Momentum
16.100000381469727,4.8859933639180095,18.149999618530273,4.490493618947339,96.81300354003906,-0.7453325493792884
