VIX_Current,VIX_Momentum,VIX_Volatility,GVZ_Current,GVZ_Momentum,GVZ_Volatility,DXY_Current,DXY_Momentum,DXY_Volatility,GOLD_Current,GOLD_Momentum,GOLD_Volatility,Composite_Score
16.18000030517578,-4.935370916542629,51.071465776651934,18.270000457763672,0.3846136917024679,73.43008748256369,97.8030014038086,-0.06436955875708206,2.0659563583595597,3781.699951171875,0.510297705564784,7.505419487887948,51.51193205851113
