VIX_Current,VIX_Momentum,VIX_Volatility,GVZ_Current,GVZ_Momentum,GVZ_Volatility,DXY_Current,DXY_Momentum,DXY_Volatility,GOLD_Current,GOLD_Momentum,GOLD_Volatility,Composite_Score
16.0,3.1592505730961533,17.741132236774458,16.68000030517578,1.5834362221301461,22.53701777951745,97.64199829101562,-0.10435934834182596,1.529542830164837,3706.0,0.6928406466512702,3.321310768243535,47.57327433839356
