VIX_Current,VIX_Momentum,VIX_Volatility,GVZ_Current,GVZ_Momentum,GVZ_Volatility,DXY_Current,DXY_Momentum,DXY_Volatility,GOLD_Current,GOLD_Momentum,GOLD_Volatility,Composite_Score
16.06999969482422,0.2495259292910315,57.01234440306886,18.43000030517578,2.7313252872425493,87.15731990141921,97.24299621582031,-0.1109405258154591,2.9607439563749005,3819.10009765625,0.8423148208613628,8.09277260411054,55.431051397989044
