VIX_Current,VIX_Momentum,VIX_Volatility,GVZ_Current,GVZ_Momentum,GVZ_Volatility,DXY_Current,DXY_Momentum,DXY_Volatility,GOLD_Current,GOLD_Momentum,GOLD_Volatility,Composite_Score
16.34000015258789,-3.0267075212810863,66.00040950372238,19.579999923706055,-0.05104762023452502,72.7936790501946,97.62799835205078,-0.15647199425171798,2.573671339619987,3899.89990234375,-0.3780634279185195,9.999807274717623,50.58975766398651
