VIX_Current,VIX_Momentum,VIX_Volatility,GVZ_Current,GVZ_Momentum,GVZ_Volatility,DXY_Current,DXY_Momentum,DXY_Volatility,GOLD_Current,GOLD_Momentum,GOLD_Volatility,Composite_Score
15.289999961853027,-2.425016672563989,60.21131891865458,18.59000015258789,-2.924279253773488,52.30110403748732,97.947998046875,-0.20377855105404777,2.459740077117362,3826.300048828125,0.8008679698219824,8.052264957951497,51.75568632257828
