VIX_Current,VIX_Momentum,VIX_Volatility,GVZ_Current,GVZ_Momentum,GVZ_Volatility,DXY_Current,DXY_Momentum,DXY_Volatility,GOLD_Current,GOLD_Momentum,GOLD_Volatility,Composite_Score
16.260000228881836,-2.576394795783994,65.02801471778797,19.559999465942383,-1.460961762993536,71.40480417479186,97.81300354003906,0.2182428988197655,2.685046699452688,3897.5,0.0,9.902012152156061,51.44820275784186
