VIX_Current,VIX_Momentum,VIX_Volatility,GVZ_Current,GVZ_Momentum,GVZ_Volatility,DXY_Current,DXY_Momentum,DXY_Volatility,GOLD_Current,GOLD_Momentum,GOLD_Volatility,Composite_Score
16.040000915527344,-1.048724111947369,57.75199619420569,16.760000228881836,2.69608175419979,87.92785850602493,97.43099975585938,-0.050270413814807485,3.0998012842672216,3758.89990234375,0.02661060767947315,8.896210886783587,51.48755218654483
