VIX_Current,VIX_Momentum,VIX_Volatility,GVZ_Current,GVZ_Momentum,GVZ_Volatility,DXY_Current,DXY_Momentum,DXY_Volatility,GOLD_Current,GOLD_Momentum,GOLD_Volatility,Composite_Score
16.90999984741211,-0.2359935913088822,54.43991571201388,19.06999969482422,1.8152704799655066,72.36771325215082,98.40299987792969,0.03863367558121344,2.3940469205137522,3782.300048828125,-0.007932343371717096,7.164907309909668,52.4482518403295
