VIX_Current,VIX_Momentum,VIX_Volatility,GVZ_Current,GVZ_Momentum,GVZ_Volatility,DXY_Current,DXY_Momentum,DXY_Volatility,GOLD_Current,GOLD_Momentum,GOLD_Volatility,Composite_Score
16.34000015258789,-0.42656730941565396,45.96066155117985,19.049999237060547,3.532606695685318,74.17357905833637,97.87699890136719,0.27970435117978365,2.17721421742358,3796.89990234375,-0.1183774429316297,7.133300704832374,52.758200290581414
