VIX_Current,VIX_Momentum,GVZ_Current,GVZ_Momentum,DXY_Current,DXY_Momentum
15.84000015258789,5.319150217845466,17.579999923706055,-2.279043094099083,97.30799865722656,-0.48271643277034887
