VIX_Current,VIX_Momentum,GVZ_Current,GVZ_Momentum,DXY_Current,DXY_Momentum
15.140000343322754,0.6648961550755607,16.3799991607666,-14.19591917317986,97.5479965209961,-0.2372696473687249
