VIX_Current,VIX_Momentum,VIX_Volatility,GVZ_Current,GVZ_Momentum,GVZ_Volatility,DXY_Current,DXY_Momentum,DXY_Volatility,GOLD_Current,GOLD_Momentum,GOLD_Volatility,Composite_Score
16.0,0.06254051923064306,56.22010393516448,19.110000610351562,-2.3006077089846166,68.2968880371514,97.69599914550781,0.13837715928387964,2.606031608962548,3908.300048828125,0.23081065543301324,9.335925107105687,52.02591266500892
