VIX_Current,VIX_Momentum,VIX_Volatility,GVZ_Current,GVZ_Momentum,GVZ_Volatility,DXY_Current,DXY_Momentum,DXY_Volatility,GOLD_Current,GOLD_Momentum,GOLD_Volatility,Composite_Score
15.920000076293945,0.441638442520516,64.88697120380269,19.760000228881836,3.5639429134950413,70.79287416648337,97.90299987792969,-0.08266786493673303,2.6764213299232864,3856.300048828125,0.22351268979876435,8.330681957950222,54.82554639461987
