VIX_Current,VIX_Momentum,VIX_Volatility,GVZ_Current,GVZ_Momentum,GVZ_Volatility,DXY_Current,DXY_Momentum,DXY_Volatility,GOLD_Current,GOLD_Momentum,GOLD_Volatility,Composite_Score
17.270000457763672,5.112599738195218,51.31710283658173,18.270000457763672,0.3846136917024679,73.43008748256369,98.26599884033203,0.4538858850895648,2.5800198885438643,3761.89990234375,-0.654925110199188,7.553106411141738,50.78344018439103
