VIX_Current,VIX_Momentum,VIX_Volatility,GVZ_Current,GVZ_Momentum,GVZ_Volatility,DXY_Current,DXY_Momentum,DXY_Volatility,GOLD_Current,GOLD_Momentum,GOLD_Volatility,Composite_Score
16.84000015258789,2.557856725593517,49.86557331738649,18.270000457763672,0.3846136917024679,73.43008748256369,97.86199951171875,-0.039837656872463385,1.914506301128425,3777.39990234375,-0.13483404246530073,7.210944240819829,51.32117827895833
