VIX_Current,VIX_Momentum,VIX_Volatility,GVZ_Current,GVZ_Momentum,GVZ_Volatility,DXY_Current,DXY_Momentum,DXY_Volatility,GOLD_Current,GOLD_Momentum,GOLD_Volatility,Composite_Score
16.739999771118164,0.41991418418626064,58.033010976210576,19.06999969482422,1.8152704799655066,72.36771325215082,98.36499786376953,-0.05486832338822362,2.408442950422455,3776.89990234375,-0.060860733960683616,7.360124654740111,52.351491368337484
