VIX_Current,VIX_Momentum,VIX_Volatility,GVZ_Current,GVZ_Momentum,GVZ_Volatility,DXY_Current,DXY_Momentum,DXY_Volatility,GOLD_Current,GOLD_Momentum,GOLD_Volatility,Composite_Score
16.280000686645508,-0.5497870981911648,61.584039960602134,19.959999084472656,1.1144848830058036,66.55041314673899,97.625,-0.2156655406143068,2.481907635040996,3893.199951171875,0.06682397189038233,10.01106066385416,53.37282234465064
