VIX_Current,VIX_Momentum,VIX_Volatility,GVZ_Current,GVZ_Momentum,GVZ_Volatility,DXY_Current,DXY_Momentum,DXY_Volatility,GOLD_Current,GOLD_Momentum,GOLD_Volatility,Composite_Score
16.110000610351562,-0.6168937678527135,58.17754746431398,16.760000228881836,2.69608175419979,91.0821725316875,97.41400146484375,-0.13736320676099467,3.122315990527092,3756.10009765625,0.0399509924089213,8.943914874939303,51.608975901382664
