VIX_Current,VIX_Momentum,GVZ_Current,GVZ_Momentum,DXY_Current,DXY_Momentum
16.190000534057617,5.472313561646065,18.030000686645508,3.799653514819505,96.75700378417969,-0.8027446421963396
