VIX_Current,VIX_Momentum,VIX_Volatility,GVZ_Current,GVZ_Momentum,GVZ_Volatility,DXY_Current,DXY_Momentum,DXY_Volatility,GOLD_Current,GOLD_Momentum,GOLD_Volatility,Composite_Score
17.1299991607666,4.514946910770061,67.32546300969565,19.959999084472656,1.1144848830058036,66.55041314673899,97.61499786376953,-0.029699038801274596,2.4900369180702286,3910.300048828125,0.45470766911125066,10.017831561189256,56.323143387926166
