VIX_Current,VIX_Momentum,VIX_Volatility,GVZ_Current,GVZ_Momentum,GVZ_Volatility,DXY_Current,DXY_Momentum,DXY_Volatility,GOLD_Current,GOLD_Momentum,GOLD_Volatility,Composite_Score
16.1299991607666,0.6238207725368461,62.46295148884721,19.190000534057617,-3.2274301165444843,69.13513873304574,97.94200134277344,0.02451242404343109,2.567079885163317,3887.800048828125,0.6915114992248531,7.924425677136744,52.92426709764221
