VIX_Current,VIX_Momentum,GVZ_Current,GVZ_Momentum,DXY_Current,DXY_Momentum
15.520000457763672,3.1914926670751487,17.899999618530273,-0.5002787867311723,96.98899841308594,-0.564899012989134
