VIX_Current,VIX_Momentum,VIX_Volatility,GVZ_Current,GVZ_Momentum,GVZ_Volatility,DXY_Current,DXY_Momentum,DXY_Volatility,GOLD_Current,GOLD_Momentum,GOLD_Volatility,Composite_Score
15.449999809265137,-2.215192261041662,16.720239420226964,16.760000228881836,2.69608175419979,35.039201888486815,97.68699645996094,0.07068393822392616,1.1221709268236875,3723.800048828125,0.290871231568139,3.364919323454986,46.912347494817475
