VIX_Current,VIX_Momentum,VIX_Volatility,GVZ_Current,GVZ_Momentum,GVZ_Volatility,DXY_Current,DXY_Momentum,DXY_Volatility,GOLD_Current,GOLD_Momentum,GOLD_Volatility,Composite_Score
16.649999618530273,1.9595817288380952,56.07197198719055,19.049999237060547,3.532606695685318,87.93289832023073,97.23699951171875,-0.06269092012000588,2.792841647674739,3796.800048828125,-0.40657870056069156,7.954856715740993,52.40678558111701
