VIX_Current,VIX_Momentum,VIX_Volatility,GVZ_Current,GVZ_Momentum,GVZ_Volatility,DXY_Current,DXY_Momentum,DXY_Volatility,GOLD_Current,GOLD_Momentum,GOLD_Volatility,Composite_Score
16.170000076293945,-3.635283583969315,64.49090553246117,19.420000076293945,0.15472247338761655,69.34413755943561,97.79900360107422,0.18542419663452542,2.652891078017571,3885.0,-0.38205858398559156,9.81018257489655,50.519159811204695
