VIX_Current,VIX_Momentum,VIX_Volatility,GVZ_Current,GVZ_Momentum,GVZ_Volatility,DXY_Current,DXY_Momentum,DXY_Volatility,GOLD_Current,GOLD_Momentum,GOLD_Volatility,Composite_Score
15.420000076293945,-0.5802717682769435,18.005400124874697,16.450000762939453,-0.42372695450696546,34.338628956151375,97.80000305175781,0.2521702801636526,1.491343215993667,3678.199951171875,-0.27113497457811736,3.25734532682178,43.72940129466565
