VIX_Current,VIX_Momentum,VIX_Volatility,GVZ_Current,GVZ_Momentum,GVZ_Volatility,DXY_Current,DXY_Momentum,DXY_Volatility,GOLD_Current,GOLD_Momentum,GOLD_Volatility,Composite_Score
16.600000381469727,0.4842610259641867,64.03772504053121,19.190000534057617,-3.2274301165444843,69.13513873304574,97.7959976196289,0.09006164936190456,2.6655968202563782,3839.10009765625,-0.12227356033537419,9.271998998603442,50.33296868046332
