VIX_Current,VIX_Momentum,VIX_Volatility,GVZ_Current,GVZ_Momentum,GVZ_Volatility,DXY_Current,DXY_Momentum,DXY_Volatility,GOLD_Current,GOLD_Momentum,GOLD_Volatility,Composite_Score
15.649999618530273,5.245458903659332,27.84749025318704,16.700000762939453,-4.133176292773415,44.440702986094884,97.35199737548828,0.3484006810729219,1.56129426444735,3672.39990234375,-0.7647215175919199,4.257264693915168,43.92500926762395
