VIX_Current,VIX_Momentum,VIX_Volatility,GVZ_Current,GVZ_Momentum,GVZ_Volatility,DXY_Current,DXY_Momentum,DXY_Volatility,GOLD_Current,GOLD_Momentum,GOLD_Volatility,Composite_Score
15.930000305175781,0.2517304026984241,65.38021545297823,19.799999237060547,3.773581321978544,71.91249130055029,97.86900329589844,-0.10410976185738854,2.6903353120090254,3852.5,0.39087947882736157,8.386929086041992,55.438625531501785
