VIX_Current,VIX_Momentum,GVZ_Current,GVZ_Momentum,DXY_Current,DXY_Momentum
15.979999542236328,4.104228958372707,18.09000015258789,4.145073566883422,96.64299774169922,-0.9196259641262025
