VIX_Current,VIX_Momentum,VIX_Volatility,GVZ_Current,GVZ_Momentum,GVZ_Volatility,DXY_Current,DXY_Momentum,DXY_Volatility,GOLD_Current,GOLD_Momentum,GOLD_Volatility,Composite_Score
16.690000534057617,-0.7728844418861932,65.05798305945486,19.959999084472656,1.1144848830058036,71.09385546673099,97.52799987792969,-0.22711009930466752,2.5552503912960116,3901.199951171875,-0.39828680202650174,10.065656443326704,51.90234936293122
