VIX_Current,VIX_Momentum,VIX_Volatility,GVZ_Current,GVZ_Momentum,GVZ_Volatility,DXY_Current,DXY_Momentum,DXY_Volatility,GOLD_Current,GOLD_Momentum,GOLD_Volatility,Composite_Score
16.450000762939453,-1.37889411287936,56.15782462872263,18.149999618530273,-1.679303799116296,72.96744288603966,97.85099792480469,-0.08679044178679715,2.7355087046942472,3875.199951171875,0.29504379625461064,10.250369298625856,51.78794988641208
