VIX_Current,VIX_Momentum,GVZ_Current,GVZ_Momentum,DXY_Current,DXY_Momentum,Composite_Score
16.540000915527344,12.440522587591357,18.3700008392334,5.757052111024156,96.75599670410156,-0.8139480500425696,17.945938778984452
