VIX_Current,VIX_Momentum,VIX_Volatility,GVZ_Current,GVZ_Momentum,GVZ_Volatility,DXY_Current,DXY_Momentum,DXY_Volatility,GOLD_Current,GOLD_Momentum,GOLD_Volatility,Composite_Score
16.049999237060547,1.0705234344742571,57.56623833202826,18.43000030517578,2.7313252872425493,87.15731990141921,97.3489990234375,-0.006167462676859046,2.9428184070809786,3797.89990234375,0.5054475830640527,7.773767019279558,54.41450741558215
