VIX_Current,VIX_Momentum,GVZ_Current,GVZ_Momentum,DXY_Current,DXY_Momentum
15.229999542236328,1.2632950855399574,16.850000381469727,-6.336850495566076,97.40599822998047,-0.3824918735789492
