VIX_Current,VIX_Momentum,VIX_Volatility,GVZ_Current,GVZ_Momentum,GVZ_Volatility,DXY_Current,DXY_Momentum,DXY_Volatility,GOLD_Current,GOLD_Momentum,GOLD_Volatility,Composite_Score
16.0,-0.4975119657066306,57.95652185528347,19.110000610351562,-2.3006077089846166,68.2968880371514,97.55999755859375,-0.17292587123576306,2.619762927559874,3899.5,0.26483721478556116,9.542413825592968,51.80925554895115
