VIX_Current,VIX_Momentum,VIX_Volatility,GVZ_Current,GVZ_Momentum,GVZ_Volatility,DXY_Current,DXY_Momentum,DXY_Volatility,GOLD_Current,GOLD_Momentum,GOLD_Volatility,Composite_Score
16.65999984741211,-1.7688635215505666,65.58011685857936,19.959999084472656,1.1144848830058036,66.55041314673899,97.58300018310547,-0.06452239481064302,2.572055303431051,3898.199951171875,-0.5586629407108421,10.114134547991577,51.203807660569055
