VIX_Current,VIX_Momentum,VIX_Volatility,GVZ_Current,GVZ_Momentum,GVZ_Volatility,DXY_Current,DXY_Momentum,DXY_Volatility,GOLD_Current,GOLD_Momentum,GOLD_Volatility,Composite_Score
16.450000762939453,1.7945601377823341,54.26926903402504,18.56999969482422,0.7596277120468676,90.43787472486753,97.28399658203125,-0.029807895093771,2.8284364774465067,3815.699951171875,-0.01834061392374373,7.830562166539927,52.086932015572884
