VIX_Current,VIX_Momentum,GVZ_Current,GVZ_Momentum,DXY_Current,DXY_Momentum
16.149999618530273,5.211721284556404,18.06999969482422,4.0299298892936255,96.64099884033203,-0.9216752786109528
