VIX_Current,VIX_Momentum,VIX_Volatility,GVZ_Current,GVZ_Momentum,GVZ_Volatility,DXY_Current,DXY_Momentum,DXY_Volatility,GOLD_Current,GOLD_Momentum,GOLD_Volatility,Composite_Score
16.850000381469727,4.7885600834393856,66.82467996813892,19.959999084472656,1.1144848830058036,66.55041314673899,97.6760025024414,-0.0030695973797354396,2.4813875759824917,3913.89990234375,0.5937044624686502,10.084648499161418,56.84335660933061
