VIX_Current,VIX_Momentum,VIX_Volatility,GVZ_Current,GVZ_Momentum,GVZ_Volatility,DXY_Current,DXY_Momentum,DXY_Volatility,GOLD_Current,GOLD_Momentum,GOLD_Volatility,Composite_Score
15.9399995803833,0.18855897711445363,56.46370228718497,18.520000457763672,6.071027656775108,89.83387225493337,97.33399963378906,-0.1784505838511572,3.064584948124165,3781.5,0.5664605367990282,8.764335420000293,56.13126134451636
