VIX_Current,VIX_Momentum,VIX_Volatility,GVZ_Current,GVZ_Momentum,GVZ_Volatility,DXY_Current,DXY_Momentum,DXY_Volatility,GOLD_Current,GOLD_Momentum,GOLD_Volatility,Composite_Score
16.350000381469727,2.443611167860841,54.57901177205385,18.399999618530273,0.05437862541455534,91.77195103995513,97.29000091552734,-0.027744820405010095,2.848271212180002,3809.10009765625,-0.22265296999595188,7.88978137961548,51.09021189423222
