VIX_Current,VIX_Momentum,VIX_Volatility,GVZ_Current,GVZ_Momentum,GVZ_Volatility,DXY_Current,DXY_Momentum,DXY_Volatility,GOLD_Current,GOLD_Momentum,GOLD_Volatility,Composite_Score
16.110000610351562,0.6246119927551728,54.66467852678186,18.3799991607666,-0.7023288304037345,93.39423010002945,97.37799835205078,0.02568131099605243,2.8548371463725513,3810.5,-0.15721210533211058,7.672628538867704,50.41862010719744
