VIX_Current,VIX_Momentum,VIX_Volatility,GVZ_Current,GVZ_Momentum,GVZ_Volatility,DXY_Current,DXY_Momentum,DXY_Volatility,GOLD_Current,GOLD_Momentum,GOLD_Volatility,Composite_Score
16.1299991607666,0.6238207725368461,62.46295148884721,19.190000534057617,-3.2274301165444843,69.13513873304574,97.90399932861328,-0.09694100977623459,2.737024166234617,3894.39990234375,0.6981434731804503,8.286100525867731,53.00980474121387
