VIX_Current,VIX_Momentum,VIX_Volatility,GVZ_Current,GVZ_Momentum,GVZ_Volatility,DXY_Current,DXY_Momentum,DXY_Volatility,GOLD_Current,GOLD_Momentum,GOLD_Volatility,Composite_Score
16.649999618530273,1.9595817288380952,56.07197198719055,19.049999237060547,3.532606695685318,87.93289832023073,97.21600341796875,-0.04934664523997836,2.7619855124297668,3794.89990234375,-0.39632802247375326,8.11721110754136,52.460205078806695
