VIX_Current,VIX_Momentum,VIX_Volatility,GVZ_Current,GVZ_Momentum,GVZ_Volatility,DXY_Current,DXY_Momentum,DXY_Volatility,GOLD_Current,GOLD_Momentum,GOLD_Volatility,Composite_Score
16.049999237060547,-0.8647392982017557,63.582837749983526,19.399999618530273,-0.10298896851234567,68.42061245113975,97.7229995727539,-0.0817989529016357,2.660330203294014,3891.199951171875,-0.10012955730513283,9.812658339406212,51.862825326400504
