VIX_Current,VIX_Momentum,VIX_Volatility,GVZ_Current,GVZ_Momentum,GVZ_Volatility,DXY_Current,DXY_Momentum,DXY_Volatility,GOLD_Current,GOLD_Momentum,GOLD_Volatility,Composite_Score
16.1299991607666,0.6238207725368461,62.46295148884721,19.190000534057617,-3.2274301165444843,69.13513873304574,97.96299743652344,0.04391265153409892,2.626973224316914,3857.10009765625,-0.04664035691640684,8.070564662156334,50.36442031202432
