VIX_Current,VIX_Momentum,VIX_Volatility,GVZ_Current,GVZ_Momentum,GVZ_Volatility,DXY_Current,DXY_Momentum,DXY_Volatility,GOLD_Current,GOLD_Momentum,GOLD_Volatility,Composite_Score
16.100000381469727,4.207123496628098,59.252276396623095,16.760000228881836,2.69608175419979,91.0821725316875,97.46900177001953,-0.22622649796664027,3.15040844263781,3760.300048828125,0.29873705369660974,9.034693708163005,53.688256393121726
