VIX_Current,VIX_Momentum,VIX_Volatility,GVZ_Current,GVZ_Momentum,GVZ_Volatility,DXY_Current,DXY_Momentum,DXY_Volatility,GOLD_Current,GOLD_Momentum,GOLD_Volatility,Composite_Score
16.18000030517578,-4.935370916542629,51.071465776651934,18.270000457763672,0.3846136917024679,73.43008748256369,97.74800109863281,-0.08586110184826745,1.8529341084141764,3764.300048828125,-0.27023317450986883,7.311973517139917,48.72447419623016
