VIX_Current,VIX_Momentum,VIX_Volatility,GVZ_Current,GVZ_Momentum,GVZ_Volatility,DXY_Current,DXY_Momentum,DXY_Volatility,GOLD_Current,GOLD_Momentum,GOLD_Volatility,Composite_Score
16.09000015258789,-1.1670793983041703,57.11668272954792,19.110000610351562,-2.3006077089846166,68.2968880371514,97.58300018310547,-0.08600615760343255,2.597957899021795,3906.60009765625,0.4525610094175881,9.431605599227808,52.34902489558479
