VIX_Current,VIX_Momentum,VIX_Volatility,GVZ_Current,GVZ_Momentum,GVZ_Volatility,DXY_Current,DXY_Momentum,DXY_Volatility,GOLD_Current,GOLD_Momentum,GOLD_Volatility,Composite_Score
15.619999885559082,-5.903617309579107,60.58690806687367,18.989999771118164,-0.052632783588610205,51.576526072926235,98.16100311279297,-0.07837685052893113,2.4094698857202714,3810.199951171875,0.04200634024584318,7.302787315407502,49.95199815807395
