VIX_Current,VIX_Momentum,VIX_Volatility,GVZ_Current,GVZ_Momentum,GVZ_Volatility,DXY_Current,DXY_Momentum,DXY_Volatility,GOLD_Current,GOLD_Momentum,GOLD_Volatility,Composite_Score
15.430000305175781,0.9816791546201308,27.151879267257247,16.479999542236328,-5.28735687622765,39.00922157954657,97.3280029296875,-0.1548983400886938,1.517039962136755,3678.300048828125,0.07890696417893514,4.163702367224992,44.46403429138619
