VIX_Current,VIX_Momentum,VIX_Volatility,GVZ_Current,GVZ_Momentum,GVZ_Volatility,DXY_Current,DXY_Momentum,DXY_Volatility,GOLD_Current,GOLD_Momentum,GOLD_Volatility,Composite_Score
15.289999961853027,-2.425016672563989,60.21131891865458,18.59000015258789,-2.924279253773488,52.30110403748732,98.18199920654297,-0.049886084508564986,2.4459749141271745,3809.0,0.12880582050847944,7.684449728581891,49.48856819754343
