VIX_Current,VIX_Momentum,VIX_Volatility,GVZ_Current,GVZ_Momentum,GVZ_Volatility,DXY_Current,DXY_Momentum,DXY_Volatility,GOLD_Current,GOLD_Momentum,GOLD_Volatility,Composite_Score
16.579999923706055,3.7546958614352954,66.19573603300334,19.190000534057617,-3.2274301165444843,69.13513873304574,97.71199798583984,-0.1950929923781645,2.71617532559755,3844.10009765625,-1.3042647041309405,9.17235481117792,47.05553047965941
