VIX_Current,VIX_Momentum,VIX_Volatility,GVZ_Current,GVZ_Momentum,GVZ_Volatility,DXY_Current,DXY_Momentum,DXY_Volatility,GOLD_Current,GOLD_Momentum,GOLD_Volatility,Composite_Score
16.579999923706055,1.4067249961473893,47.829195273138154,18.290000915527344,-1.2951956946830059,76.95179498141387,97.79399871826172,0.081873460919867,2.1590261764682306,3786.800048828125,-0.2160724946475626,7.21082106678648,49.99928075516164
