VIX_Current,VIX_Momentum,VIX_Volatility,GVZ_Current,GVZ_Momentum,GVZ_Volatility,DXY_Current,DXY_Momentum,DXY_Volatility,GOLD_Current,GOLD_Momentum,GOLD_Volatility,Composite_Score
15.930000305175781,0.125709980864174,56.449971430004595,18.040000915527344,7.637235496212787,89.6711595195523,97.4010009765625,-0.05848591848373436,3.0658543550846686,3775.0,0.4951575481791687,8.75219309725586,56.46049256817466
