VIX_Current,VIX_Momentum,VIX_Volatility,GVZ_Current,GVZ_Momentum,GVZ_Volatility,DXY_Current,DXY_Momentum,DXY_Volatility,GOLD_Current,GOLD_Momentum,GOLD_Volatility,Composite_Score
15.850000381469727,-1.6139057667991115,56.84941031066428,17.959999084472656,7.159897608610473,89.5799753361442,97.40299987792969,-0.01949990038605104,3.083011074986619,3771.10009765625,0.4153933605711623,8.798350868060908,55.47362239579369
