VIX_Current,VIX_Momentum,GVZ_Current,GVZ_Momentum,DXY_Current,DXY_Momentum
14.949999809265137,-0.59840527138407,16.3799991607666,-14.19591917317986,97.3239974975586,-0.46635435409192416
