VIX_Current,VIX_Momentum,VIX_Volatility,GVZ_Current,GVZ_Momentum,GVZ_Volatility,DXY_Current,DXY_Momentum,DXY_Volatility,GOLD_Current,GOLD_Momentum,GOLD_Volatility,Composite_Score
15.829999923706055,-1.981422305775511,57.350788920920635,17.43000030517578,1.3961591836059895,91.0743720831533,97.50499725341797,0.023588964716027293,3.0878480995730504,3760.199951171875,-0.04784818788211058,8.703635255472285,50.66014214186167
