VIX_Current,VIX_Momentum,GVZ_Current,GVZ_Momentum,DXY_Current,DXY_Momentum
15.5,3.0585108996921675,17.899999618530273,-0.5002787867311723,97.01399993896484,-0.539266938307734
