VIX_Current,VIX_Momentum,GVZ_Current,GVZ_Momentum,DXY_Current,DXY_Momentum,Composite_Score
16.43000030517578,11.69272782167496,18.3700008392334,5.757052111024156,96.83200073242188,-0.7360351582510785,17.7281857198879
