VIX_Current,VIX_Momentum,VIX_Volatility,GVZ_Current,GVZ_Momentum,GVZ_Volatility,DXY_Current,DXY_Momentum,DXY_Volatility,GOLD_Current,GOLD_Momentum,GOLD_Volatility,Composite_Score
15.680000305175781,0.7712074699419454,17.860097900784854,,,,97.552001953125,-0.01127639219260766,1.5478261836246385,3696.60009765625,0.21960411159685508,3.337115151568739,
