VIX_Current,VIX_Momentum,VIX_Volatility,GVZ_Current,GVZ_Momentum,GVZ_Volatility,DXY_Current,DXY_Momentum,DXY_Volatility,GOLD_Current,GOLD_Momentum,GOLD_Volatility,Composite_Score
15.5600004196167,-0.891715868466564,18.683488984276217,16.450000762939453,-0.42372695450696546,34.338628956151375,97.552001953125,0.04102153078770337,1.4562788950131615,3689.800048828125,0.274481555297285,3.300697825978728,45.48327551439518
