VIX_Current,VIX_Momentum,VIX_Volatility,GVZ_Current,GVZ_Momentum,GVZ_Volatility,DXY_Current,DXY_Momentum,DXY_Volatility,GOLD_Current,GOLD_Momentum,GOLD_Volatility,Composite_Score
16.0,-0.4975119657066306,57.95652185528347,19.110000610351562,-2.3006077089846166,68.2968880371514,97.56999969482422,-0.16269130768603232,2.6164620970954995,3897.10009765625,0.20313037600431333,9.531848681718314,51.59652122327506
