VIX_Current,VIX_Momentum,GVZ_Current,GVZ_Momentum,DXY_Current,DXY_Momentum
15.420000076293945,2.526596511999588,17.450000762939453,-3.001662118115455,97.29000091552734,-0.5001006537028858
