VIX_Current,VIX_Momentum,GVZ_Current,GVZ_Momentum,DXY_Current,DXY_Momentum
15.59000015258789,3.6569161710762375,17.899999618530273,-0.5002787867311723,97.04499816894531,-0.507486920172083
