VIX_Current,VIX_Momentum,VIX_Volatility,GVZ_Current,GVZ_Momentum,GVZ_Volatility,DXY_Current,DXY_Momentum,DXY_Volatility,GOLD_Current,GOLD_Momentum,GOLD_Volatility,Composite_Score
16.739999771118164,0.41991418418626064,58.033010976210576,19.06999969482422,1.8152704799655066,72.36771325215082,98.375,-0.013213489670214872,2.3858634647325756,3783.0,0.4034171393092514,7.400153078752957,53.95715515562272
