VIX_Current,VIX_Momentum,GVZ_Current,GVZ_Momentum,DXY_Current,DXY_Momentum
15.579999923706055,3.5904252873847464,17.899999618530273,-0.5002787867311723,97.12300109863281,-0.42751672440075733
