VIX_Current,VIX_Momentum,VIX_Volatility,GVZ_Current,GVZ_Momentum,GVZ_Volatility,DXY_Current,DXY_Momentum,DXY_Volatility,GOLD_Current,GOLD_Momentum,GOLD_Volatility,Composite_Score
15.850000381469727,1.0841841389367213,69.07638367936742,18.59000015258789,-2.924279253773488,52.30110403748732,97.90899658203125,-0.042878396788817004,2.701929885073392,3844.199951171875,0.6756769717150061,8.001417046814813,52.54607791174014
