VIX_Current,VIX_Momentum,VIX_Volatility,GVZ_Current,GVZ_Momentum,GVZ_Volatility,DXY_Current,DXY_Momentum,DXY_Volatility,GOLD_Current,GOLD_Momentum,GOLD_Volatility,Composite_Score
15.550000190734863,-2.016381204359067,16.84193691622417,16.760000228881836,2.69608175419979,35.039201888486815,97.64800262451172,0.05635681234174321,1.4410153847234866,3717.60009765625,0.3617554846124243,3.2214926735034224,47.215087020166365
