VIX_Current,VIX_Momentum,GVZ_Current,GVZ_Momentum,DXY_Current,DXY_Momentum
16.360000610351562,6.579805887829762,18.3700008392334,5.757052111024156,96.7239990234375,-0.8365817966277513
