VIX_Current,VIX_Momentum,VIX_Volatility,GVZ_Current,GVZ_Momentum,GVZ_Volatility,DXY_Current,DXY_Momentum,DXY_Volatility,GOLD_Current,GOLD_Momentum,GOLD_Volatility,Composite_Score
15.449999809265137,-2.215192261041662,16.720239420226964,16.760000228881836,2.69608175419979,35.039201888486815,97.65299987792969,0.06250205701735494,1.4225490276756894,3719.0,0.4483604714266968,3.1785600321516823,47.41351245597562
