VIX_Current,VIX_Momentum,GVZ_Current,GVZ_Momentum,DXY_Current,DXY_Momentum
,,16.3799991607666,-14.19591917317986,97.63999938964844,-0.1431779417019995
