VIX_Current,VIX_Momentum,VIX_Volatility,GVZ_Current,GVZ_Momentum,GVZ_Volatility,DXY_Current,DXY_Momentum,DXY_Volatility,GOLD_Current,GOLD_Momentum,GOLD_Volatility,Composite_Score
16.479999542236328,1.1663512340744009,62.167983635443804,19.719999313354492,2.761848694877601,69.02988951464249,97.65299987792969,-0.18908559398282354,2.8354911583928546,3874.300048828125,0.5684806105163495,9.859184915035868,56.182073325952516
