VIX_Current,VIX_Momentum,GVZ_Current,GVZ_Momentum,DXY_Current,DXY_Momentum,Composite_Score
16.670000076293945,13.324269429396107,17.239999771118164,4.611652002380482,96.89800262451172,-0.6683756092761547,17.886213889275364
