VIX_Current,VIX_Momentum,VIX_Volatility,GVZ_Current,GVZ_Momentum,GVZ_Volatility,DXY_Current,DXY_Momentum,DXY_Volatility,GOLD_Current,GOLD_Momentum,GOLD_Volatility,Composite_Score
15.539999961853027,-1.0191073207382315,26.64802604545114,16.43000030517578,-1.202638999902396,35.620327196070164,97.33599853515625,-0.07597282021447205,1.4757632248983032,3676.60009765625,0.057153290413661725,4.057430206727843,45.45441922694279
