VIX_Current,VIX_Momentum,VIX_Volatility,GVZ_Current,GVZ_Momentum,GVZ_Volatility,DXY_Current,DXY_Momentum,DXY_Volatility,GOLD_Current,GOLD_Momentum,GOLD_Volatility,Composite_Score
16.969999313354492,1.3739518839967408,55.32140930280372,19.06999969482422,1.8152704799655066,72.36771325215082,98.48799896240234,0.1331849294852895,2.3934564130841487,3775.0,0.04505210690580926,7.2207204229237725,53.08544226852738
