VIX_Current,VIX_Momentum,VIX_Volatility,GVZ_Current,GVZ_Momentum,GVZ_Volatility,DXY_Current,DXY_Momentum,DXY_Volatility,GOLD_Current,GOLD_Momentum,GOLD_Volatility,Composite_Score
15.859999656677246,0.06308690830827807,64.94255928241957,19.780000686645508,4.324903173884613,70.38464811311171,97.93699645996094,-0.04797181085760688,2.68829006292172,3856.699951171875,0.2339059727684565,8.245828224690003,55.1538871015854
