VIX_Current,VIX_Momentum,VIX_Volatility,GVZ_Current,GVZ_Momentum,GVZ_Volatility,DXY_Current,DXY_Momentum,DXY_Volatility,GOLD_Current,GOLD_Momentum,GOLD_Volatility,Composite_Score
16.610000610351562,-4.043898770580992,55.07391847638847,18.719999313354492,2.4630478616085494,74.9195040275568,98.44499969482422,0.25867726964789917,2.384337448112982,3763.89990234375,-0.1406146900346099,7.184974298722071,51.15880591865413
