VIX_Current,VIX_Momentum,GVZ_Current,GVZ_Momentum,DXY_Current,DXY_Momentum,Composite_Score
16.600000381469727,12.848404747936618,18.420000076293945,11.771848227820763,96.69599914550781,-0.8754524649239478,18.674313492568615
