VIX_Current,VIX_Momentum,VIX_Volatility,GVZ_Current,GVZ_Momentum,GVZ_Volatility,DXY_Current,DXY_Momentum,DXY_Volatility,GOLD_Current,GOLD_Momentum,GOLD_Volatility,Composite_Score
16.280000686645508,0.5558996270479699,63.272486638049585,19.110000610351562,-2.3006077089846166,68.2968880371514,97.71399688720703,-0.013302862699545868,2.6748459959224484,3892.199951171875,0.08485815811654439,9.806482169693794,51.68648370239918
