VIX_Current,VIX_Momentum,VIX_Volatility,GVZ_Current,GVZ_Momentum,GVZ_Volatility,DXY_Current,DXY_Momentum,DXY_Volatility,GOLD_Current,GOLD_Momentum,GOLD_Volatility,Composite_Score
16.309999465942383,-0.7907607292707816,62.525694481805296,19.729999542236328,3.136437050662592,70.18484920880755,97.76499938964844,-0.052141266720011695,2.7666673889485547,3871.0,0.6107862248213126,9.829284199661261,56.046129348830846
