VIX_Current,VIX_Momentum,GVZ_Current,GVZ_Momentum,DXY_Current,DXY_Momentum,Composite_Score
16.360000610351562,6.579805887829762,18.3700008392334,5.757052111024156,96.73400115966797,-0.836496019028202,16.41553232156157
