VIX_Current,VIX_Momentum,VIX_Volatility,GVZ_Current,GVZ_Momentum,GVZ_Volatility,DXY_Current,DXY_Momentum,DXY_Volatility,GOLD_Current,GOLD_Momentum,GOLD_Volatility,Composite_Score
15.609999656677246,0.1282841814856276,20.242430075325647,16.450000762939453,-0.42372695450696546,34.338628956151375,97.5469970703125,0.15297484731302333,1.5043697680880432,3685.60009765625,-0.15982398330624406,3.429516000672608,44.56546230600252
