VIX_Current,VIX_Momentum,GVZ_Current,GVZ_Momentum,DXY_Current,DXY_Momentum,Composite_Score
16.510000228881836,12.236575024248676,18.3700008392334,5.757052111024156,96.7979965209961,-0.7708933954238025,17.88870437139852
