VIX_Current,VIX_Momentum,VIX_Volatility,GVZ_Current,GVZ_Momentum,GVZ_Volatility,DXY_Current,DXY_Momentum,DXY_Volatility,GOLD_Current,GOLD_Momentum,GOLD_Volatility,Composite_Score
16.43000030517578,-0.544795097421408,64.24353799806549,19.190000534057617,-3.2274301165444843,69.13513873304574,97.8270034790039,0.12179483325359694,2.668559883088239,3847.60009765625,0.09886177168043735,9.349397939590093,50.8524140927217
