VIX_Current,VIX_Momentum,VIX_Volatility,GVZ_Current,GVZ_Momentum,GVZ_Volatility,DXY_Current,DXY_Momentum,DXY_Volatility,GOLD_Current,GOLD_Momentum,GOLD_Volatility,Composite_Score
15.699999809265137,1.815821865018348,20.591457851810894,16.450000762939453,-0.42372695450696546,34.338628956151375,97.51399993896484,0.09957206878946631,1.5637455588286984,3679.199951171875,-0.035322614539464746,3.529528199064321,45.43142679993048
