VIX_Current,VIX_Momentum,VIX_Volatility,GVZ_Current,GVZ_Momentum,GVZ_Volatility,DXY_Current,DXY_Momentum,DXY_Volatility,GOLD_Current,GOLD_Momentum,GOLD_Volatility,Composite_Score
16.0,0.06254051923064306,56.22010393516448,19.110000610351562,-2.3006077089846166,68.2968880371514,97.56700134277344,0.006154440483549775,2.5741222386438665,3913.89990234375,0.3744224176852654,9.324426270390983,52.42663900094808
