VIX_Current,VIX_Momentum,VIX_Volatility,GVZ_Current,GVZ_Momentum,GVZ_Volatility,DXY_Current,DXY_Momentum,DXY_Volatility,GOLD_Current,GOLD_Momentum,GOLD_Volatility,Composite_Score
16.299999237060547,-0.8515893701282994,46.745611772145374,19.049999237060547,3.532606695685318,87.93289832023073,97.7229995727539,0.2760247766252781,2.1617506090995127,3797.199951171875,-0.35949386032021896,7.470429595707963,51.86423229005727
