VIX_Current,VIX_Momentum,VIX_Volatility,GVZ_Current,GVZ_Momentum,GVZ_Volatility,DXY_Current,DXY_Momentum,DXY_Volatility,GOLD_Current,GOLD_Momentum,GOLD_Volatility,Composite_Score
16.860000610351562,-0.059278176552185424,56.116130700242785,19.06999969482422,1.8152704799655066,72.36771325215082,98.36199951171875,0.003048375863347748,2.3926371912685656,3782.60009765625,0.1456143564586185,7.253043049041786,52.9826029132025
