VIX_Current,VIX_Momentum,VIX_Volatility,GVZ_Current,GVZ_Momentum,GVZ_Volatility,DXY_Current,DXY_Momentum,DXY_Volatility,GOLD_Current,GOLD_Momentum,GOLD_Volatility,Composite_Score
15.630000114440918,-3.3395173735632513,61.034350485297004,19.1200008392334,0.2621979297815641,52.715869555624586,98.20500183105469,-0.10985495824099209,2.412651322491464,3809.199951171875,0.44299254458218823,7.29657885073607,52.1441089433992
