VIX_Current,VIX_Momentum,VIX_Volatility,GVZ_Current,GVZ_Momentum,GVZ_Volatility,DXY_Current,DXY_Momentum,DXY_Volatility,GOLD_Current,GOLD_Momentum,GOLD_Volatility,Composite_Score
15.399999618530273,4.406777074781515,26.924513732309745,,,,97.4219970703125,0.5293631204271182,1.5640813060745864,3668.699951171875,-0.8780936028519571,4.3364368266678195,
