VIX_Current,VIX_Momentum,VIX_Volatility,GVZ_Current,GVZ_Momentum,GVZ_Volatility,DXY_Current,DXY_Momentum,DXY_Volatility,GOLD_Current,GOLD_Momentum,GOLD_Volatility,Composite_Score
16.959999084472656,3.92156496088299,50.42632872523045,18.190000534057617,-2.099027939988529,77.61210726959862,97.88500213623047,0.07975188925158422,2.136482621384101,3773.199951171875,-0.7313877618554327,7.586643737803671,48.57845352118955
