VIX_Current,VIX_Momentum,VIX_Volatility,GVZ_Current,GVZ_Momentum,GVZ_Volatility,DXY_Current,DXY_Momentum,DXY_Volatility,GOLD_Current,GOLD_Momentum,GOLD_Volatility,Composite_Score
16.6299991607666,3.420393281530472,57.410188415129895,18.530000686645508,-5.265842573719368,77.84535037347673,97.93000030517578,0.36793838621308944,2.688523623953821,3862.39990234375,-1.1314235961601942,10.269669605817127,46.85375515277833
