VIX_Current,VIX_Momentum,VIX_Volatility,GVZ_Current,GVZ_Momentum,GVZ_Volatility,DXY_Current,DXY_Momentum,DXY_Volatility,GOLD_Current,GOLD_Momentum,GOLD_Volatility,Composite_Score
16.209999084472656,-1.8765215780931086,63.39968413777902,19.700000762939453,-0.35407027417002357,72.19607945881955,97.76300048828125,-0.03169747672326261,2.6580275097252235,3872.5,0.8621164374162781,9.4310251362064,54.746667074938024
