VIX_Current,VIX_Momentum,GVZ_Current,GVZ_Momentum,DXY_Current,DXY_Momentum
15.199999809265137,1.0638287753851585,16.3799991607666,-14.19591917317986,97.5250015258789,-0.2607867218259362
