VIX_Current,VIX_Momentum,GVZ_Current,GVZ_Momentum,DXY_Current,DXY_Momentum
15.100000381469727,0.39893896122927097,16.3799991607666,-14.19591917317986,97.41799926757812,-0.370218363916974
