VIX_Current,VIX_Momentum,VIX_Volatility,GVZ_Current,GVZ_Momentum,GVZ_Volatility,DXY_Current,DXY_Momentum,DXY_Volatility,GOLD_Current,GOLD_Momentum,GOLD_Volatility,Composite_Score
14.890000343322754,0.40458813166133156,26.376290446985205,17.399999618530273,-5.383359456093435,30.504148089933835,97.16300201416016,0.18353498240798588,1.3811763630324951,3702.199951171875,0.05405113308448611,4.1534324034776855,46.31491776897537
