VIX_Current,VIX_Momentum,VIX_Volatility,GVZ_Current,GVZ_Momentum,GVZ_Volatility,DXY_Current,DXY_Momentum,DXY_Volatility,GOLD_Current,GOLD_Momentum,GOLD_Volatility,Composite_Score
16.3799991607666,0.5524753847832695,62.07981147426115,19.56999969482422,-0.8611959385261723,68.20036786572784,97.74099731445312,0.03786429745017651,2.8278158119971195,3871.300048828125,-0.2679213353574713,9.807437232151662,51.43792119992043
