VIX_Current,VIX_Momentum,VIX_Volatility,GVZ_Current,GVZ_Momentum,GVZ_Volatility,DXY_Current,DXY_Momentum,DXY_Volatility,GOLD_Current,GOLD_Momentum,GOLD_Volatility,Composite_Score
16.959999084472656,1.6177264336455832,58.21395845028826,19.3799991607666,4.643621391717699,73.56687731023827,98.53900146484375,0.15652724019870778,2.376149153612226,3787.199951171875,0.6645048196391804,7.33503523395221,56.88330336913113
