VIX_Current,VIX_Momentum,GVZ_Current,GVZ_Momentum,DXY_Current,DXY_Momentum
15.539999961853027,3.3244680935384565,17.65999984741211,-1.8343520172571053,97.28199768066406,-0.509307736602524
