VIX_Current,VIX_Momentum,VIX_Volatility,GVZ_Current,GVZ_Momentum,GVZ_Volatility,DXY_Current,DXY_Momentum,DXY_Volatility,GOLD_Current,GOLD_Momentum,GOLD_Volatility,Composite_Score
16.010000228881836,-0.8668693062246531,57.481501581626034,19.110000610351562,-2.3006077089846166,68.2968880371514,97.53900146484375,-0.1831810416132174,2.604232112877635,3901.0,0.20807361759734114,9.480762596409868,51.51240895683815
