VIX_Current,VIX_Momentum,VIX_Volatility,GVZ_Current,GVZ_Momentum,GVZ_Volatility,DXY_Current,DXY_Momentum,DXY_Volatility,GOLD_Current,GOLD_Momentum,GOLD_Volatility,Composite_Score
16.6299991607666,0.4227034847928678,55.39262881079215,18.059999465942383,-1.257525631886112,73.1087708104545,97.8550033569336,0.009200872273880962,2.685152741638895,3878.10009765625,0.24556686553762622,10.097212897639018,52.30878859699597
