VIX_Current,VIX_Momentum,GVZ_Current,GVZ_Momentum,DXY_Current,DXY_Momentum
15.09000015258789,0.33244807753778033,16.3799991607666,-14.19591917317986,97.37300109863281,-0.41623817318991085
