VIX_Current,VIX_Momentum,VIX_Volatility,GVZ_Current,GVZ_Momentum,GVZ_Volatility,DXY_Current,DXY_Momentum,DXY_Volatility,GOLD_Current,GOLD_Momentum,GOLD_Volatility,Composite_Score
15.210000038146973,3.1186443264201538,26.6497999425531,,,,97.41699981689453,0.5242064749202806,1.5661332931993197,3673.5,-0.7484046130256927,4.317510959331257,
