VIX_Current,VIX_Momentum,VIX_Volatility,GVZ_Current,GVZ_Momentum,GVZ_Volatility,DXY_Current,DXY_Momentum,DXY_Volatility,GOLD_Current,GOLD_Momentum,GOLD_Volatility,Composite_Score
16.6299991607666,0.4227034847928678,55.39262881079215,18.059999465942383,-1.257525631886112,73.1087708104545,97.85600280761719,-0.03677060845303136,2.6648580133570916,3881.699951171875,0.041232274306309304,10.014570158468477,51.60302568022939
