VIX_Current,VIX_Momentum,VIX_Volatility,GVZ_Current,GVZ_Momentum,GVZ_Volatility,DXY_Current,DXY_Momentum,DXY_Volatility,GOLD_Current,GOLD_Momentum,GOLD_Volatility,Composite_Score
16.489999771118164,-3.7361320548937855,55.68204616319652,18.549999237060547,2.7700832195792677,75.9750756012192,98.41000366210938,0.22303649601234368,2.383443762788656,3767.699951171875,-0.03979624375017934,7.173667178707705,51.600346993807946
