VIX_Current,VIX_Momentum,VIX_Volatility,GVZ_Current,GVZ_Momentum,GVZ_Volatility,DXY_Current,DXY_Momentum,DXY_Volatility,GOLD_Current,GOLD_Momentum,GOLD_Volatility,Composite_Score
16.1299991607666,1.1919672859786359,57.982066362228714,18.43000030517578,2.7313252872425493,87.15731990141921,97.3740005493164,0.01951331901572938,2.937858627793313,3789.39990234375,0.2805084518539743,7.6939151715592,53.67486502824183
