VIX_Current,VIX_Momentum,VIX_Volatility,GVZ_Current,GVZ_Momentum,GVZ_Volatility,DXY_Current,DXY_Momentum,DXY_Volatility,GOLD_Current,GOLD_Momentum,GOLD_Volatility,Composite_Score
16.299999237060547,2.1303207901060235,54.56646976537706,18.43000030517578,0.0,90.23148759049786,97.27899932861328,-0.039049717557885076,2.853868262394625,3810.800048828125,-0.17812365502347333,7.880409548157427,51.13478648018022
