VIX_Current,VIX_Momentum,VIX_Volatility,GVZ_Current,GVZ_Momentum,GVZ_Volatility,DXY_Current,DXY_Momentum,DXY_Volatility,GOLD_Current,GOLD_Momentum,GOLD_Volatility,Composite_Score
15.640000343322754,-0.3821622080974483,26.9431785945378,16.450000762939453,-0.42372695450696546,34.338628956151375,97.38099670410156,0.025672681461424447,1.4553015715900757,3679.5,0.008155273758074235,4.021326120765104,45.817407630559764
