VIX_Current,VIX_Momentum,VIX_Volatility,GVZ_Current,GVZ_Momentum,GVZ_Volatility,DXY_Current,DXY_Momentum,DXY_Volatility,GOLD_Current,GOLD_Momentum,GOLD_Volatility,Composite_Score
15.449999809265137,3.0687127763222066,27.628734928855774,16.530000686645508,-3.276766886731617,41.20487946169569,97.4469985961914,0.2108161472144769,1.5212165854935773,3676.699951171875,-0.5464024373250868,4.2096694965044295,44.33467293010807
