VIX_Current,VIX_Momentum,VIX_Volatility,GVZ_Current,GVZ_Momentum,GVZ_Volatility,DXY_Current,DXY_Momentum,DXY_Volatility,GOLD_Current,GOLD_Momentum,GOLD_Volatility,Composite_Score
16.34000015258789,-1.7438305641221854,65.2490422755387,19.440000534057617,-0.7656948308418369,72.56807899370745,97.76499938964844,0.048094587688066626,2.6483310142001297,3890.199951171875,-0.5343802501219423,9.94994667040778,50.052602481881614
