VIX_Current,VIX_Momentum,VIX_Volatility,GVZ_Current,GVZ_Momentum,GVZ_Volatility,DXY_Current,DXY_Momentum,DXY_Volatility,GOLD_Current,GOLD_Momentum,GOLD_Volatility,Composite_Score
17.020000457763672,4.289220441354872,50.19166152958173,18.149999618530273,-4.724407635562431,76.4501726081983,97.89700317382812,0.09202201071018573,2.1426914041228446,3765.699951171875,-0.9287042575144698,7.402422734118924,46.63078169339775
