VIX_Current,VIX_Momentum,VIX_Volatility,GVZ_Current,GVZ_Momentum,GVZ_Volatility,DXY_Current,DXY_Momentum,DXY_Volatility,GOLD_Current,GOLD_Momentum,GOLD_Volatility,Composite_Score
16.079999923706055,-1.3496891021582997,61.73048793767596,19.920000076293945,0.9118556598928734,66.51785222716362,97.78900146484375,-0.052120681679876706,2.821240542419589,3886.800048828125,0.5302226868350155,9.808647407909366,54.6530410377605
