VIX_Current,VIX_Momentum,VIX_Volatility,GVZ_Current,GVZ_Momentum,GVZ_Volatility,DXY_Current,DXY_Momentum,DXY_Volatility,GOLD_Current,GOLD_Momentum,GOLD_Volatility,Composite_Score
16.190000534057617,2.989823530821364,59.74204335831496,16.760000228881836,2.69608175419979,91.0821725316875,97.6510009765625,-0.15745547582717168,3.152751252637172,3744.10009765625,0.5694538093584902,9.182880792247085,54.33773406735277
