VIX_Current,VIX_Momentum,VIX_Volatility,GVZ_Current,GVZ_Momentum,GVZ_Volatility,DXY_Current,DXY_Momentum,DXY_Volatility,GOLD_Current,GOLD_Momentum,GOLD_Volatility,Composite_Score
16.09000015258789,-1.1670793983041703,57.11668272954792,19.110000610351562,-2.3006077089846166,68.2968880371514,97.58100128173828,-0.0880528073120701,2.5971931802288277,3905.5,0.4242735921830805,9.430957265113728,52.24745284637076
