VIX_Current,VIX_Momentum,VIX_Volatility,GVZ_Current,GVZ_Momentum,GVZ_Volatility,DXY_Current,DXY_Momentum,DXY_Volatility,GOLD_Current,GOLD_Momentum,GOLD_Volatility,Composite_Score
16.34000015258789,-1.506931872818592,63.100920340539965,19.770000457763672,3.3455375069207447,70.12171491341938,97.81999969482422,0.004087064137813931,2.746634652860292,3868.300048828125,0.5406120553118908,9.89389236368279,55.80317085145303
