VIX_Current,VIX_Momentum,VIX_Volatility,GVZ_Current,GVZ_Momentum,GVZ_Volatility,DXY_Current,DXY_Momentum,DXY_Volatility,GOLD_Current,GOLD_Momentum,GOLD_Volatility,Composite_Score
16.030000686645508,-0.4965854790511326,56.53133892554894,18.43000030517578,2.7313252872425493,87.15731990141921,97.35299682617188,-0.0010266149534853303,2.9398553585283698,3816.699951171875,0.754992021813788,8.038194244929135,54.99950706781988
