VIX_Current,VIX_Momentum,VIX_Volatility,GVZ_Current,GVZ_Momentum,GVZ_Volatility,DXY_Current,DXY_Momentum,DXY_Volatility,GOLD_Current,GOLD_Momentum,GOLD_Volatility,Composite_Score
16.0,0.7556667801907433,55.752076541403014,18.40999984741211,2.6198400187460256,87.15140442798854,97.33000183105469,-0.07289365077972551,3.0299173577322804,3781.699951171875,0.2810812028620731,8.661301389500075,53.58257386342224
