VIX_Current,VIX_Momentum,GVZ_Current,GVZ_Momentum,DXY_Current,DXY_Momentum
15.680000305175781,4.255321442460307,17.68000030517578,-1.7231765974787163,97.29199981689453,-0.4990785114487735
