VIX_Current,VIX_Momentum,VIX_Volatility,GVZ_Current,GVZ_Momentum,GVZ_Volatility,DXY_Current,DXY_Momentum,DXY_Volatility,GOLD_Current,GOLD_Momentum,GOLD_Volatility,Composite_Score
16.889999389648438,0.8960550811301121,55.78796691791077,19.06999969482422,1.8152704799655066,72.36771325215082,98.39099884033203,0.009142989374434961,2.3807140372712943,3779.0,0.1962006085520162,7.229473528563957,53.38315231695779
