VIX_Current,VIX_Momentum,VIX_Volatility,GVZ_Current,GVZ_Momentum,GVZ_Volatility,DXY_Current,DXY_Momentum,DXY_Volatility,GOLD_Current,GOLD_Momentum,GOLD_Volatility,Composite_Score
17.270000457763672,-1.0315203284006056,57.41087067895826,18.809999465942383,2.61865545135954,73.68286923965545,98.51599884033203,0.13314702572265605,2.3757382986668283,3773.699951171875,0.305672217034023,7.16695410590797,53.68627506420159
