VIX_Current,VIX_Momentum,VIX_Volatility,GVZ_Current,GVZ_Momentum,GVZ_Volatility,DXY_Current,DXY_Momentum,DXY_Volatility,GOLD_Current,GOLD_Momentum,GOLD_Volatility,Composite_Score
15.729999542236328,0.3188726791289839,17.139995233997542,16.81999969482422,4.08415751017351,28.47033973336432,97.62999725341797,0.0573920893840351,1.4597243835574314,3714.10009765625,0.35938306994825403,3.253285583381048,47.76417245551815
