VIX_Current,VIX_Momentum,VIX_Volatility,GVZ_Current,GVZ_Momentum,GVZ_Volatility,DXY_Current,DXY_Momentum,DXY_Volatility,GOLD_Current,GOLD_Momentum,GOLD_Volatility,Composite_Score
15.869999885559082,3.5900796455020685,67.3878289953303,18.59000015258789,-2.924279253773488,52.30110403748732,97.9729995727539,-0.001020118290113543,2.6423902413113103,3837.800048828125,-0.22617837441505267,8.111765406916351,50.18844395057485
