VIX_Current,VIX_Momentum,VIX_Volatility,GVZ_Current,GVZ_Momentum,GVZ_Volatility,DXY_Current,DXY_Momentum,DXY_Volatility,GOLD_Current,GOLD_Momentum,GOLD_Volatility,Composite_Score
16.020000457763672,-0.37313100887474615,55.58548198513756,18.43000030517578,2.7313252872425493,87.15731990141921,97.33100128173828,0.0349488806948562,2.898587886080854,3814.39990234375,0.1522817974790555,7.949666363585971,52.99524167625967
