VIX_Current,VIX_Momentum,GVZ_Current,GVZ_Momentum,DXY_Current,DXY_Momentum
15.180000305175781,0.9308533489218503,16.799999237060547,-6.61478904501205,97.44999694824219,-0.3374942065601246
