VIX_Current,VIX_Momentum,VIX_Volatility,GVZ_Current,GVZ_Momentum,GVZ_Volatility,DXY_Current,DXY_Momentum,DXY_Volatility,GOLD_Current,GOLD_Momentum,GOLD_Volatility,Composite_Score
16.110000610351562,1.6403799534655081,55.44143546443097,18.43000030517578,2.7313252872425493,87.15731990141921,97.34600067138672,0.06269929278020976,3.0134082725153744,3780.300048828125,-0.031732147874520694,7.852269563064546,52.75452279399125
