VIX_Current,VIX_Momentum,VIX_Volatility,GVZ_Current,GVZ_Momentum,GVZ_Volatility,DXY_Current,DXY_Momentum,DXY_Volatility,GOLD_Current,GOLD_Momentum,GOLD_Volatility,Composite_Score
16.1299991607666,0.8124947547912598,63.01284914963545,19.18000030517578,-3.2778599144280487,69.12972736937533,97.93499755859375,0.01531800442087269,2.625497511012779,3857.0,-0.04923429971832312,8.070682801654886,50.3507072125609
