VIX_Current,VIX_Momentum,GVZ_Current,GVZ_Momentum,DXY_Current,DXY_Momentum,Composite_Score
16.040000915527344,9.041474329920614,18.3700008392334,11.468454790627975,96.75599670410156,-0.8139480500425696,17.49231698252715
