VIX_Current,VIX_Momentum,VIX_Volatility,GVZ_Current,GVZ_Momentum,GVZ_Volatility,DXY_Current,DXY_Momentum,DXY_Volatility,GOLD_Current,GOLD_Momentum,GOLD_Volatility,Composite_Score
14.800000190734863,-5.8524176887169475,27.3031866690311,17.399999618530273,-5.383359456093435,30.504148089933835,96.89800262451172,-0.33018148681177106,1.3338122224382454,3702.5,0.8608270041924697,4.288140660414129,47.12139335355434
