VIX_Current,VIX_Momentum,VIX_Volatility,GVZ_Current,GVZ_Momentum,GVZ_Volatility,DXY_Current,DXY_Momentum,DXY_Volatility,GOLD_Current,GOLD_Momentum,GOLD_Volatility,Composite_Score
16.270000457763672,1.4971912716017932,55.20306498497954,18.309999465942383,1.1043558743808226,95.20947851861581,97.3489990234375,0.023634614967037355,2.8698856621377176,3805.800048828125,-0.27774483248244913,7.9775421928551875,51.175049517305645
