VIX_Current,VIX_Momentum,VIX_Volatility,GVZ_Current,GVZ_Momentum,GVZ_Volatility,DXY_Current,DXY_Momentum,DXY_Volatility,GOLD_Current,GOLD_Momentum,GOLD_Volatility,Composite_Score
16.280000686645508,-0.5497870981911648,61.584039960602134,19.959999084472656,1.1144848830058036,66.55041314673899,97.83000183105469,0.16279572780141874,2.810723015073082,3883.199951171875,0.2426532661796417,9.764835692135511,54.154958653248
