VIX_Current,VIX_Momentum,VIX_Volatility,GVZ_Current,GVZ_Momentum,GVZ_Volatility,DXY_Current,DXY_Momentum,DXY_Volatility,GOLD_Current,GOLD_Momentum,GOLD_Volatility,Composite_Score
16.280000686645508,0.5558996270479699,63.272486638049585,19.110000610351562,-2.3006077089846166,68.2968880371514,97.7040023803711,-0.0020458327441152833,2.618597304444507,3887.60009765625,0.005149851250942831,9.67079940338207,51.364408631695774
