VIX_Current,VIX_Momentum,VIX_Volatility,GVZ_Current,GVZ_Momentum,GVZ_Volatility,DXY_Current,DXY_Momentum,DXY_Volatility,GOLD_Current,GOLD_Momentum,GOLD_Volatility,Composite_Score
16.540000915527344,2.1618305739611223,56.52691780014641,18.100000381469727,-0.9846843458123108,74.03627129372772,97.88400268554688,-0.05309010508724734,2.7286385335995966,3870.300048828125,0.16822816703393914,10.230645275180168,52.59073445393364
