VIX_Current,VIX_Momentum,VIX_Volatility,GVZ_Current,GVZ_Momentum,GVZ_Volatility,DXY_Current,DXY_Momentum,DXY_Volatility,GOLD_Current,GOLD_Momentum,GOLD_Volatility,Composite_Score
16.959999084472656,1.6177264336455832,58.21395845028826,19.010000228881836,2.6457870356733917,72.90290956067105,98.55899810791016,0.1768521297979554,2.3798225985847914,3782.199951171875,0.5316038557113443,7.235362258972043,55.22722276347277
