VIX_Current,VIX_Momentum,VIX_Volatility,GVZ_Current,GVZ_Momentum,GVZ_Volatility,DXY_Current,DXY_Momentum,DXY_Volatility,GOLD_Current,GOLD_Momentum,GOLD_Volatility,Composite_Score
16.31999969482422,-0.8505431192915694,50.83508894772471,18.270000457763672,0.3846136917024679,73.43008748256369,97.84600067138672,0.10538295279895904,1.9171021844972356,3784.800048828125,0.44319287542977776,7.350914981874812,52.39987271889345
