VIX_Current,VIX_Momentum,GVZ_Current,GVZ_Momentum,DXY_Current,DXY_Momentum,Composite_Score
16.59000015258789,12.780422226822392,18.3700008392334,5.757052111024156,96.76799774169922,-0.8016456028644915,18.04962859600219
