VIX_Current,VIX_Momentum,VIX_Volatility,GVZ_Current,GVZ_Momentum,GVZ_Volatility,DXY_Current,DXY_Momentum,DXY_Volatility,GOLD_Current,GOLD_Momentum,GOLD_Volatility,Composite_Score
16.56999969482422,2.7915560307887706,66.86661856619091,19.190000534057617,-3.2274301165444843,69.13513873304574,97.75700378417969,-0.14912320759530878,2.6932966088830135,3871.699951171875,-0.5956494840320405,8.337612442681452,49.17577021484311
