VIX_Current,VIX_Momentum,VIX_Volatility,GVZ_Current,GVZ_Momentum,GVZ_Volatility,DXY_Current,DXY_Momentum,DXY_Volatility,GOLD_Current,GOLD_Momentum,GOLD_Volatility,Composite_Score
16.43000030517578,-2.5504169015971048,51.20173247375448,18.270000457763672,0.3846136917024679,73.43008748256369,97.88500213623047,0.14528500855099805,1.9008450821720213,3785.800048828125,0.4697314485590319,7.355232418362447,52.123721700666074
