VIX_Current,VIX_Momentum,VIX_Volatility,GVZ_Current,GVZ_Momentum,GVZ_Volatility,DXY_Current,DXY_Momentum,DXY_Volatility,GOLD_Current,GOLD_Momentum,GOLD_Volatility,Composite_Score
16.06999969482422,-1.8925487290920868,64.07096150863191,19.559999465942383,0.7209031364491867,68.04806710274354,97.66400146484375,0.04712783585695209,2.7044387144699598,3892.800048828125,-0.18205219860535782,9.811469146765418,51.89457152398908
