VIX_Current,VIX_Momentum,VIX_Volatility,GVZ_Current,GVZ_Momentum,GVZ_Volatility,DXY_Current,DXY_Momentum,DXY_Volatility,GOLD_Current,GOLD_Momentum,GOLD_Volatility,Composite_Score
16.100000381469727,-0.30959280644922416,57.61552506288996,19.110000610351562,-2.3006077089846166,68.2968880371514,97.54000091552734,-0.18215825086855233,2.6041194274869577,3905.0,0.3108247825474537,9.494485569207598,52.04021907480035
