VIX_Current,VIX_Momentum,VIX_Volatility,GVZ_Current,GVZ_Momentum,GVZ_Volatility,DXY_Current,DXY_Momentum,DXY_Volatility,GOLD_Current,GOLD_Momentum,GOLD_Volatility,Composite_Score
15.699999809265137,1.815821865018348,26.909129814007205,16.450000762939453,-0.42372695450696546,34.338628956151375,97.3290023803711,-0.014382070237485209,1.378682111109685,3687.60009765625,0.40296364167298543,3.826787746344509,47.64947225734269
