VIX_Current,VIX_Momentum,VIX_Volatility,GVZ_Current,GVZ_Momentum,GVZ_Volatility,DXY_Current,DXY_Momentum,DXY_Volatility,GOLD_Current,GOLD_Momentum,GOLD_Volatility,Composite_Score
16.510000228881836,-2.0759215231275627,51.68413145300431,18.270000457763672,0.3846136917024679,73.43008748256369,97.7959976196289,0.05524836434633684,1.8479990137404554,3774.10009765625,0.18848148808733742,7.146244480111514,51.148471185136785
