VIX_Current,VIX_Momentum,VIX_Volatility,GVZ_Current,GVZ_Momentum,GVZ_Volatility,DXY_Current,DXY_Momentum,DXY_Volatility,GOLD_Current,GOLD_Momentum,GOLD_Volatility,Composite_Score
16.959999084472656,5.210906957243091,55.709068509587226,18.540000915527344,0.925422256545959,87.63380181070139,97.24600219726562,-0.0975963030658344,2.8187206980786526,3810.5,0.10771589327031583,7.7936427865944236,53.47820881214879
