VIX_Current,VIX_Momentum,VIX_Volatility,GVZ_Current,GVZ_Momentum,GVZ_Volatility,DXY_Current,DXY_Momentum,DXY_Volatility,GOLD_Current,GOLD_Momentum,GOLD_Volatility,Composite_Score
16.440000534057617,0.6736105992987544,50.246456878470354,18.270000457763672,0.3846136917024679,73.43008748256369,97.83200073242188,0.005108255635205349,1.923733887786933,3782.300048828125,0.35820419828846334,7.339097862925834,52.46022029464706
