VIX_Current,VIX_Momentum,VIX_Volatility,GVZ_Current,GVZ_Momentum,GVZ_Volatility,DXY_Current,DXY_Momentum,DXY_Volatility,GOLD_Current,GOLD_Momentum,GOLD_Volatility,Composite_Score
16.110000610351562,-0.8615347055288461,58.67541339696823,16.760000228881836,2.69608175419979,91.0821725316875,97.4990005493164,-0.16996914417122153,3.128736519717564,3762.10009765625,0.3895956679452969,8.982243569520207,52.75698054827919
