VIX_Current,VIX_Momentum,VIX_Volatility,GVZ_Current,GVZ_Momentum,GVZ_Volatility,DXY_Current,DXY_Momentum,DXY_Volatility,GOLD_Current,GOLD_Momentum,GOLD_Volatility,Composite_Score
16.799999237060547,-3.7249369481942276,54.8217384801275,18.739999771118164,2.5725194394002884,74.8810788117561,98.53299713134766,0.2543674972242597,2.398738715323778,3770.10009765625,0.16206423103746015,7.172013529808842,52.41036529251337
