VIX_Current,VIX_Momentum,VIX_Volatility,GVZ_Current,GVZ_Momentum,GVZ_Volatility,DXY_Current,DXY_Momentum,DXY_Volatility,GOLD_Current,GOLD_Momentum,GOLD_Volatility,Composite_Score
16.280000686645508,1.7500042915344238,63.51740963652497,19.139999389648438,-4.060157104333209,70.18203236950563,97.90499877929688,-0.007153141592775546,2.639063719523799,3855.199951171875,-0.10623941140557322,8.111571775606075,50.004122204113074
