VIX_Current,VIX_Momentum,VIX_Volatility,GVZ_Current,GVZ_Momentum,GVZ_Volatility,DXY_Current,DXY_Momentum,DXY_Volatility,GOLD_Current,GOLD_Momentum,GOLD_Volatility,Composite_Score
16.110000610351562,1.6403799534655081,55.162097954596646,18.43000030517578,2.7313252872425493,87.15731990141921,97.34200286865234,-0.06057238356754969,3.030073595321384,3782.199951171875,0.29433993339300624,8.515935486472188,53.92380469289348
