VIX_Current,VIX_Momentum,VIX_Volatility,GVZ_Current,GVZ_Momentum,GVZ_Volatility,DXY_Current,DXY_Momentum,DXY_Volatility,GOLD_Current,GOLD_Momentum,GOLD_Volatility,Composite_Score
16.1299991607666,0.6238207725368461,62.46295148884721,19.190000534057617,-3.2274301165444843,69.13513873304574,97.80400085449219,-0.17045841703166864,2.7263035429292564,3898.60009765625,0.570104415226364,8.167440774601525,52.516731814967294
