VIX_Current,VIX_Momentum,VIX_Volatility,GVZ_Current,GVZ_Momentum,GVZ_Volatility,DXY_Current,DXY_Momentum,DXY_Volatility,GOLD_Current,GOLD_Momentum,GOLD_Volatility,Composite_Score
15.479999542236328,-1.2755150449419013,26.953656049379365,16.450000762939453,-1.0823716591146897,35.69048787787128,97.35399627685547,-0.07390863192209193,1.493234880184733,3674.89990234375,0.08442326582065206,4.10710881025675,45.59320306026487
