VIX_Current,VIX_Momentum,GVZ_Current,GVZ_Momentum,DXY_Current,DXY_Momentum
15.119999885559082,0.5319143876925793,16.3799991607666,-14.19591917317986,97.47799682617188,-0.30885861821972466
