VIX_Current,VIX_Momentum,VIX_Volatility,GVZ_Current,GVZ_Momentum,GVZ_Volatility,DXY_Current,DXY_Momentum,DXY_Volatility,GOLD_Current,GOLD_Momentum,GOLD_Volatility,Composite_Score
16.040000915527344,-0.43451081422827564,56.53115991508654,18.43000030517578,2.7313252872425493,87.15731990141921,97.34400177001953,-0.010266149534853304,2.9365627832307983,3815.60009765625,0.7259575853609209,7.792317835780044,54.85865249311685
