VIX_Current,VIX_Momentum,VIX_Volatility,GVZ_Current,GVZ_Momentum,GVZ_Volatility,DXY_Current,DXY_Momentum,DXY_Volatility,GOLD_Current,GOLD_Momentum,GOLD_Volatility,Composite_Score
17.200000762939453,6.765984551779009,67.00928499487941,19.959999084472656,1.1144848830058036,66.55041314673899,97.58300018310547,-0.06246877537916085,2.498354553692319,3915.699951171875,0.5934299166650464,10.127664651640181,57.39177880452525
