VIX_Current,VIX_Momentum,VIX_Volatility,GVZ_Current,GVZ_Momentum,GVZ_Volatility,DXY_Current,DXY_Momentum,DXY_Volatility,GOLD_Current,GOLD_Momentum,GOLD_Volatility,Composite_Score
15.930000305175781,-3.1610968610724424,59.02055012503084,19.1200008392334,-0.46849687417217495,53.436535340428094,98.1989974975586,-0.12510028314007143,2.427859775797031,3806.5,0.6398210311044176,7.296766619923292,52.53441046667495
