VIX_Current,VIX_Momentum,GVZ_Current,GVZ_Momentum,DXY_Current,DXY_Momentum,Composite_Score
16.510000228881836,12.236575024248676,18.34000015258789,11.286411784081647,96.77200317382812,-0.7975395731324565,18.43300822513134
