VIX_Current,VIX_Momentum,GVZ_Current,GVZ_Momentum,DXY_Current,DXY_Momentum
16.1200008392334,5.016289502462841,18.15999984741211,4.548065457742237,96.62999725341797,-0.9329543300880901
