VIX_Current,VIX_Momentum,VIX_Volatility,GVZ_Current,GVZ_Momentum,GVZ_Volatility,DXY_Current,DXY_Momentum,DXY_Volatility,GOLD_Current,GOLD_Momentum,GOLD_Volatility,Composite_Score
16.450000762939453,-2.02501568819725,48.029848415961375,19.049999237060547,3.532606695685318,87.93289832023073,97.49500274658203,0.15820602131254957,2.0734465847905583,3809.300048828125,0.22890993391385944,7.123106559459827,53.43013203223749
