VIX_Current,VIX_Momentum,VIX_Volatility,GVZ_Current,GVZ_Momentum,GVZ_Volatility,DXY_Current,DXY_Momentum,DXY_Volatility,GOLD_Current,GOLD_Momentum,GOLD_Volatility,Composite_Score
15.789999961853027,0.7015284090328526,68.48354616776446,18.59000015258789,-2.924279253773488,52.30110403748732,97.91000366210938,-0.03267002943106943,2.669698358245928,3840.199951171875,0.17215811110971005,7.975215247382559,50.73176134501639
