VIX_Current,VIX_Momentum,VIX_Volatility,GVZ_Current,GVZ_Momentum,GVZ_Volatility,DXY_Current,DXY_Momentum,DXY_Volatility,GOLD_Current,GOLD_Momentum,GOLD_Volatility,Composite_Score
15.289999961853027,-2.425016672563989,66.64284476434538,18.59000015258789,-2.924279253773488,52.30110403748732,97.97200012207031,0.021443092890029648,2.6787503344891626,3846.10009765625,0.7254398706509892,7.993944076789348,51.74670844358267
