VIX_Current,VIX_Momentum,GVZ_Current,GVZ_Momentum,DXY_Current,DXY_Momentum
15.039999961853027,0.0,16.3799991607666,-14.19591917317986,97.39199829101562,-0.39680966774914916
