VIX_Current,VIX_Momentum,VIX_Volatility,GVZ_Current,GVZ_Momentum,GVZ_Volatility,DXY_Current,DXY_Momentum,DXY_Volatility,GOLD_Current,GOLD_Momentum,GOLD_Volatility,Composite_Score
15.3100004196167,-1.48004853797247,17.82544367829934,,,,97.6520004272461,0.08301778443150294,1.5069329623205439,3689.199951171875,-0.05418292225987497,3.2558928242163594,
