VIX_Current,VIX_Momentum,VIX_Volatility,GVZ_Current,GVZ_Momentum,GVZ_Volatility,DXY_Current,DXY_Momentum,DXY_Volatility,GOLD_Current,GOLD_Momentum,GOLD_Volatility,Composite_Score
16.110000610351562,1.6403799534655081,55.44143546443097,18.43000030517578,2.7313252872425493,87.15731990141921,97.33799743652344,0.0,3.017047241674608,3781.199951171875,0.26782247233113987,8.51650988502005,53.85764181054058
