VIX_Current,VIX_Momentum,VIX_Volatility,GVZ_Current,GVZ_Momentum,GVZ_Volatility,DXY_Current,DXY_Momentum,DXY_Volatility,GOLD_Current,GOLD_Momentum,GOLD_Volatility,Composite_Score
16.280000686645508,-0.5497870981911648,61.584039960602134,19.959999084472656,1.1144848830058036,66.55041314673899,97.83300018310547,0.16586557670626773,2.8116250068104325,3888.199951171875,0.37172549337197097,9.748849336826137,54.60943698391523
