VIX_Current,VIX_Momentum,VIX_Volatility,GVZ_Current,GVZ_Momentum,GVZ_Volatility,DXY_Current,DXY_Momentum,DXY_Volatility,GOLD_Current,GOLD_Momentum,GOLD_Volatility,Composite_Score
16.6299991607666,0.4227034847928678,55.39262881079215,18.059999465942383,-1.257525631886112,73.1087708104545,97.91100311279297,0.09098619725504953,2.6307970586339455,3863.699951171875,-0.5943217393756776,9.98076097031845,49.459702117020235
