VIX_Current,VIX_Momentum,VIX_Volatility,GVZ_Current,GVZ_Momentum,GVZ_Volatility,DXY_Current,DXY_Momentum,DXY_Volatility,GOLD_Current,GOLD_Momentum,GOLD_Volatility,Composite_Score
15.890000343322754,0.5060083591572366,56.058047880145566,18.5,5.293115090091557,88.35595806490207,97.35900115966797,-0.15281009789157274,3.064782403956508,3780.10009765625,0.5292310712937772,8.7674205114344,55.68779019051047
