VIX_Current,VIX_Momentum,VIX_Volatility,GVZ_Current,GVZ_Momentum,GVZ_Volatility,DXY_Current,DXY_Momentum,DXY_Volatility,GOLD_Current,GOLD_Momentum,GOLD_Volatility,Composite_Score
16.81999969482422,4.6019886481915595,66.8850091928335,19.959999084472656,1.1144848830058036,66.55041314673899,97.75299835205078,0.20501362886245275,2.5162140895673906,3916.89990234375,0.7666333240419501,10.06774723533755,57.50635785912442
