VIX_Current,VIX_Momentum,VIX_Volatility,GVZ_Current,GVZ_Momentum,GVZ_Volatility,DXY_Current,DXY_Momentum,DXY_Volatility,GOLD_Current,GOLD_Momentum,GOLD_Volatility,Composite_Score
16.110000610351562,1.6403799534655081,55.162097954596646,18.43000030517578,2.7313252872425493,87.15731990141921,97.29199981689453,-0.4644715591077076,4.530638745556828,3781.300048828125,1.8394842129847833,13.2089967884681,60.04404221454287
