VIX_Current,VIX_Momentum,VIX_Volatility,GVZ_Current,GVZ_Momentum,GVZ_Volatility,DXY_Current,DXY_Momentum,DXY_Volatility,GOLD_Current,GOLD_Momentum,GOLD_Volatility,Composite_Score
15.390000343322754,-6.215719156452104,60.42990325252207,18.610000610351562,-2.8198382189845437,52.22168661170144,98.14399719238281,-0.08857245955716567,2.3897814856055093,3795.800048828125,-0.21818691977213625,7.3761367432447,47.305599335201656
