VIX_Current,VIX_Momentum,GVZ_Current,GVZ_Momentum,DXY_Current,DXY_Momentum,Composite_Score
16.559999465942383,12.576474663479715,18.3700008392334,5.757052111024156,96.77200317382812,-0.7975395731324565,17.988547037933643
