VIX_Current,VIX_Momentum,VIX_Volatility,GVZ_Current,GVZ_Momentum,GVZ_Volatility,DXY_Current,DXY_Momentum,DXY_Volatility,GOLD_Current,GOLD_Momentum,GOLD_Volatility,Composite_Score
15.399999618530273,3.4946202963043,28.346740152272876,16.6299991607666,-10.010824823028388,46.50848665401098,97.49700164794922,0.6077976369723487,1.5932040758307633,3675.300048828125,-0.83908521301112,4.389083754095346,41.811801651948294
