VIX_Current,VIX_Momentum,VIX_Volatility,GVZ_Current,GVZ_Momentum,GVZ_Volatility,DXY_Current,DXY_Momentum,DXY_Volatility,GOLD_Current,GOLD_Momentum,GOLD_Volatility,Composite_Score
16.18000030517578,-4.935370916542629,51.071465776651934,18.270000457763672,0.3846136917024679,73.43008748256369,97.79199981689453,-0.019422348165013207,1.8730471219566207,3774.5,0.2044162438160343,7.390801699294751,50.42097554160433
