VIX_Current,VIX_Momentum,GVZ_Current,GVZ_Momentum,DXY_Current,DXY_Momentum,Composite_Score
15.720000267028809,6.866079036455708,17.40999984741211,5.6432058920408235,97.23300170898438,-0.06886057623019473,16.123047467898225
