VIX_Current,VIX_Momentum,VIX_Volatility,GVZ_Current,GVZ_Momentum,GVZ_Volatility,DXY_Current,DXY_Momentum,DXY_Volatility,GOLD_Current,GOLD_Momentum,GOLD_Volatility,Composite_Score
16.420000076293945,-1.7942538838559243,47.3775506819417,19.049999237060547,3.532606695685318,87.93289832023073,97.61199951171875,0.16417931597405794,2.116076501787556,3801.0,-0.08936763828785312,7.460613434171901,52.48473902657195
