VIX_Current,VIX_Momentum,VIX_Volatility,GVZ_Current,GVZ_Momentum,GVZ_Volatility,DXY_Current,DXY_Momentum,DXY_Volatility,GOLD_Current,GOLD_Momentum,GOLD_Volatility,Composite_Score
17.15999984741211,3.937005508898746,51.27099671871716,18.270000457763672,0.3846136917024679,80.0678202619712,98.16100311279297,0.3557804792401197,2.3598612882284495,3772.60009765625,-0.38287870999168255,7.396335023927361,51.279014772761606
