VIX_Current,VIX_Momentum,VIX_Volatility,GVZ_Current,GVZ_Momentum,GVZ_Volatility,DXY_Current,DXY_Momentum,DXY_Volatility,GOLD_Current,GOLD_Momentum,GOLD_Volatility,Composite_Score
16.649999618530273,1.9595817288380952,56.07197198719055,19.049999237060547,3.532606695685318,87.93289832023073,97.33799743652344,0.12548758873597035,2.7288538849964192,3788.39990234375,-0.24488635088865401,8.008880880448283,53.023238289059506
