VIX_Current,VIX_Momentum,VIX_Volatility,GVZ_Current,GVZ_Momentum,GVZ_Volatility,DXY_Current,DXY_Momentum,DXY_Volatility,GOLD_Current,GOLD_Momentum,GOLD_Volatility,Composite_Score
15.699999809265137,1.815821865018348,26.909129814007205,16.450000762939453,-0.42372695450696546,34.338628956151375,97.35199737548828,0.0020533142254941846,1.4401516805566543,3678.199951171875,-0.027179822061083863,4.021145135942534,46.231742826312136
