VIX_Current,VIX_Momentum,VIX_Volatility,GVZ_Current,GVZ_Momentum,GVZ_Volatility,DXY_Current,DXY_Momentum,DXY_Volatility,GOLD_Current,GOLD_Momentum,GOLD_Volatility,Composite_Score
16.40999984741211,2.0522383412424645,56.108985938136954,18.31999969482422,-6.195601378799132,77.69186496813127,97.89299774169922,0.3300146549808403,2.6713194899352937,3887.199951171875,-0.4965992422929095,9.436873153299628,47.929278961956896
