VIX_Current,VIX_Momentum,VIX_Volatility,GVZ_Current,GVZ_Momentum,GVZ_Volatility,DXY_Current,DXY_Momentum,DXY_Volatility,GOLD_Current,GOLD_Momentum,GOLD_Volatility,Composite_Score
16.110000610351562,1.0031398307195183,63.639381171535135,19.809999465942383,6.562664353634541,68.43053424451597,97.94999694824219,0.08275720566896214,2.6475771999563755,3856.699951171875,0.1558158276698249,8.105385520811424,56.358720678865055
