VIX_Current,VIX_Momentum,VIX_Volatility,GVZ_Current,GVZ_Momentum,GVZ_Volatility,DXY_Current,DXY_Momentum,DXY_Volatility,GOLD_Current,GOLD_Momentum,GOLD_Volatility,Composite_Score
16.049999237060547,-2.0146516520981943,64.10255211492213,19.420000076293945,0.0,68.34758422967798,97.68399810791016,0.06761242255364719,2.6882597219322184,3888.300048828125,-0.29743977553510426,9.87162113301317,51.04604451192354
