VIX_Current,VIX_Momentum,VIX_Volatility,GVZ_Current,GVZ_Momentum,GVZ_Volatility,DXY_Current,DXY_Momentum,DXY_Volatility,GOLD_Current,GOLD_Momentum,GOLD_Volatility,Composite_Score
15.619999885559082,-1.5752993182280215,16.7645541703005,16.709999084472656,-0.17921557380943673,36.79896657753579,97.63899993896484,0.047132087891298344,1.441559590672259,3717.39990234375,0.356350935313279,3.2217924522182404,46.064777404316146
