VIX_Current,VIX_Momentum,VIX_Volatility,GVZ_Current,GVZ_Momentum,GVZ_Volatility,DXY_Current,DXY_Momentum,DXY_Volatility,GOLD_Current,GOLD_Momentum,GOLD_Volatility,Composite_Score
16.829999923706055,2.5594154795813737,48.41911786315127,18.579999923706055,0.0,76.299857649913,97.81500244140625,0.21618598889358845,2.156516224112926,3795.699951171875,-0.1499434765692686,7.458547659045845,51.52901448726305
