VIX_Current,VIX_Momentum,GVZ_Current,GVZ_Momentum,DXY_Current,DXY_Momentum,Composite_Score
16.360000610351562,6.579805887829762,18.3700008392334,5.757052111024156,96.73500061035156,-0.8354714668474468,16.415633521704788
