VIX_Current,VIX_Momentum,VIX_Volatility,GVZ_Current,GVZ_Momentum,GVZ_Volatility,DXY_Current,DXY_Momentum,DXY_Volatility,GOLD_Current,GOLD_Momentum,GOLD_Volatility,Composite_Score
16.170000076293945,-0.12353586846151425,61.9699614130261,19.719999313354492,-0.303343636037008,67.1526875058438,97.7770004272461,0.07471346628238583,2.838140944409341,3875.800048828125,-0.15199274590940073,9.80774906123121,52.00848179132665
