VIX_Current,VIX_Momentum,VIX_Volatility,GVZ_Current,GVZ_Momentum,GVZ_Volatility,DXY_Current,DXY_Momentum,DXY_Volatility,GOLD_Current,GOLD_Momentum,GOLD_Volatility,Composite_Score
16.540000915527344,-3.7252583136196233,50.995804101452194,18.030000686645508,-0.11079529784121941,74.30007466227617,97.89600372314453,0.065421324559956,2.1171307458999205,3751.39990234375,-0.601473059143212,7.6325050249758055,47.80144538183172
