VIX_Current,VIX_Momentum,VIX_Volatility,GVZ_Current,GVZ_Momentum,GVZ_Volatility,DXY_Current,DXY_Momentum,DXY_Volatility,GOLD_Current,GOLD_Momentum,GOLD_Volatility,Composite_Score
16.280000686645508,-0.5497870981911648,61.584039960602134,19.959999084472656,1.1144848830058036,66.55041314673899,97.6449966430664,-0.1656349390031435,2.571164541275337,3892.5,0.1260392586856875,10.256744307693149,53.66073421948799
