VIX_Current,VIX_Momentum,VIX_Volatility,GVZ_Current,GVZ_Momentum,GVZ_Volatility,DXY_Current,DXY_Momentum,DXY_Volatility,GOLD_Current,GOLD_Momentum,GOLD_Volatility,Composite_Score
15.949999809265137,1.205581076294065,65.80516081515097,18.59000015258789,-2.924279253773488,52.30110403748732,97.9520034790039,0.030643174760682495,2.634767714034391,3853.0,0.11692867350915942,8.205551421397555,50.86007860957743
