VIX_Current,VIX_Momentum,VIX_Volatility,GVZ_Current,GVZ_Momentum,GVZ_Volatility,DXY_Current,DXY_Momentum,DXY_Volatility,GOLD_Current,GOLD_Momentum,GOLD_Volatility,Composite_Score
16.389999389648438,-4.598375445251546,51.05224782750709,18.239999771118164,0.2197747609997944,73.33544641365691,97.86900329589844,-0.027580724666200363,2.103947184199705,3762.39990234375,-0.15657316052127648,7.570714017380041,49.28614335795683
