VIX_Current,VIX_Momentum,VIX_Volatility,GVZ_Current,GVZ_Momentum,GVZ_Volatility,DXY_Current,DXY_Momentum,DXY_Volatility,GOLD_Current,GOLD_Momentum,GOLD_Volatility,Composite_Score
15.770000457763672,1.3496146046514421,67.87146920606845,18.59000015258789,-2.924279253773488,52.30110403748732,97.91500091552734,-0.0030621051014203494,2.6535180770127624,3848.199951171875,0.16658603421336776,8.04243926184541,50.93701079311725
