VIX_Current,VIX_Momentum,VIX_Volatility,GVZ_Current,GVZ_Momentum,GVZ_Volatility,DXY_Current,DXY_Momentum,DXY_Volatility,GOLD_Current,GOLD_Momentum,GOLD_Volatility,Composite_Score
17.18000030517578,-1.2075853469992655,87.23979395764516,23.329999923706055,3.230086415551001,82.04047674723549,99.55799865722656,-0.006030626848795174,2.4193119012143054,4138.2001953125,0.6738887072740543,7.864110948913148,58.88
