VIX_Current,VIX_Momentum,VIX_Volatility,GVZ_Current,GVZ_Momentum,GVZ_Volatility,DXY_Current,DXY_Momentum,DXY_Volatility,GOLD_Current,GOLD_Momentum,GOLD_Volatility,Composite_Score
17.959999084472656,1.297233774250384,92.64168431079334,23.329999923706055,3.230086415551001,81.63710158822697,99.572998046875,-0.12437741462875221,2.3893335096679387,4148.2998046875,0.294956764662515,7.606138641225797,58.33
