VIX_Current,VIX_Momentum,VIX_Volatility,GVZ_Current,GVZ_Momentum,GVZ_Volatility,DXY_Current,DXY_Momentum,DXY_Volatility,GOLD_Current,GOLD_Momentum,GOLD_Volatility,Composite_Score
17.649999618530273,-1.3966480744569252,123.30940964109263,22.729999542236328,-3.0703675790109997,85.65317399335763,99.38500213623047,-0.18880209929606645,2.566284477259766,4118.60009765625,-0.5337285148359334,8.057245614706316,51.41
