VIX_Current,VIX_Momentum,VIX_Volatility,GVZ_Current,GVZ_Momentum,GVZ_Volatility,DXY_Current,DXY_Momentum,DXY_Volatility,GOLD_Current,GOLD_Momentum,GOLD_Volatility,Composite_Score
15.739999771118164,-4.082876797830108,86.4241519683217,24.739999771118164,-1.7864261746681542,82.13315354953426,98.86199951171875,-0.08691286014246553,1.9065258817565809,4050.60009765625,-1.04800054583486,17.800507254864577,51.947631601221616
