VIX_Current,VIX_Momentum,VIX_Volatility,GVZ_Current,GVZ_Momentum,GVZ_Volatility,DXY_Current,DXY_Momentum,DXY_Volatility,GOLD_Current,GOLD_Momentum,GOLD_Volatility,Composite_Score
,,,24.670000076293945,3.961232836876115,110.2651878916346,99.23300170898438,-0.00402854051819947,3.155272843552644,4123.89990234375,-0.021816873214727514,12.854400289618715,
