VIX_Current,VIX_Momentum,VIX_Volatility,GVZ_Current,GVZ_Momentum,GVZ_Volatility,DXY_Current,DXY_Momentum,DXY_Volatility,GOLD_Current,GOLD_Momentum,GOLD_Volatility,Composite_Score
16.600000381469727,0.9118517420875182,45.90613164066543,25.010000228881836,3.9484654365192586,72.42202909759598,98.68599700927734,-0.2143679443550559,2.4609872064512612,4010.699951171875,-0.6957536227722727,14.763090204962491,56.96511497655846
