VIX_Current,VIX_Momentum,VIX_Volatility,GVZ_Current,GVZ_Momentum,GVZ_Volatility,DXY_Current,DXY_Momentum,DXY_Volatility,GOLD_Current,GOLD_Momentum,GOLD_Volatility,Composite_Score
17.110000610351562,3.1344210547373414,61.596636288605936,24.670000076293945,-1.2409906790359782,70.87397624930276,99.05899810791016,-0.0927906604534346,2.9736572913678185,3968.199951171875,0.22731865303585158,14.848948685347867,58.05809219659513
