VIX_Current,VIX_Momentum,VIX_Volatility,GVZ_Current,GVZ_Momentum,GVZ_Volatility,DXY_Current,DXY_Momentum,DXY_Volatility,GOLD_Current,GOLD_Momentum,GOLD_Volatility,Composite_Score
19.790000915527344,6.283566184533616,117.66227292768374,27.06999969482422,-1.7422851380359667,113.72350106793702,98.87300109863281,-0.015168058383600351,2.124090140791501,4097.10009765625,1.64483596370404,21.924274703266637,66.61457180867448
