VIX_Current,VIX_Momentum,VIX_Volatility,GVZ_Current,GVZ_Momentum,GVZ_Volatility,DXY_Current,DXY_Momentum,DXY_Volatility,GOLD_Current,GOLD_Momentum,GOLD_Volatility,Composite_Score
17.209999084472656,0.23295869540464506,84.2801279551409,23.329999923706055,3.230086415551001,82.04047674723549,99.55999755859375,-0.013056238675398613,2.3999628400961064,4133.0,-0.09185372430143603,7.768756670710294,56.67
