VIX_Current,VIX_Momentum,VIX_Volatility,GVZ_Current,GVZ_Momentum,GVZ_Volatility,DXY_Current,DXY_Momentum,DXY_Volatility,GOLD_Current,GOLD_Momentum,GOLD_Volatility,Composite_Score
16.510000228881836,-2.8251886327408577,48.22198657390106,21.639999389648438,7.822619425495558,80.27620605335656,98.98300170898438,0.2044962924282307,2.871578624445475,4067.10009765625,0.12308903965426404,7.14691534381457,57.8187871850855
