VIX_Current,VIX_Momentum,VIX_Volatility,GVZ_Current,GVZ_Momentum,GVZ_Volatility,DXY_Current,DXY_Momentum,DXY_Volatility,GOLD_Current,GOLD_Momentum,GOLD_Volatility,Composite_Score
22.309999465942383,4.545451295307798,66.31089773186777,24.84000015258789,-0.8383197240260605,95.18569581827646,99.04900360107422,-0.250753216223478,2.7534844157995,4089.300048828125,-1.9799097641154062,11.637288151117083,40.03
