VIX_Current,VIX_Momentum,VIX_Volatility,GVZ_Current,GVZ_Momentum,GVZ_Volatility,DXY_Current,DXY_Momentum,DXY_Volatility,GOLD_Current,GOLD_Momentum,GOLD_Volatility,Composite_Score
16.93000030517578,1.3772427049628753,47.03868865062315,24.670000076293945,-1.2409906790359782,70.87397624930276,99.05400085449219,-0.015140346234920877,3.139307333675576,3970.89990234375,0.2651247414127583,14.453203650150472,57.69935276040654
