VIX_Current,VIX_Momentum,VIX_Volatility,GVZ_Current,GVZ_Momentum,GVZ_Volatility,DXY_Current,DXY_Momentum,DXY_Volatility,GOLD_Current,GOLD_Momentum,GOLD_Volatility,Composite_Score
16.139999389648438,0.0,67.32086892880879,24.81999969482422,1.2647876909323277,61.368993768402945,99.5469970703125,-0.027115941836879414,3.1095677790142524,4013.10009765625,-0.483558982487091,14.584127925635276,56.27380844362253
