VIX_Current,VIX_Momentum,VIX_Volatility,GVZ_Current,GVZ_Momentum,GVZ_Volatility,DXY_Current,DXY_Momentum,DXY_Volatility,GOLD_Current,GOLD_Momentum,GOLD_Volatility,Composite_Score
16.43000030517578,-1.6756361139304714,46.68007725002597,21.979999542236328,2.758299062287106,86.15046230387256,99.43699645996094,-0.0020178508446086823,2.8125910647767203,3989.5,0.178286908154839,10.644560057104705,56.555447422374165
