VIX_Current,VIX_Momentum,VIX_Volatility,GVZ_Current,GVZ_Momentum,GVZ_Volatility,DXY_Current,DXY_Momentum,DXY_Volatility,GOLD_Current,GOLD_Momentum,GOLD_Volatility,Composite_Score
20.600000381469727,-6.871611212001878,119.68064165527115,31.209999084472656,0.6125036231630087,102.8319311069337,98.48300170898438,0.06807972537404701,2.4512968540568005,4277.5,-0.053736267873584,16.394169126299314,60.00640134414196
