VIX_Current,VIX_Momentum,VIX_Volatility,GVZ_Current,GVZ_Momentum,GVZ_Volatility,DXY_Current,DXY_Momentum,DXY_Volatility,GOLD_Current,GOLD_Momentum,GOLD_Volatility,Composite_Score
25.15999984741211,-10.20699701508793,141.18437457581788,32.77000045776367,6.430657627027929,102.53152223176075,98.31600189208984,0.14463940127432193,2.6022920371074068,4339.7998046875,-0.3375862972212654,11.576723870521477,62.16542163412643
