VIX_Current,VIX_Momentum,VIX_Volatility,GVZ_Current,GVZ_Momentum,GVZ_Volatility,DXY_Current,DXY_Momentum,DXY_Volatility,GOLD_Current,GOLD_Momentum,GOLD_Volatility,Composite_Score
15.869999885559082,0.4430360378430036,79.66581931381225,23.940000534057617,0.9700609804560713,80.77321048261638,98.75199890136719,0.15009799815431843,2.1047239260140724,3918.89990234375,-1.5524920136201608,14.486964962596202,51.46404490903279
