VIX_Current,VIX_Momentum,VIX_Volatility,GVZ_Current,GVZ_Momentum,GVZ_Volatility,DXY_Current,DXY_Momentum,DXY_Volatility,GOLD_Current,GOLD_Momentum,GOLD_Volatility,Composite_Score
16.65999984741211,2.1459251559178623,57.62436429043133,24.260000228881836,-3.2695362732004662,68.08419301026348,99.51300048828125,0.3438505102675104,3.3929677923977275,3995.199951171875,-0.37901335383017226,15.327911226664122,55.090587393035165
