VIX_Current,VIX_Momentum,VIX_Volatility,GVZ_Current,GVZ_Momentum,GVZ_Volatility,DXY_Current,DXY_Momentum,DXY_Volatility,GOLD_Current,GOLD_Momentum,GOLD_Volatility,Composite_Score
21.420000076293945,2.6845611196410455,83.63374967374033,24.139999389648438,0.04144313812532364,65.02583048859148,99.47899627685547,-0.042209628839679075,2.7587923481485164,4075.5,-0.056404159119719126,14.40209028534757,49.81
