VIX_Current,VIX_Momentum,VIX_Volatility,GVZ_Current,GVZ_Momentum,GVZ_Volatility,DXY_Current,DXY_Momentum,DXY_Volatility,GOLD_Current,GOLD_Momentum,GOLD_Volatility,Composite_Score
17.5,1.6260203124884045,83.81667095624508,22.90999984741211,2.1855475889862785,90.10658248574966,99.5770034790039,0.022101525549371198,2.3747182153035213,4141.10009765625,0.22750688335069386,7.70767510794291,57.43
