VIX_Current,VIX_Momentum,VIX_Volatility,GVZ_Current,GVZ_Momentum,GVZ_Volatility,DXY_Current,DXY_Momentum,DXY_Volatility,GOLD_Current,GOLD_Momentum,GOLD_Volatility,Composite_Score
17.600000381469727,-0.9566689471843692,94.83386356011803,23.329999923706055,3.230086415551001,81.63710158822697,99.65399932861328,0.03211909029607536,2.3060243503359508,4149.2998046875,0.550082549654922,7.189819667673808,58.53
