VIX_Current,VIX_Momentum,VIX_Volatility,GVZ_Current,GVZ_Momentum,GVZ_Volatility,DXY_Current,DXY_Momentum,DXY_Volatility,GOLD_Current,GOLD_Momentum,GOLD_Volatility,Composite_Score
19.25,-11.575564560289125,121.75471200794053,20.350000381469727,-0.9250269016005014,36.762134121947184,99.6520004272461,-0.019059899907203547,2.2798924028558836,4063.199951171875,0.8663679944571843,8.075253707211857,53.91
