VIX_Current,VIX_Momentum,VIX_Volatility,GVZ_Current,GVZ_Momentum,GVZ_Volatility,DXY_Current,DXY_Momentum,DXY_Volatility,GOLD_Current,GOLD_Momentum,GOLD_Volatility,Composite_Score
22.010000228881836,15.054893854997028,118.2880135096193,20.709999084472656,2.9835825753891143,40.28658029907831,99.46900177001953,-0.21067535054770997,2.1598000350507487,4016.199951171875,0.32223171349662266,8.01411945249987,60.15
