VIX_Current,VIX_Momentum,VIX_Volatility,GVZ_Current,GVZ_Momentum,GVZ_Volatility,DXY_Current,DXY_Momentum,DXY_Volatility,GOLD_Current,GOLD_Momentum,GOLD_Volatility,Composite_Score
20.149999618530273,22.417987480561496,110.0111557969004,22.40999984741211,2.7510334532867047,119.64744712093062,98.97799682617188,-0.32125870222917213,2.929889037652982,4012.10009765625,0.2523762532796102,10.410120157471455,60.613479459112185
