VIX_Current,VIX_Momentum,VIX_Volatility,GVZ_Current,GVZ_Momentum,GVZ_Volatility,DXY_Current,DXY_Momentum,DXY_Volatility,GOLD_Current,GOLD_Momentum,GOLD_Volatility,Composite_Score
17.290000915527344,-1.9285210517529812,98.91252097979287,21.420000076293945,-3.7735855523397968,61.02110518796733,99.80599975585938,-0.10209130241514773,2.4431237167117583,4006.5,0.3129694541812719,11.451972577009924,53.80484483113612
