VIX_Current,VIX_Momentum,VIX_Volatility,GVZ_Current,GVZ_Momentum,GVZ_Volatility,DXY_Current,DXY_Momentum,DXY_Volatility,GOLD_Current,GOLD_Momentum,GOLD_Volatility,Composite_Score
25.299999237060547,12.745091956046325,165.63140479816923,32.77000045776367,6.430657627027929,102.53152223176075,98.18000030517578,-0.03461480349923348,2.557970221510238,4380.2998046875,0.24028560733461088,11.48419400796806,68.97714072249927
