VIX_Current,VIX_Momentum,VIX_Volatility,GVZ_Current,GVZ_Momentum,GVZ_Volatility,DXY_Current,DXY_Momentum,DXY_Volatility,GOLD_Current,GOLD_Momentum,GOLD_Volatility,Composite_Score
17.75,2.898550724637681,83.46558572719046,24.940000534057617,10.64773523091103,92.74403236652411,99.4540023803711,-0.1265308780545734,2.4608547151924167,4191.7998046875,1.3393265557413716,8.998322473482505,66.61
