VIX_Current,VIX_Momentum,VIX_Volatility,GVZ_Current,GVZ_Momentum,GVZ_Volatility,DXY_Current,DXY_Momentum,DXY_Volatility,GOLD_Current,GOLD_Momentum,GOLD_Volatility,Composite_Score
20.6200008392334,5.2577880480998465,80.38957061576659,24.1299991607666,-0.33044166349169135,71.50001624793597,99.37899780273438,-0.004030298943009961,2.820910456507229,4080.300048828125,0.03677552177216834,14.748825982226704,50.76
