VIX_Current,VIX_Momentum,VIX_Volatility,GVZ_Current,GVZ_Momentum,GVZ_Volatility,DXY_Current,DXY_Momentum,DXY_Volatility,GOLD_Current,GOLD_Momentum,GOLD_Volatility,Composite_Score
19.540000915527344,-6.057684460334942,173.04869036464373,26.09000015258789,4.863348201913712,94.11698142288708,98.88600158691406,0.10933781724457269,2.895908323969935,4214.7001953125,-0.05690883043264259,12.503001517684392,58.916978185822764
