VIX_Current,VIX_Momentum,VIX_Volatility,GVZ_Current,GVZ_Momentum,GVZ_Volatility,DXY_Current,DXY_Momentum,DXY_Volatility,GOLD_Current,GOLD_Momentum,GOLD_Volatility,Composite_Score
18.829999923706055,-8.280568466056023,117.33847465039236,30.84000015258789,-1.9395885391213872,111.23894860101113,98.45700073242188,-0.0872700605780573,2.405435299405935,4360.39990234375,1.5274308614956087,17.080908615993486,63.06670263538059
