VIX_Current,VIX_Momentum,VIX_Volatility,GVZ_Current,GVZ_Momentum,GVZ_Volatility,DXY_Current,DXY_Momentum,DXY_Volatility,GOLD_Current,GOLD_Momentum,GOLD_Volatility,Composite_Score
17.489999771118164,-1.5756931875776974,108.25408195676931,30.329999923706055,1.5060266920298933,110.76083797532573,98.9229965209961,-0.015168103768028414,2.2785356834782844,4136.2001953125,-0.3829363929045225,19.562380533862875,60.135532443121974
