VIX_Current,VIX_Momentum,VIX_Volatility,GVZ_Current,GVZ_Momentum,GVZ_Volatility,DXY_Current,DXY_Momentum,DXY_Volatility,GOLD_Current,GOLD_Momentum,GOLD_Volatility,Composite_Score
19.43000030517578,2.913141784201475,110.86975001259489,20.31999969482422,0.7936500427734288,35.32869616480778,99.68900299072266,-0.25115013463277835,2.182326474249399,3996.10009765625,-0.14492628074238664,8.633898182502056,54.443286693457
