VIX_Current,VIX_Momentum,VIX_Volatility,GVZ_Current,GVZ_Momentum,GVZ_Volatility,DXY_Current,DXY_Momentum,DXY_Volatility,GOLD_Current,GOLD_Momentum,GOLD_Volatility,Composite_Score
17.93000030517578,3.5219435398364967,115.03998025708515,25.3700008392334,10.30435147492782,89.97343915130831,99.45999908447266,-0.16962804202480944,2.4476455114787603,4204.2998046875,1.7275981521657329,9.018212448694428,68.3
