VIX_Current,VIX_Momentum,VIX_Volatility,GVZ_Current,GVZ_Momentum,GVZ_Volatility,DXY_Current,DXY_Momentum,DXY_Volatility,GOLD_Current,GOLD_Momentum,GOLD_Volatility,Composite_Score
20.020000457763672,1.7276430249773502,73.79369295824964,24.84000015258789,-0.8383197240260605,95.18569581827646,99.1500015258789,-0.07256313731110864,2.495087648466742,4206.2001953125,0.3148150563439065,10.739679910602531,50.82
