VIX_Current,VIX_Momentum,VIX_Volatility,GVZ_Current,GVZ_Momentum,GVZ_Volatility,DXY_Current,DXY_Momentum,DXY_Volatility,GOLD_Current,GOLD_Momentum,GOLD_Volatility,Composite_Score
18.34000015258789,-4.528885858136148,111.10957447231311,21.329999923706055,-1.523545364869808,42.30601683039426,100.08499908447266,-0.0019971638748424664,2.494161645171915,3969.39990234375,-0.6333404044702542,11.253296544290144,51.27847478874972
