VIX_Current,VIX_Momentum,VIX_Volatility,GVZ_Current,GVZ_Momentum,GVZ_Volatility,DXY_Current,DXY_Momentum,DXY_Volatility,GOLD_Current,GOLD_Momentum,GOLD_Volatility,Composite_Score
17.25,-0.17361507785525276,46.83080965996536,19.93000030517578,-2.30391824580021,64.3082029810888,98.5739974975586,-0.0040632108684157415,2.7184064472761067,4013.60009765625,0.24476868746213692,9.80790585659556,53.454149566585
