VIX_Current,VIX_Momentum,VIX_Volatility,GVZ_Current,GVZ_Momentum,GVZ_Volatility,DXY_Current,DXY_Momentum,DXY_Volatility,GOLD_Current,GOLD_Momentum,GOLD_Volatility,Composite_Score
19.579999923706055,-4.113614835697608,174.53058810392847,26.09000015258789,4.863348201913712,94.11698142288708,98.8290023803711,0.05163346342751967,2.875685218148607,4209.7998046875,-0.1731116833770985,12.501808001128481,58.97894130138625
