VIX_Current,VIX_Momentum,VIX_Volatility,GVZ_Current,GVZ_Momentum,GVZ_Volatility,DXY_Current,DXY_Momentum,DXY_Volatility,GOLD_Current,GOLD_Momentum,GOLD_Volatility,Composite_Score
20.420000076293945,-1.2094823370935568,179.05901912139274,27.1200008392334,3.3142889113653276,82.8641227490654,98.63700103759766,0.03143645325624555,2.5352749758580804,4247.2998046875,0.014119418546707107,11.054284064780495,59.875210166881814
