VIX_Current,VIX_Momentum,VIX_Volatility,GVZ_Current,GVZ_Momentum,GVZ_Volatility,DXY_Current,DXY_Momentum,DXY_Volatility,GOLD_Current,GOLD_Momentum,GOLD_Volatility,Composite_Score
18.68000030517578,2.468462831811186,110.08660143697907,31.549999237060547,2.9363772585046126,103.87541463973908,98.90899658203125,0.17419718156625397,2.3184993836801433,4276.2998046875,-1.8882276677093028,18.948091940629126,57.7265944946951
