VIX_Current,VIX_Momentum,VIX_Volatility,GVZ_Current,GVZ_Momentum,GVZ_Volatility,DXY_Current,DXY_Momentum,DXY_Volatility,GOLD_Current,GOLD_Momentum,GOLD_Volatility,Composite_Score
17.770000457763672,0.39547848478506986,114.30681733633593,29.850000381469727,1.2550910616646858,110.79159833024707,99.03099822998047,0.14865452493973424,2.09222515863286,4130.5,-0.27523365152545604,19.808582646208702,60.81896749443173
