VIX_Current,VIX_Momentum,VIX_Volatility,GVZ_Current,GVZ_Momentum,GVZ_Volatility,DXY_Current,DXY_Momentum,DXY_Volatility,GOLD_Current,GOLD_Momentum,GOLD_Volatility,Composite_Score
19.25,-11.575564560289125,121.75471200794053,20.350000381469727,-0.9250269016005014,36.762134121947184,99.55599975585938,0.11665055471159602,2.167901811400563,4007.800048828125,-0.11962440091971031,7.836594035170476,50.6
