VIX_Current,VIX_Momentum,VIX_Volatility,GVZ_Current,GVZ_Momentum,GVZ_Volatility,DXY_Current,DXY_Momentum,DXY_Volatility,GOLD_Current,GOLD_Momentum,GOLD_Volatility,Composite_Score
18.229999542236328,-2.825163540400968,113.29432039557928,31.549999237060547,2.9363772585046126,103.87541463973908,98.72000122070312,0.010132850089390907,2.323647992569365,4356.2001953125,-0.15356086963285398,18.379970075474876,61.83086309354226
