VIX_Current,VIX_Momentum,VIX_Volatility,GVZ_Current,GVZ_Momentum,GVZ_Volatility,DXY_Current,DXY_Momentum,DXY_Volatility,GOLD_Current,GOLD_Momentum,GOLD_Volatility,Composite_Score
18.780000686645508,1.2944970834233511,105.51682831843054,21.479999542236328,0.04657768608132057,41.808825410020816,100.21299743652344,0.10088493417101817,2.4503590090791,3948.39990234375,-0.7790119304607187,11.359540338314996,53.211199195584946
