VIX_Current,VIX_Momentum,VIX_Volatility,GVZ_Current,GVZ_Momentum,GVZ_Volatility,DXY_Current,DXY_Momentum,DXY_Volatility,GOLD_Current,GOLD_Momentum,GOLD_Volatility,Composite_Score
16.280000686645508,-2.1046211171604154,46.77885798379735,18.059999465942383,-1.257525631886112,73.1087708104545,97.76399993896484,-0.14503533346554728,2.62116468653542,3891.0,0.23183925811437403,9.544929572101388,51.38720834996527
