VIX_Current,VIX_Momentum,VIX_Volatility,GVZ_Current,GVZ_Momentum,GVZ_Volatility,DXY_Current,DXY_Momentum,DXY_Volatility,GOLD_Current,GOLD_Momentum,GOLD_Volatility,Composite_Score
16.40999984741211,0.674850401842101,45.003709421671815,24.059999465942383,-1.8359884077405513,59.42728622241833,98.87999725341797,0.022249634883723085,2.4487587422318167,4038.699951171875,0.6028135800691244,15.050259833084006,58.041899246096676
