VIX_Current,VIX_Momentum,VIX_Volatility,GVZ_Current,GVZ_Momentum,GVZ_Volatility,DXY_Current,DXY_Momentum,DXY_Volatility,GOLD_Current,GOLD_Momentum,GOLD_Volatility,Composite_Score
19.43000030517578,-6.631423335810778,117.5868704999951,29.530000686645508,-4.649656631048249,120.93234935206895,98.58899688720703,0.08832103592837467,2.403432163393391,4323.39990234375,1.1227019950504904,16.880653886632892,60.35026879796627
