VIX_Current,VIX_Momentum,VIX_Volatility,GVZ_Current,GVZ_Momentum,GVZ_Volatility,DXY_Current,DXY_Momentum,DXY_Volatility,GOLD_Current,GOLD_Momentum,GOLD_Volatility,Composite_Score
16.149999618530273,-6.9164307582441715,68.45001592972604,24.81999969482422,1.2647876909323277,61.368993768402945,99.50299835205078,-0.09237699435181977,3.1207910616982053,4020.10009765625,-0.11925277159576102,14.65020534526371,55.733010672803154
