VIX_Current,VIX_Momentum,VIX_Volatility,GVZ_Current,GVZ_Momentum,GVZ_Volatility,DXY_Current,DXY_Momentum,DXY_Volatility,GOLD_Current,GOLD_Momentum,GOLD_Volatility,Composite_Score
16.809999465942383,0.2385152479837494,45.96884511446985,21.520000457763672,0.6077656466794834,87.19054941747909,99.54000091552734,0.28309596346708504,2.7995948390272534,3972.5,-1.658621116474811,10.237149086579445,49.70035184355622
