VIX_Current,VIX_Momentum,VIX_Volatility,GVZ_Current,GVZ_Momentum,GVZ_Volatility,DXY_Current,DXY_Momentum,DXY_Volatility,GOLD_Current,GOLD_Momentum,GOLD_Volatility,Composite_Score
20.81999969482422,6.659832000892702,115.02751620907507,20.1200008392334,-1.0816092020849928,34.41298475052655,99.6520004272461,-0.17930387574398843,2.1633702773592565,4003.10009765625,-0.30135120698269435,8.035335504255995,53.98
