VIX_Current,VIX_Momentum,VIX_Volatility,GVZ_Current,GVZ_Momentum,GVZ_Volatility,DXY_Current,DXY_Momentum,DXY_Volatility,GOLD_Current,GOLD_Momentum,GOLD_Volatility,Composite_Score
16.68000030517578,-0.8912633345826109,59.45619640345894,24.600000381469727,0.20367065565402637,62.07368096272552,99.51899719238281,0.010043821730904703,3.3295273388799993,4024.699951171875,0.376592506680439,15.234879679563734,58.5909964848322
