VIX_Current,VIX_Momentum,VIX_Volatility,GVZ_Current,GVZ_Momentum,GVZ_Volatility,DXY_Current,DXY_Momentum,DXY_Volatility,GOLD_Current,GOLD_Momentum,GOLD_Volatility,Composite_Score
17.1299991607666,-0.23296980401631856,83.61131018637057,23.329999923706055,3.230086415551001,82.04047674723549,99.61100006103516,-0.015055698041817318,2.3928916554395596,4132.60009765625,0.04841911472221247,7.749479769430308,57.01
