VIX_Current,VIX_Momentum,VIX_Volatility,GVZ_Current,GVZ_Momentum,GVZ_Volatility,DXY_Current,DXY_Momentum,DXY_Volatility,GOLD_Current,GOLD_Momentum,GOLD_Volatility,Composite_Score
19.700000762939453,1.703664994364115,112.05380249929284,21.43000030517578,-0.1863018605400293,41.74763241551773,100.16400146484375,0.0309570560944447,1.956603033354951,3973.5,-0.41353383458646614,9.962799265070029,54.33695879918688
