VIX_Current,VIX_Momentum,VIX_Volatility,GVZ_Current,GVZ_Momentum,GVZ_Volatility,DXY_Current,DXY_Momentum,DXY_Volatility,GOLD_Current,GOLD_Momentum,GOLD_Volatility,Composite_Score
17.350000381469727,5.343054673971338,60.38259983242511,24.81999969482422,1.2647876909323277,61.368993768402945,99.5530014038086,0.043211000557771516,3.1320871031517927,4019.800048828125,0.07966815451063257,14.7260182747171,59.8582919951404
