VIX_Current,VIX_Momentum,VIX_Volatility,GVZ_Current,GVZ_Momentum,GVZ_Volatility,DXY_Current,DXY_Momentum,DXY_Volatility,GOLD_Current,GOLD_Momentum,GOLD_Volatility,Composite_Score
16.420000076293945,-1.0247141333957541,38.19813896233544,19.510000228881836,0.41173403216439597,62.70382066602309,98.50299835205078,0.07111405298946427,2.798300236986156,3992.39990234375,0.46047669252952184,8.485070158097868,54.40608182564811
