VIX_Current,VIX_Momentum,VIX_Volatility,GVZ_Current,GVZ_Momentum,GVZ_Volatility,DXY_Current,DXY_Momentum,DXY_Volatility,GOLD_Current,GOLD_Momentum,GOLD_Volatility,Composite_Score
16.43000030517578,-0.544795097421408,46.858015405194365,21.020000457763672,-2.05031987642229,85.43070746129172,98.88899993896484,-0.09496758877438549,2.8684481475971255,4063.5,-0.0909704764037711,8.808635963666894,52.56747474561697
