VIX_Current,VIX_Momentum,VIX_Volatility,GVZ_Current,GVZ_Momentum,GVZ_Volatility,DXY_Current,DXY_Momentum,DXY_Volatility,GOLD_Current,GOLD_Momentum,GOLD_Volatility,Composite_Score
17.520000457763672,-0.34129389193839244,80.55320824927898,25.780000686645508,0.11650752095342841,88.44741102649448,99.55000305175781,0.050254323374685925,2.284557288359899,4213.7001953125,0.3979079178579938,9.497041780822556,51.06
