VIX_Current,VIX_Momentum,VIX_Volatility,GVZ_Current,GVZ_Momentum,GVZ_Volatility,DXY_Current,DXY_Momentum,DXY_Volatility,GOLD_Current,GOLD_Momentum,GOLD_Volatility,Composite_Score
26.739999771118164,5.691701887280065,138.85134554549302,32.77000045776367,6.430657627027929,102.53152223176075,98.2490005493164,0.11310609599021826,2.5799850371699495,4348.39990234375,-0.5511743317610063,12.168615557024172,65.85353048738271
