VIX_Current,VIX_Momentum,VIX_Volatility,GVZ_Current,GVZ_Momentum,GVZ_Volatility,DXY_Current,DXY_Momentum,DXY_Volatility,GOLD_Current,GOLD_Momentum,GOLD_Volatility,Composite_Score
16.850000381469727,2.8065955396668016,46.38841665377733,25.100000381469727,1.7842681945668872,74.6511361087138,98.74199676513672,-0.12138409821238398,2.4328196301077725,4022.199951171875,-0.19850131747616673,14.774316018403338,58.1797524942585
