VIX_Current,VIX_Momentum,VIX_Volatility,GVZ_Current,GVZ_Momentum,GVZ_Volatility,DXY_Current,DXY_Momentum,DXY_Volatility,GOLD_Current,GOLD_Momentum,GOLD_Volatility,Composite_Score
17.18000030517578,0.35046415304422074,92.40236736189351,26.68000030517578,-0.44775722127194817,91.12952468689723,99.05000305175781,0.011108337878353684,1.8692423963833016,4068.5,-1.36252800570496,19.064282326122374,54.349429433990714
