VIX_Current,VIX_Momentum,VIX_Volatility,GVZ_Current,GVZ_Momentum,GVZ_Volatility,DXY_Current,DXY_Momentum,DXY_Volatility,GOLD_Current,GOLD_Momentum,GOLD_Volatility,Composite_Score
16.469999313354492,3.91166509124888,57.83895932995077,24.540000915527344,-0.9685220519283734,65.86030241769414,99.48400115966797,0.14596913297360997,3.3790075480894113,4012.0,0.6598602290770097,15.458104279394872,60.179463266838034
