VIX_Current,VIX_Momentum,VIX_Volatility,GVZ_Current,GVZ_Momentum,GVZ_Volatility,DXY_Current,DXY_Momentum,DXY_Volatility,GOLD_Current,GOLD_Momentum,GOLD_Volatility,Composite_Score
16.360000610351562,-0.4260480433598497,45.32543402328728,24.059999465942383,-1.8359884077405513,59.42728622241833,98.80699920654297,-0.0809022725082644,2.444791451385743,4037.0,1.1221895039343994,15.148374989138164,59.43456425573705
