VIX_Current,VIX_Momentum,VIX_Volatility,GVZ_Current,GVZ_Momentum,GVZ_Volatility,DXY_Current,DXY_Momentum,DXY_Volatility,GOLD_Current,GOLD_Momentum,GOLD_Volatility,Composite_Score
19.479999542236328,13.586005688236463,110.23733909547066,21.420000076293945,-3.7735855523397968,61.02110518796733,99.822998046875,-0.09907630585869592,2.443641390476644,4009.800048828125,0.2224536154768892,11.566386065404076,57.06148133607545
