VIX_Current,VIX_Momentum,VIX_Volatility,GVZ_Current,GVZ_Momentum,GVZ_Volatility,DXY_Current,DXY_Momentum,DXY_Volatility,GOLD_Current,GOLD_Momentum,GOLD_Volatility,Composite_Score
21.610000610351562,8.158163690992714,169.23599338469245,29.700000762939453,8.910892058617362,100.9684947026396,98.50299835205078,-0.05985888073414096,2.584599857797369,4289.89990234375,0.9293243202414663,10.760025740986903,69.52382715906192
