VIX_Current,VIX_Momentum,VIX_Volatility,GVZ_Current,GVZ_Momentum,GVZ_Volatility,DXY_Current,DXY_Momentum,DXY_Volatility,GOLD_Current,GOLD_Momentum,GOLD_Volatility,Composite_Score
21.139999389648438,10.971129849296425,115.12045348416045,24.959999084472656,-4.221029946325627,95.78731727855698,99.16300201416016,0.12419335369122414,2.532940279067245,4169.2998046875,-0.9855609842529638,11.016245266326044,43.01
