VIX_Current,VIX_Momentum,VIX_Volatility,GVZ_Current,GVZ_Momentum,GVZ_Volatility,DXY_Current,DXY_Momentum,DXY_Volatility,GOLD_Current,GOLD_Momentum,GOLD_Volatility,Composite_Score
19.829999923706055,-1.5392228169665012,77.22282218525898,24.1299991607666,-0.33044166349169135,71.50001624793597,99.27200317382812,-0.05939546279496014,2.7519956513619452,4084.39990234375,-0.41692301977934904,12.757764413950667,45.38
