VIX_Current,VIX_Momentum,VIX_Volatility,GVZ_Current,GVZ_Momentum,GVZ_Volatility,DXY_Current,DXY_Momentum,DXY_Volatility,GOLD_Current,GOLD_Momentum,GOLD_Volatility,Composite_Score
21.770000457763672,-7.949256621947607,140.55493915912228,31.270000457763672,-3.9028900492675054,104.17390912370462,98.41999816894531,-0.00813105493267851,2.5653856912701856,4234.89990234375,-0.3881074558736225,13.584775520993622,56.09050304447043
