VIX_Current,VIX_Momentum,VIX_Volatility,GVZ_Current,GVZ_Momentum,GVZ_Volatility,DXY_Current,DXY_Momentum,DXY_Volatility,GOLD_Current,GOLD_Momentum,GOLD_Volatility,Composite_Score
18.850000381469727,-7.005426957205948,116.84144255667519,30.649999618530273,-2.170444643573888,109.52245830802052,98.53500366210938,-0.010142074201272945,2.377084249775168,4364.0,0.5321499729532518,17.0233773490464,59.90429014325349
