VIX_Current,VIX_Momentum,VIX_Volatility,GVZ_Current,GVZ_Momentum,GVZ_Volatility,DXY_Current,DXY_Momentum,DXY_Volatility,GOLD_Current,GOLD_Momentum,GOLD_Volatility,Composite_Score
16.360000610351562,-1.1480280088685377,85.00416271445215,24.739999771118164,-1.7864261746681542,82.13315354953426,98.93800354003906,-0.030311594246470883,1.9229230656303806,4126.89990234375,-0.4558807283067694,18.46494363016194,54.992998512430525
