VIX_Current,VIX_Momentum,VIX_Volatility,GVZ_Current,GVZ_Momentum,GVZ_Volatility,DXY_Current,DXY_Momentum,DXY_Volatility,GOLD_Current,GOLD_Momentum,GOLD_Volatility,Composite_Score
20.920000076293945,2.5490218994481313,80.54579117425376,24.100000381469727,-0.6185551279598905,67.33417383067608,99.45500183105469,0.042247810692356814,2.7900828696186477,4065.800048828125,-0.31138779384271176,14.560362032992494,47.67
