VIX_Current,VIX_Momentum,VIX_Volatility,GVZ_Current,GVZ_Momentum,GVZ_Volatility,DXY_Current,DXY_Momentum,DXY_Volatility,GOLD_Current,GOLD_Momentum,GOLD_Volatility,Composite_Score
17.149999618530273,5.4735509047999615,47.97981807558759,20.34000015258789,4.254228159758581,66.68543681285509,98.43599700927734,-0.01625814524940173,2.7653003118227137,3996.60009765625,-0.15738101979046196,8.816272897821028,56.736407020548135
