VIX_Current,VIX_Momentum,VIX_Volatility,GVZ_Current,GVZ_Momentum,GVZ_Volatility,DXY_Current,DXY_Momentum,DXY_Volatility,GOLD_Current,GOLD_Momentum,GOLD_Volatility,Composite_Score
23.93000030517578,-12.118983813943636,142.3724085548489,31.59000015258789,-0.3155581564672269,89.13924080066109,98.46900177001953,0.2657640787180616,2.6168700524332773,4293.2001953125,-1.3805529614635448,12.853523409406165,54.77486004195981
