VIX_Current,VIX_Momentum,VIX_Volatility,GVZ_Current,GVZ_Momentum,GVZ_Volatility,DXY_Current,DXY_Momentum,DXY_Volatility,GOLD_Current,GOLD_Momentum,GOLD_Volatility,Composite_Score
17.3799991607666,-0.7990941400633997,88.48104458292555,22.3799991607666,-1.0172553886604456,83.37719099068603,99.37699890136719,0.04630741564603837,2.535357926288683,4120.5,-0.2590093630572797,7.992278177031508,53.35
