VIX_Current,VIX_Momentum,VIX_Volatility,GVZ_Current,GVZ_Momentum,GVZ_Volatility,DXY_Current,DXY_Momentum,DXY_Volatility,GOLD_Current,GOLD_Momentum,GOLD_Volatility,Composite_Score
18.639999389648438,0.0,99.07570509319827,20.350000381469727,-0.9250269016005014,36.762134121947184,99.58499908447266,0.04018375233626022,2.3200892757905285,4097.2998046875,0.17113062063455312,7.349920192763997,53.81
