VIX_Current,VIX_Momentum,VIX_Volatility,GVZ_Current,GVZ_Momentum,GVZ_Volatility,DXY_Current,DXY_Momentum,DXY_Volatility,GOLD_Current,GOLD_Momentum,GOLD_Volatility,Composite_Score
16.219999313354492,-2.9904307448185308,58.13615899952577,24.520000457763672,-0.5677185341229004,62.88819631669208,99.52100372314453,0.012060253116574882,3.329353167652571,4016.699951171875,0.1770713622980783,15.210553731129018,56.85705497646029
