VIX_Current,VIX_Momentum,VIX_Volatility,GVZ_Current,GVZ_Momentum,GVZ_Volatility,DXY_Current,DXY_Momentum,DXY_Volatility,GOLD_Current,GOLD_Momentum,GOLD_Volatility,Composite_Score
16.6299991607666,0.4227034847928678,47.097972216646895,18.059999465942383,-1.257525631886112,73.1087708104545,97.9020004272461,0.021458427939824113,2.6116897888665482,3882.199951171875,0.2660205348255554,9.730887065171775,52.32983581565611
