VIX_Current,VIX_Momentum,VIX_Volatility,GVZ_Current,GVZ_Momentum,GVZ_Volatility,DXY_Current,DXY_Momentum,DXY_Volatility,GOLD_Current,GOLD_Momentum,GOLD_Volatility,Composite_Score
19.59000015258789,-5.8173035041113454,173.0291959721589,26.09000015258789,4.863348201913712,94.11698142288708,98.88700103759766,0.11034963230949493,2.8964796648884663,4218.10009765625,0.023712977563794913,12.517734851778576,59.26211025464053
