VIX_Current,VIX_Momentum,VIX_Volatility,GVZ_Current,GVZ_Momentum,GVZ_Volatility,DXY_Current,DXY_Momentum,DXY_Volatility,GOLD_Current,GOLD_Momentum,GOLD_Volatility,Composite_Score
19.040000915527344,-4.656977615443545,111.28812044399392,21.43000030517578,-0.1863018605400293,42.62230860498196,100.24800109863281,0.028935958352317562,2.0314572358453784,3991.800048828125,0.4605523802220963,9.904452486971577,55.60771484942267
