VIX_Current,VIX_Momentum,VIX_Volatility,GVZ_Current,GVZ_Momentum,GVZ_Volatility,DXY_Current,DXY_Momentum,DXY_Volatility,GOLD_Current,GOLD_Momentum,GOLD_Volatility,Composite_Score
16.329999923706055,-1.5672105273686707,38.25370766274263,19.510000228881836,0.41173403216439597,62.70382066602309,98.48100280761719,0.04876835110732525,2.8011435106292306,3999.199951171875,0.6315858407901651,8.53910726146974,54.85387741080033
