VIX_Current,VIX_Momentum,VIX_Volatility,GVZ_Current,GVZ_Momentum,GVZ_Volatility,DXY_Current,DXY_Momentum,DXY_Volatility,GOLD_Current,GOLD_Momentum,GOLD_Volatility,Composite_Score
17.18000030517578,-6.376022081587745,100.39949798132326,26.899999618530273,-0.07429590530084917,94.01090349682671,98.99299621582031,0.02626466035600448,1.88660677308729,4155.10009765625,-0.2257150280645936,19.524264695647762,56.842131771073596
