VIX_Current,VIX_Momentum,VIX_Volatility,GVZ_Current,GVZ_Momentum,GVZ_Volatility,DXY_Current,DXY_Momentum,DXY_Volatility,GOLD_Current,GOLD_Momentum,GOLD_Volatility,Composite_Score
16.520000457763672,0.9779941408490639,44.60887764380414,24.65999984741211,-0.6846559678465419,66.88270521796068,98.82499694824219,-0.023270703110980416,2.435761194782483,4022.0,-0.3764973584591202,15.013569614061028,55.71046740201991
