VIX_Current,VIX_Momentum,VIX_Volatility,GVZ_Current,GVZ_Momentum,GVZ_Volatility,DXY_Current,DXY_Momentum,DXY_Volatility,GOLD_Current,GOLD_Momentum,GOLD_Volatility,Composite_Score
20.020000457763672,1.7276430249773502,73.79369295824964,24.84000015258789,-0.8383197240260605,95.18569581827646,99.22799682617188,0.07261143801347662,2.505762341453909,4190.7001953125,0.5494599476501741,10.920677003571644,52.51
