VIX_Current,VIX_Momentum,VIX_Volatility,GVZ_Current,GVZ_Momentum,GVZ_Volatility,DXY_Current,DXY_Momentum,DXY_Volatility,GOLD_Current,GOLD_Momentum,GOLD_Volatility,Composite_Score
16.610000610351562,1.7146398527475455,46.40064387206774,25.059999465942383,1.622058479340382,74.7258480188783,98.74700164794922,-0.11632160419322675,2.432607238941746,4022.39990234375,-0.19353999609515535,14.774600030471518,57.76599992390759
