VIX_Current,VIX_Momentum,VIX_Volatility,GVZ_Current,GVZ_Momentum,GVZ_Volatility,DXY_Current,DXY_Momentum,DXY_Volatility,GOLD_Current,GOLD_Momentum,GOLD_Volatility,Composite_Score
16.239999771118164,-2.345155798735828,46.732000928339694,18.059999465942383,-1.257525631886112,73.1087708104545,97.77799987792969,-0.130735965482027,2.6216772242195163,3886.199951171875,0.10819039597823286,9.54310794032144,50.89128209808615
