VIX_Current,VIX_Momentum,VIX_Volatility,GVZ_Current,GVZ_Momentum,GVZ_Volatility,DXY_Current,DXY_Momentum,DXY_Volatility,GOLD_Current,GOLD_Momentum,GOLD_Volatility,Composite_Score
17.329999923706055,-1.4781138523389037,77.3985043330786,21.459999084472656,-3.5938954904914904,61.037314366389204,99.87699890136719,0.08216918074696893,3.226927887706062,4022.199951171875,0.059702032802592585,13.191569015443841,53.78149952426275
