VIX_Current,VIX_Momentum,VIX_Volatility,GVZ_Current,GVZ_Momentum,GVZ_Volatility,DXY_Current,DXY_Momentum,DXY_Volatility,GOLD_Current,GOLD_Momentum,GOLD_Volatility,Composite_Score
18.899999618530273,1.503752774848977,104.44722977454666,27.190000534057617,0.44329826592625554,112.2498693276724,99.01399993896484,0.0070663231061984366,1.8891955003186744,4136.5,0.28851045100134587,20.237230448015847,61.498634154291835
