VIX_Current,VIX_Momentum,VIX_Volatility,GVZ_Current,GVZ_Momentum,GVZ_Volatility,DXY_Current,DXY_Momentum,DXY_Volatility,GOLD_Current,GOLD_Momentum,GOLD_Volatility,Composite_Score
17.18000030517578,-0.6362093957599277,76.86579807075232,21.420000076293945,-3.7735855523397968,61.02110518796733,99.76499938964844,-0.15312544191358085,2.4808995011134387,4003.89990234375,0.004994159760060808,11.628584716217828,53.0796895084157
