VIX_Current,VIX_Momentum,VIX_Volatility,GVZ_Current,GVZ_Momentum,GVZ_Volatility,DXY_Current,DXY_Momentum,DXY_Volatility,GOLD_Current,GOLD_Momentum,GOLD_Volatility,Composite_Score
20.799999237060547,1.5624985448084445,117.04830332834908,31.209999084472656,0.6125036231630087,102.8319311069337,98.56700134277344,0.057861339261919796,2.424308472021192,4277.10009765625,0.18270661058250412,16.077859223475656,62.90120209658308
