VIX_Current,VIX_Momentum,VIX_Volatility,GVZ_Current,GVZ_Momentum,GVZ_Volatility,DXY_Current,DXY_Momentum,DXY_Volatility,GOLD_Current,GOLD_Momentum,GOLD_Volatility,Composite_Score
20.010000228881836,3.3574359402794975,177.1024556061804,26.09000015258789,4.863348201913712,94.11698142288708,98.82099914550781,-0.05360499576646309,2.9201407846771508,4217.7001953125,0.27817868075368524,13.310744833348073,62.57308187466295
