VIX_Current,VIX_Momentum,VIX_Volatility,GVZ_Current,GVZ_Momentum,GVZ_Volatility,DXY_Current,DXY_Momentum,DXY_Volatility,GOLD_Current,GOLD_Momentum,GOLD_Volatility,Composite_Score
21.450000762939453,6.030653723723514,112.09064302387044,20.190000534057617,0.2482678546399524,34.534165381015725,99.53500366210938,-0.14446091067166134,2.145085997114272,3998.10009765625,-0.12989161712715408,7.799958182224821,55.19
