VIX_Current,VIX_Momentum,VIX_Volatility,GVZ_Current,GVZ_Momentum,GVZ_Volatility,DXY_Current,DXY_Momentum,DXY_Volatility,GOLD_Current,GOLD_Momentum,GOLD_Volatility,Composite_Score
16.299999237060547,-1.271962379830395,47.09198724613973,21.799999237060547,-0.8640315417700247,87.33891135343357,98.7979965209961,0.006070030075995078,2.459405223462454,4058.300048828125,0.3983003772879275,7.968862715439736,54.758868545197934
