VIX_Current,VIX_Momentum,VIX_Volatility,GVZ_Current,GVZ_Momentum,GVZ_Volatility,DXY_Current,DXY_Momentum,DXY_Volatility,GOLD_Current,GOLD_Momentum,GOLD_Volatility,Composite_Score
21.510000228881836,5.492892951247456,83.63685373624598,24.100000381469727,-0.45435236333188683,64.10502518236476,99.49199676513672,-0.029146568988096592,2.7595826766030616,4070.300048828125,-0.18392270121619483,14.408108693792407,49.43
