VIX_Current,VIX_Momentum,VIX_Volatility,GVZ_Current,GVZ_Momentum,GVZ_Volatility,DXY_Current,DXY_Momentum,DXY_Volatility,GOLD_Current,GOLD_Momentum,GOLD_Volatility,Composite_Score
16.459999084472656,3.39195355270638,55.19496723048775,24.670000076293945,-1.2409906790359782,70.87397624930276,99.59100341796875,0.45491631137472394,3.2758749503563203,3984.199951171875,-0.10781117783941331,15.127900426088386,57.435890274775026
