VIX_Current,VIX_Momentum,VIX_Volatility,GVZ_Current,GVZ_Momentum,GVZ_Volatility,DXY_Current,DXY_Momentum,DXY_Volatility,GOLD_Current,GOLD_Momentum,GOLD_Volatility,Composite_Score
17.31999969482422,-2.9148007472872135,110.43149769983019,20.260000228881836,-1.0258871104878555,44.55860933883684,100.1989974975586,-0.011975768900702071,2.0450671784134458,3998.800048828125,0.0500400314142912,9.634401808257588,53.19064302626256
