VIX_Current,VIX_Momentum,VIX_Volatility,GVZ_Current,GVZ_Momentum,GVZ_Volatility,DXY_Current,DXY_Momentum,DXY_Volatility,GOLD_Current,GOLD_Momentum,GOLD_Volatility,Composite_Score
16.350000381469727,-0.4869137079739012,45.31892127634446,24.059999465942383,-1.8359884077405513,59.42728622241833,98.81400299072266,-0.07381965891274783,2.4425252666711414,4037.0,1.1221895039343994,15.148374989138164,59.421762337753314
