VIX_Current,VIX_Momentum,VIX_Volatility,GVZ_Current,GVZ_Momentum,GVZ_Volatility,DXY_Current,DXY_Momentum,DXY_Volatility,GOLD_Current,GOLD_Momentum,GOLD_Volatility,Composite_Score
16.299999237060547,-1.271962379830395,47.09198724613973,21.799999237060547,-0.8640315417700247,87.33891135343357,98.93800354003906,0.1477890147128725,2.5527520072950582,4054.5,0.30429095484400986,7.996519780741465,54.57245426116316
