VIX_Current,VIX_Momentum,VIX_Volatility,GVZ_Current,GVZ_Momentum,GVZ_Volatility,DXY_Current,DXY_Momentum,DXY_Volatility,GOLD_Current,GOLD_Momentum,GOLD_Volatility,Composite_Score
20.950000762939453,4.073530235267152,112.44340754019453,20.15999984741211,-0.7385505784074794,34.924266091733244,99.51200103759766,-0.1505102466543029,2.157185317287185,4001.300048828125,-0.24183373652144102,7.833650016202842,53.76
