VIX_Current,VIX_Momentum,VIX_Volatility,GVZ_Current,GVZ_Momentum,GVZ_Volatility,DXY_Current,DXY_Momentum,DXY_Volatility,GOLD_Current,GOLD_Momentum,GOLD_Volatility,Composite_Score
19.75,10.830529395218484,110.9879890716651,20.270000457763672,0.49578770992300725,35.84581191658959,99.79000091552734,-0.05908733035601855,2.183559311793248,3986.800048828125,-0.6899975382208245,8.714362774283389,54.45988469401429
