VIX_Current,VIX_Momentum,VIX_Volatility,GVZ_Current,GVZ_Momentum,GVZ_Volatility,DXY_Current,DXY_Momentum,DXY_Volatility,GOLD_Current,GOLD_Momentum,GOLD_Volatility,Composite_Score
17.59000015258789,1.441753159169892,72.3636901803945,23.110000610351562,-1.5338675480833504,60.00857151188767,99.7979965209961,0.05614461077136652,3.0547230346102316,4012.699951171875,-0.5033485947960575,14.660754395843453,54.787019030325126
