VIX_Current,VIX_Momentum,VIX_Volatility,GVZ_Current,GVZ_Momentum,GVZ_Volatility,DXY_Current,DXY_Momentum,DXY_Volatility,GOLD_Current,GOLD_Momentum,GOLD_Volatility,Composite_Score
16.920000076293945,3.296709054911033,62.970945397588316,24.81999969482422,1.2647876909323277,61.368993768402945,99.51399993896484,-0.013062272775670873,3.278412127141124,4038.300048828125,0.5928521317256196,15.117127190279797,61.01454105569778
