VIX_Current,VIX_Momentum,VIX_Volatility,GVZ_Current,GVZ_Momentum,GVZ_Volatility,DXY_Current,DXY_Momentum,DXY_Volatility,GOLD_Current,GOLD_Momentum,GOLD_Volatility,Composite_Score
16.3799991607666,-1.086958399642303,86.19399412919083,24.719999313354492,-2.176498355543969,84.36996878083689,98.95600128173828,-0.009089128970037483,1.9291612940651526,4126.7998046875,-0.1500168234333414,18.61431190966209,55.873799611301365
