VIX_Current,VIX_Momentum,VIX_Volatility,GVZ_Current,GVZ_Momentum,GVZ_Volatility,DXY_Current,DXY_Momentum,DXY_Volatility,GOLD_Current,GOLD_Momentum,GOLD_Volatility,Composite_Score
22.899999618530273,11.381323994993767,167.68097435784156,31.649999618530273,16.70353480499717,102.5317810528502,98.30899810791016,-0.294121561475902,2.638773448420548,4307.10009765625,1.0463366019061584,9.943378972697555,71.8964485024341
