VIX_Current,VIX_Momentum,VIX_Volatility,GVZ_Current,GVZ_Momentum,GVZ_Volatility,DXY_Current,DXY_Momentum,DXY_Volatility,GOLD_Current,GOLD_Momentum,GOLD_Volatility,Composite_Score
20.549999237060547,-1.0592258827846592,116.54505957138257,31.209999084472656,0.6125036231630087,102.8319311069337,98.54900360107422,0.07006523333527787,2.408691797570285,4290.0,0.388451772256223,16.17857789660006,62.88823166242547
