VIX_Current,VIX_Momentum,VIX_Volatility,GVZ_Current,GVZ_Momentum,GVZ_Volatility,DXY_Current,DXY_Momentum,DXY_Volatility,GOLD_Current,GOLD_Momentum,GOLD_Volatility,Composite_Score
16.010000228881836,1.8447834410109676,83.63143837577495,23.780000686645508,-3.841483514661287,85.96334087781801,98.86399841308594,0.09719815484949117,1.9262486860915966,4000.199951171875,-0.9361081928708518,17.92022730521191,52.48227944998302
