VIX_Current,VIX_Momentum,VIX_Volatility,GVZ_Current,GVZ_Momentum,GVZ_Volatility,DXY_Current,DXY_Momentum,DXY_Volatility,GOLD_Current,GOLD_Momentum,GOLD_Volatility,Composite_Score
20.639999389648438,1.4250565245334237,180.5034726331469,27.1200008392334,3.3142889113653276,82.8641227490654,98.6240005493164,0.16045856017633783,2.648772809796198,4238.10009765625,-0.11548202554206928,10.306788682704578,60.08751805762882
