VIX_Current,VIX_Momentum,VIX_Volatility,GVZ_Current,GVZ_Momentum,GVZ_Volatility,DXY_Current,DXY_Momentum,DXY_Volatility,GOLD_Current,GOLD_Momentum,GOLD_Volatility,Composite_Score
16.75,1.086302404893863,48.61891238902766,17.670000076293945,-0.7860718351853679,54.50915274742458,98.41300201416016,0.19242037852435404,2.9911823456562927,3966.0,0.189465706707086,8.477710770223418,52.756125315257655
