VIX_Current,VIX_Momentum,VIX_Volatility,GVZ_Current,GVZ_Momentum,GVZ_Volatility,DXY_Current,DXY_Momentum,DXY_Volatility,GOLD_Current,GOLD_Momentum,GOLD_Volatility,Composite_Score
17.600000381469727,-0.9566689471843692,94.83386356011803,23.329999923706055,3.230086415551001,81.63710158822697,99.6510009765625,-0.0310971190658404,2.400069388550607,4148.7001953125,0.2755514747102331,7.72526342449271,57.7
