VIX_Current,VIX_Momentum,VIX_Volatility,GVZ_Current,GVZ_Momentum,GVZ_Volatility,DXY_Current,DXY_Momentum,DXY_Volatility,GOLD_Current,GOLD_Momentum,GOLD_Volatility,Composite_Score
17.290000915527344,-1.9285210517529812,98.91252097979287,21.420000076293945,-3.7735855523397968,61.02110518796733,100.09100341796875,0.17314613148660415,2.500239048113672,3995.60009765625,-0.27952358578888076,11.237477697099214,51.983358397913264
