VIX_Current,VIX_Momentum,VIX_Volatility,GVZ_Current,GVZ_Momentum,GVZ_Volatility,DXY_Current,DXY_Momentum,DXY_Volatility,GOLD_Current,GOLD_Momentum,GOLD_Volatility,Composite_Score
16.40999984741211,-1.8540638676628534,57.967085748142225,24.3799991607666,-1.1755205295115232,63.69701952262067,99.52799987792969,0.04121178285822962,3.3479232810594755,4015.300048828125,0.18463900458311155,15.29306300469222,56.87589233453512
