VIX_Current,VIX_Momentum,VIX_Volatility,GVZ_Current,GVZ_Momentum,GVZ_Volatility,DXY_Current,DXY_Momentum,DXY_Volatility,GOLD_Current,GOLD_Momentum,GOLD_Volatility,Composite_Score
20.799999237060547,5.6373726404068645,159.15732702422437,26.09000015258789,4.863348201913712,94.11698142288708,98.87999725341797,-0.1887652667596464,3.150621546394936,4203.0,0.5598598381905416,13.807870314863898,64.36451094126606
