VIX_Current,VIX_Momentum,VIX_Volatility,GVZ_Current,GVZ_Momentum,GVZ_Volatility,DXY_Current,DXY_Momentum,DXY_Volatility,GOLD_Current,GOLD_Momentum,GOLD_Volatility,Composite_Score
17.6200008392334,9.440996408379682,70.24516039793184,23.469999313354492,-4.8642106170585935,62.22188249264961,99.69000244140625,0.024082510692833778,3.0697630907816666,4024.800048828125,-0.2602036991784356,14.329386635602276,56.012844370738485
