VIX_Current,VIX_Momentum,VIX_Volatility,GVZ_Current,GVZ_Momentum,GVZ_Volatility,DXY_Current,DXY_Momentum,DXY_Volatility,GOLD_Current,GOLD_Momentum,GOLD_Volatility,Composite_Score
19.520000457763672,-2.643385533487811,109.00808174017598,20.1200008392334,-1.0816092020849928,34.41298475052655,99.75,0.027075426292602962,2.1269321004552157,4006.300048828125,0.5395502844947729,8.53191338489273,54.350382665308956
