VIX_Current,VIX_Momentum,VIX_Volatility,GVZ_Current,GVZ_Momentum,GVZ_Volatility,DXY_Current,DXY_Momentum,DXY_Volatility,GOLD_Current,GOLD_Momentum,GOLD_Volatility,Composite_Score
16.65999984741211,1.9583824469765259,46.88309768660304,17.670000076293945,-0.7860718351853679,54.50915274742458,98.11100006103516,0.0010187041865009408,3.0221978277312695,3963.300048828125,0.7115086436252299,8.955313867979859,54.60777719594606
