VIX_Current,VIX_Momentum,VIX_Volatility,GVZ_Current,GVZ_Momentum,GVZ_Volatility,DXY_Current,DXY_Momentum,DXY_Volatility,GOLD_Current,GOLD_Momentum,GOLD_Volatility,Composite_Score
20.799999237060547,5.6373726404068645,159.15732702422437,26.09000015258789,4.863348201913712,94.11698142288708,98.86000061035156,-0.17468573708483054,3.0008643521011313,4209.60009765625,0.8335799223156986,12.97412816255876,65.08724386291074
