VIX_Current,VIX_Momentum,VIX_Volatility,GVZ_Current,GVZ_Momentum,GVZ_Volatility,DXY_Current,DXY_Momentum,DXY_Volatility,GOLD_Current,GOLD_Momentum,GOLD_Volatility,Composite_Score
21.8700008392334,7.100885198442251,112.96323590579595,20.65999984741211,2.683891578800181,37.22659908821044,99.43299865722656,-0.10448768153699908,2.1402111775653587,4014.10009765625,0.32742058625968506,7.935228012450021,58.91
