VIX_Current,VIX_Momentum,VIX_Volatility,GVZ_Current,GVZ_Momentum,GVZ_Volatility,DXY_Current,DXY_Momentum,DXY_Volatility,GOLD_Current,GOLD_Momentum,GOLD_Volatility,Composite_Score
16.299999237060547,-0.791242031044159,45.57517579180278,21.799999237060547,-0.8640315417700247,92.56491204277233,98.99400329589844,0.12541776663467624,2.6152076999756324,4071.699951171875,0.3573893368457683,7.698224017459339,54.823193399415004
