VIX_Current,VIX_Momentum,VIX_Volatility,GVZ_Current,GVZ_Momentum,GVZ_Volatility,DXY_Current,DXY_Momentum,DXY_Volatility,GOLD_Current,GOLD_Momentum,GOLD_Volatility,Composite_Score
20.760000228881836,-12.219870766442051,141.60181442008025,31.209999084472656,0.6125036231630087,102.8319311069337,98.56199645996094,0.10156047629205622,2.635808420967747,4273.10009765625,0.9258649523291763,16.24741388192415,62.56753145181793
