VIX_Current,VIX_Momentum,VIX_Volatility,GVZ_Current,GVZ_Momentum,GVZ_Volatility,DXY_Current,DXY_Momentum,DXY_Volatility,GOLD_Current,GOLD_Momentum,GOLD_Volatility,Composite_Score
16.850000381469727,0.0,47.510953131522015,17.670000076293945,-0.7860718351853679,54.50915274742458,98.36499786376953,-0.03455747589776942,2.970161801102793,3959.39990234375,-0.18403330017357022,8.398602076193297,51.08673750381119
