VIX_Current,VIX_Momentum,VIX_Volatility,GVZ_Current,GVZ_Momentum,GVZ_Volatility,DXY_Current,DXY_Momentum,DXY_Volatility,GOLD_Current,GOLD_Momentum,GOLD_Volatility,Composite_Score
19.81999969482422,2.270384690977522,166.71487973872968,26.239999771118164,3.4700281529464925,87.450544771352,98.75,-0.19304624820573402,2.8580217507605328,4214.2998046875,0.17351568071072024,12.222300053313461,60.96776950587174
