VIX_Current,VIX_Momentum,VIX_Volatility,GVZ_Current,GVZ_Momentum,GVZ_Volatility,DXY_Current,DXY_Momentum,DXY_Volatility,GOLD_Current,GOLD_Momentum,GOLD_Volatility,Composite_Score
16.309999465942383,0.18426767832683824,46.03990515593545,24.059999465942383,-1.8359884077405513,59.42728622241833,98.9280014038086,0.08093419330737665,2.1806096007249858,4024.39990234375,1.4776300568391232,15.253930543105252,60.84769432764635
