VIX_Current,VIX_Momentum,VIX_Volatility,GVZ_Current,GVZ_Momentum,GVZ_Volatility,DXY_Current,DXY_Momentum,DXY_Volatility,GOLD_Current,GOLD_Momentum,GOLD_Volatility,Composite_Score
16.600000381469727,-1.4251767751990314,47.22960525290219,19.290000915527344,7.885916224507746,64.77389278487581,98.11399841308594,-0.13028883396657936,3.045152473237596,3986.300048828125,0.7251857303336823,8.377363224450558,58.876803726889364
