VIX_Current,VIX_Momentum,VIX_Volatility,GVZ_Current,GVZ_Momentum,GVZ_Volatility,DXY_Current,DXY_Momentum,DXY_Volatility,GOLD_Current,GOLD_Momentum,GOLD_Volatility,Composite_Score
16.43000030517578,2.2402029694344705,46.75159485391161,24.059999465942383,-1.8359884077405513,59.42728622241833,98.89199829101562,0.07184621297268068,2.3580916150436284,3990.800048828125,0.33942623976729264,15.027872291679994,57.522489797868595
