VIX_Current,VIX_Momentum,VIX_Volatility,GVZ_Current,GVZ_Momentum,GVZ_Volatility,DXY_Current,DXY_Momentum,DXY_Volatility,GOLD_Current,GOLD_Momentum,GOLD_Volatility,Composite_Score
,,,23.790000915527344,4.342112770151265,108.9063966055769,98.94400024414062,-0.038392852531904956,2.908367698108766,4027.39990234375,0.34883142324850963,10.198689577637733,
