VIX_Current,VIX_Momentum,VIX_Volatility,GVZ_Current,GVZ_Momentum,GVZ_Volatility,DXY_Current,DXY_Momentum,DXY_Volatility,GOLD_Current,GOLD_Momentum,GOLD_Volatility,Composite_Score
19.100000381469727,-12.585812137249139,115.95130712152601,20.350000381469727,-0.9250269016005014,36.762134121947184,99.61799621582031,-0.11631433863957741,2.3479819237069597,4061.10009765625,1.0349570259049634,7.581330019460007,54.29
