VIX_Current,VIX_Momentum,VIX_Volatility,GVZ_Current,GVZ_Momentum,GVZ_Volatility,DXY_Current,DXY_Momentum,DXY_Volatility,GOLD_Current,GOLD_Momentum,GOLD_Volatility,Composite_Score
19.540000915527344,3.495772161538293,110.82520596302108,20.329999923706055,0.8432543530786177,35.369876666741185,99.70099639892578,-0.23914952635767187,2.17650966250456,3995.800048828125,-0.15242394024029846,8.633336359933729,54.63281865329782
