VIX_Current,VIX_Momentum,VIX_Volatility,GVZ_Current,GVZ_Momentum,GVZ_Volatility,DXY_Current,DXY_Momentum,DXY_Volatility,GOLD_Current,GOLD_Momentum,GOLD_Volatility,Composite_Score
18.940000534057617,2.1574951390389185,105.78609100439719,21.43000030517578,-0.1863018605400293,41.74763241551773,100.15599822998047,-0.04191682240485757,2.3776291203520294,3969.39990234375,0.6823057030754597,11.159622021426625,58.16381206653231
