VIX_Current,VIX_Momentum,VIX_Volatility,GVZ_Current,GVZ_Momentum,GVZ_Volatility,DXY_Current,DXY_Momentum,DXY_Volatility,GOLD_Current,GOLD_Momentum,GOLD_Volatility,Composite_Score
22.3799991607666,4.044625395757103,86.81561029006372,24.06999969482422,-0.33126262927420846,62.59830512689369,99.56400299072266,0.011050984660359637,2.6980432012914184,4031.5,0.5035761704681325,15.485929596310946,54.13
