VIX_Current,VIX_Momentum,VIX_Volatility,GVZ_Current,GVZ_Momentum,GVZ_Volatility,DXY_Current,DXY_Momentum,DXY_Volatility,GOLD_Current,GOLD_Momentum,GOLD_Volatility,Composite_Score
16.309999465942383,-0.971462380586595,45.140067866219105,17.81999969482422,-2.782325319173932,57.4344106385955,97.72899627685547,0.0020453932084982494,2.5760760841450123,3907.5,0.23343160999924473,9.48269978278814,50.92823456222815
