VIX_Current,VIX_Momentum,VIX_Volatility,GVZ_Current,GVZ_Momentum,GVZ_Volatility,DXY_Current,DXY_Momentum,DXY_Volatility,GOLD_Current,GOLD_Momentum,GOLD_Volatility,Composite_Score
17.670000076293945,-4.589634775702192,96.26507924002516,23.25,5.394381517981516,82.97012644388208,99.58999633789062,-0.11935060660072058,2.359864249978961,4122.2998046875,0.4654808068302252,7.348750593600872,58.34
