VIX_Current,VIX_Momentum,VIX_Volatility,GVZ_Current,GVZ_Momentum,GVZ_Volatility,DXY_Current,DXY_Momentum,DXY_Volatility,GOLD_Current,GOLD_Momentum,GOLD_Volatility,Composite_Score
17.530000686645508,-1.4060741864187556,107.7722101809908,25.780000686645508,0.11650752095342841,88.44741102649448,99.21099853515625,-0.36155167010574696,2.4682717012475637,4236.89990234375,0.4957282339599146,9.43580608008851,51.2
