VIX_Current,VIX_Momentum,VIX_Volatility,GVZ_Current,GVZ_Momentum,GVZ_Volatility,DXY_Current,DXY_Momentum,DXY_Volatility,GOLD_Current,GOLD_Momentum,GOLD_Volatility,Composite_Score
18.010000228881836,-5.706806967634292,120.36570512370834,20.700000762939453,-2.6798292550866667,47.318839505892974,100.21700286865234,0.035938064983088776,2.0550202621479228,3987.699951171875,0.30687840955540185,9.788492231561245,52.91973342994053
