VIX_Current,VIX_Momentum,VIX_Volatility,GVZ_Current,GVZ_Momentum,GVZ_Volatility,DXY_Current,DXY_Momentum,DXY_Volatility,GOLD_Current,GOLD_Momentum,GOLD_Volatility,Composite_Score
,,,23.799999237060547,4.385965059044991,108.94042902085208,98.92400360107422,-0.09391790454815695,2.8971416403647,4032.199951171875,0.8680413051125704,10.483492782589074,
