VIX_Current,VIX_Momentum,VIX_Volatility,GVZ_Current,GVZ_Momentum,GVZ_Volatility,DXY_Current,DXY_Momentum,DXY_Volatility,GOLD_Current,GOLD_Momentum,GOLD_Volatility,Composite_Score
18.520000457763672,6.743516141610793,70.63565077613488,23.399999618530273,-5.72119296435794,61.48505918149895,99.81600189208984,0.08924816643826756,3.067427348199144,3996.800048828125,-0.7795020784560411,14.627717562908282,53.47634841974005
