VIX_Current,VIX_Momentum,VIX_Volatility,GVZ_Current,GVZ_Momentum,GVZ_Volatility,DXY_Current,DXY_Momentum,DXY_Volatility,GOLD_Current,GOLD_Momentum,GOLD_Volatility,Composite_Score
24.15999984741211,20.73962804128452,176.50076012377485,29.809999465942383,9.918873685348391,106.77937171912899,98.41699981689453,-0.14711212056800063,2.617037055979203,4291.89990234375,0.9763787162030595,9.961804984224207,71.11825999162295
