VIX_Current,VIX_Momentum,VIX_Volatility,GVZ_Current,GVZ_Momentum,GVZ_Volatility,DXY_Current,DXY_Momentum,DXY_Volatility,GOLD_Current,GOLD_Momentum,GOLD_Volatility,Composite_Score
16.649999618530273,-1.9434625006037691,46.5449260259624,19.6200008392334,11.035657920316437,65.79996370147384,98.09600067138672,-0.08352251140721832,3.0284293415974237,3978.800048828125,0.25701635138039786,8.392114634917693,58.40275617723312
