VIX_Current,VIX_Momentum,VIX_Volatility,GVZ_Current,GVZ_Momentum,GVZ_Volatility,DXY_Current,DXY_Momentum,DXY_Volatility,GOLD_Current,GOLD_Momentum,GOLD_Volatility,Composite_Score
15.930000305175781,-0.2504693875028298,80.32066511092202,23.940000534057617,0.9700609804560713,80.77321048261638,98.66600036621094,0.09028159110759221,2.114815711043498,3929.199951171875,-1.474424494185682,14.115608169220973,51.493396734706835
