VIX_Current,VIX_Momentum,VIX_Volatility,GVZ_Current,GVZ_Momentum,GVZ_Volatility,DXY_Current,DXY_Momentum,DXY_Volatility,GOLD_Current,GOLD_Momentum,GOLD_Volatility,Composite_Score
19.030000686645508,2.6429328312912155,108.32555385046325,21.43000030517578,-0.1863018605400293,41.74763241551773,100.15399932861328,-0.03493762894577989,2.390326931218635,3949.0,0.19536576958063476,11.091292363771949,56.573979146042106
