VIX_Current,VIX_Momentum,VIX_Volatility,GVZ_Current,GVZ_Momentum,GVZ_Volatility,DXY_Current,DXY_Momentum,DXY_Volatility,GOLD_Current,GOLD_Momentum,GOLD_Volatility,Composite_Score
16.399999618530273,0.061014211435247906,48.45524452537159,17.81999969482422,0.6211214908983601,55.69194112131407,97.76200103759766,0.04502621545407146,2.5564613208390887,3912.800048828125,0.2177086774504248,9.402635347406923,52.89512720940906
