VIX_Current,VIX_Momentum,VIX_Volatility,GVZ_Current,GVZ_Momentum,GVZ_Volatility,DXY_Current,DXY_Momentum,DXY_Volatility,GOLD_Current,GOLD_Momentum,GOLD_Volatility,Composite_Score
17.6299991607666,1.555291134345019,112.50538941501213,20.170000076293945,-1.6097557253953887,43.714225792028515,100.18399810791016,-0.026943576693950817,2.0479976264874513,3994.0,-0.07005726566046214,9.642087145750947,53.61519863588764
