VIX_Current,VIX_Momentum,VIX_Volatility,GVZ_Current,GVZ_Momentum,GVZ_Volatility,DXY_Current,DXY_Momentum,DXY_Volatility,GOLD_Current,GOLD_Momentum,GOLD_Volatility,Composite_Score
27.920000076293945,17.11409353016787,139.88802161122877,32.77000045776367,6.430657627027929,102.53152223176075,98.27899932861328,0.11409079622241333,2.612668150106691,4346.89990234375,-0.9456749823058682,11.65200453435758,65.82071994927021
