VIX_Current,VIX_Momentum,VIX_Volatility,GVZ_Current,GVZ_Momentum,GVZ_Volatility,DXY_Current,DXY_Momentum,DXY_Volatility,GOLD_Current,GOLD_Momentum,GOLD_Volatility,Composite_Score
22.350000381469727,-8.51412156251747,140.3958988409865,31.84000015258789,-2.1512008089877734,103.66831627279282,98.44000244140625,-0.05888308044798235,2.5760103937546246,4249.10009765625,-0.319048889978362,13.5601213045147,57.46179147326654
