VIX_Current,VIX_Momentum,VIX_Volatility,GVZ_Current,GVZ_Momentum,GVZ_Volatility,DXY_Current,DXY_Momentum,DXY_Volatility,GOLD_Current,GOLD_Momentum,GOLD_Volatility,Composite_Score
20.799999237060547,5.6373726404068645,159.15732702422437,26.09000015258789,4.863348201913712,94.11698142288708,98.86599731445312,-0.17770491586073955,3.0600414555688404,4207.0,1.1395302728850722,13.273461899456377,66.17679754940356
