VIX_Current,VIX_Momentum,VIX_Volatility,GVZ_Current,GVZ_Momentum,GVZ_Volatility,DXY_Current,DXY_Momentum,DXY_Volatility,GOLD_Current,GOLD_Momentum,GOLD_Volatility,Composite_Score
16.469999313354492,1.0429453021532915,46.33953721417535,21.799999237060547,-0.8640315417700247,87.33891135343357,98.89600372314453,-0.10403824846753587,2.6390989502109585,4058.0,0.32634372558661684,7.777060204697742,55.10127609267134
