VIX_Current,VIX_Momentum,VIX_Volatility,GVZ_Current,GVZ_Momentum,GVZ_Volatility,DXY_Current,DXY_Momentum,DXY_Volatility,GOLD_Current,GOLD_Momentum,GOLD_Volatility,Composite_Score
17.149999618530273,-4.029105690484188,98.99909599302586,26.770000457763672,0.14964802174477376,92.53211516176357,98.93900299072266,-0.05252429528041268,1.890239872209332,4144.5,-0.3390587535501836,19.424322155764173,57.018244886493314
