VIX_Current,VIX_Momentum,VIX_Volatility,GVZ_Current,GVZ_Momentum,GVZ_Volatility,DXY_Current,DXY_Momentum,DXY_Volatility,GOLD_Current,GOLD_Momentum,GOLD_Volatility,Composite_Score
18.270000457763672,-8.512763715790335,112.978025287191,20.920000076293945,-1.6455118661832204,44.19517433354412,100.33300018310547,0.15172580391143836,2.1242133335433566,3975.199951171875,-0.007547448827191548,9.854449132926188,51.91143321355865
