VIX_Current,VIX_Momentum,VIX_Volatility,GVZ_Current,GVZ_Momentum,GVZ_Volatility,DXY_Current,DXY_Momentum,DXY_Volatility,GOLD_Current,GOLD_Momentum,GOLD_Volatility,Composite_Score
20.860000610351562,-0.9496622063749462,118.87341144816585,31.209999084472656,0.6125036231630087,102.8319311069337,98.50199890136719,-0.021318598281641992,2.423030833367636,4274.2001953125,0.5883460145647814,16.157771413428577,63.60022251780922
