VIX_Current,VIX_Momentum,VIX_Volatility,GVZ_Current,GVZ_Momentum,GVZ_Volatility,DXY_Current,DXY_Momentum,DXY_Volatility,GOLD_Current,GOLD_Momentum,GOLD_Volatility,Composite_Score
16.959999084472656,3.4777285909126876,46.493612920598586,25.280000686645508,1.8123268800730923,75.73006285952314,98.80400085449219,-0.009110830785775183,2.4153758932181497,4031.300048828125,-0.14613847258264828,14.875042650313256,58.74248343742598
