VIX_Current,VIX_Momentum,VIX_Volatility,GVZ_Current,GVZ_Momentum,GVZ_Volatility,DXY_Current,DXY_Momentum,DXY_Volatility,GOLD_Current,GOLD_Momentum,GOLD_Volatility,Composite_Score
16.6299991607666,-1.4810427276623532,46.90407740834365,19.43000030517578,8.668910610523337,66.50063064502277,98.14399719238281,-0.09975323790312404,3.0459923834040725,3977.0,0.490193598773128,8.460932045402265,58.54164771416132
