VIX_Current,VIX_Momentum,VIX_Volatility,GVZ_Current,GVZ_Momentum,GVZ_Volatility,DXY_Current,DXY_Momentum,DXY_Volatility,GOLD_Current,GOLD_Momentum,GOLD_Volatility,Composite_Score
20.799999237060547,5.6373726404068645,159.15732702422437,26.09000015258789,4.863348201913712,94.11698142288708,98.84400177001953,-0.014161664936396761,2.9089108455254626,4205.0,0.2312157834742051,12.576414960554159,63.06075750126677
