VIX_Current,VIX_Momentum,VIX_Volatility,GVZ_Current,GVZ_Momentum,GVZ_Volatility,DXY_Current,DXY_Momentum,DXY_Volatility,GOLD_Current,GOLD_Momentum,GOLD_Volatility,Composite_Score
19.829999923706055,0.35424946363059756,78.46419243000496,24.1299991607666,-0.33044166349169135,71.50001624793597,99.27300262451172,-0.05838928076649257,2.7519659362855102,4084.39990234375,-0.41692301977934904,12.757764413950667,45.86
