VIX_Current,VIX_Momentum,VIX_Volatility,GVZ_Current,GVZ_Momentum,GVZ_Volatility,DXY_Current,DXY_Momentum,DXY_Volatility,GOLD_Current,GOLD_Momentum,GOLD_Volatility,Composite_Score
17.149999618530273,-1.6628492353599238,48.09117755559145,19.93000030517578,-2.30391824580021,64.3082029810888,98.91300201416016,0.05765882184604856,2.74652883147817,4058.199951171875,0.5351001583775021,9.032697791963068,53.989870098174094
