VIX_Current,VIX_Momentum,VIX_Volatility,GVZ_Current,GVZ_Momentum,GVZ_Volatility,DXY_Current,DXY_Momentum,DXY_Volatility,GOLD_Current,GOLD_Momentum,GOLD_Volatility,Composite_Score
16.68000030517578,1.3981734441891265,45.93174575500784,25.200000762939453,4.738160109316605,72.82784256530644,98.7249984741211,-0.13049326035651335,2.463885216802613,4006.800048828125,-0.49913963602438727,14.663853455178277,58.284246302242735
