VIX_Current,VIX_Momentum,VIX_Volatility,GVZ_Current,GVZ_Momentum,GVZ_Volatility,DXY_Current,DXY_Momentum,DXY_Volatility,GOLD_Current,GOLD_Momentum,GOLD_Volatility,Composite_Score
,,,22.799999237060547,5.360443068991024,111.84221583563603,99.03600311279297,-0.20857200096740633,2.9050791488454553,4002.800048828125,-0.07239439746108862,10.464380157307856,
