VIX_Current,VIX_Momentum,VIX_Volatility,GVZ_Current,GVZ_Momentum,GVZ_Volatility,DXY_Current,DXY_Momentum,DXY_Volatility,GOLD_Current,GOLD_Momentum,GOLD_Volatility,Composite_Score
16.739999771118164,1.7629118220593383,47.44901485565254,21.829999923706055,2.0570385535894538,86.23489458289238,99.3219985961914,0.0,2.730851942729334,4009.10009765625,0.6552874129111222,10.638037900046454,58.66678773282457
