VIX_Current,VIX_Momentum,VIX_Volatility,GVZ_Current,GVZ_Momentum,GVZ_Volatility,DXY_Current,DXY_Momentum,DXY_Volatility,GOLD_Current,GOLD_Momentum,GOLD_Volatility,Composite_Score
20.440000534057617,2.4561391096707257,112.68382330879217,20.1200008392334,-1.0816092020849928,34.41298475052655,99.63999938964844,-0.19532197787594016,2.1430522018903737,4005.39990234375,-0.2266807237825383,7.9073049798710615,53.04
