VIX_Current,VIX_Momentum,VIX_Volatility,GVZ_Current,GVZ_Momentum,GVZ_Volatility,DXY_Current,DXY_Momentum,DXY_Volatility,GOLD_Current,GOLD_Momentum,GOLD_Volatility,Composite_Score
16.459999084472656,1.6049278351146632,45.78978138462204,18.059999465942383,-1.257525631886112,58.842593559950515,97.72200012207031,-0.04602592872021073,2.5901007396753615,3906.199951171875,0.47585976881841197,9.524869179500413,53.278811990849164
