VIX_Current,VIX_Momentum,VIX_Volatility,GVZ_Current,GVZ_Momentum,GVZ_Volatility,DXY_Current,DXY_Momentum,DXY_Volatility,GOLD_Current,GOLD_Momentum,GOLD_Volatility,Composite_Score
17.440000534057617,-3.7527608922812274,71.07829934072497,22.65999984741211,-3.8608394535191186,60.37325742531492,99.71600341796875,-0.06914891176861875,3.053425844886181,4014.300048828125,0.5636554868675182,14.522982891873227,55.50816901474587
