VIX_Current,VIX_Momentum,VIX_Volatility,GVZ_Current,GVZ_Momentum,GVZ_Volatility,DXY_Current,DXY_Momentum,DXY_Volatility,GOLD_Current,GOLD_Momentum,GOLD_Volatility,Composite_Score
17.110000610351562,3.1344210547373414,61.596636288605936,24.670000076293945,-1.2409906790359782,70.87397624930276,99.3290023803711,0.1906425175370646,3.087920220217757,3993.39990234375,0.1228507545129748,15.161132258037027,58.126563817168226
