VIX_Current,VIX_Momentum,VIX_Volatility,GVZ_Current,GVZ_Momentum,GVZ_Volatility,DXY_Current,DXY_Momentum,DXY_Volatility,GOLD_Current,GOLD_Momentum,GOLD_Volatility,Composite_Score
19.229999542236328,-1.08025198586482,111.47703906890294,21.43000030517578,-0.1863018605400293,41.74763241551773,100.23500061035156,0.03992306567112059,1.9635334424853756,3983.0,0.027627456320599156,9.920471332004674,55.056439158051376
