VIX_Current,VIX_Momentum,VIX_Volatility,GVZ_Current,GVZ_Momentum,GVZ_Volatility,DXY_Current,DXY_Momentum,DXY_Volatility,GOLD_Current,GOLD_Momentum,GOLD_Volatility,Composite_Score
,,,23.81999969482422,2.6281802430558865,114.14323470460054,99.23100280761719,-0.019140747992758184,3.2047658863028765,4125.5,0.639138305584295,13.08581514260718,
