VIX_Current,VIX_Momentum,VIX_Volatility,GVZ_Current,GVZ_Momentum,GVZ_Volatility,DXY_Current,DXY_Momentum,DXY_Volatility,GOLD_Current,GOLD_Momentum,GOLD_Volatility,Composite_Score
16.479999542236328,-1.8463451839620049,47.14326774189052,21.829999923706055,2.0570385535894538,91.00294776603887,99.37300109863281,0.04833038194367099,2.7443521573655456,4005.300048828125,-0.11720576488466333,10.489040609436952,55.13386255901248
