VIX_Current,VIX_Momentum,VIX_Volatility,GVZ_Current,GVZ_Momentum,GVZ_Volatility,DXY_Current,DXY_Momentum,DXY_Volatility,GOLD_Current,GOLD_Momentum,GOLD_Volatility,Composite_Score
16.360000610351562,0.30656741904614554,45.62776428617508,17.68000030517578,-2.266444687417298,57.99999024930267,97.72200012207031,-0.05012079165411956,2.578865825424648,3903.800048828125,0.3831455388037894,9.49701651369681,51.90422576471592
