VIX_Current,VIX_Momentum,VIX_Volatility,GVZ_Current,GVZ_Momentum,GVZ_Volatility,DXY_Current,DXY_Momentum,DXY_Volatility,GOLD_Current,GOLD_Momentum,GOLD_Volatility,Composite_Score
19.440000534057617,9.213490827474308,69.52454909436085,25.510000228881836,-1.9976966732484724,95.61283200846816,99.0479965209961,-0.2266538712107699,2.5274806766960345,4210.39990234375,-0.6207730487479085,10.07642762213905,45.84
