VIX_Current,VIX_Momentum,VIX_Volatility,GVZ_Current,GVZ_Momentum,GVZ_Volatility,DXY_Current,DXY_Momentum,DXY_Volatility,GOLD_Current,GOLD_Momentum,GOLD_Volatility,Composite_Score
16.489999771118164,-1.5522401724288712,46.266860934536254,19.600000381469727,3.9236465915701264,63.52211544357379,98.09300231933594,0.03161862953469421,3.011432687041158,3982.199951171875,0.09802936671151241,8.350433283718518,54.9450796969419
