VIX_Current,VIX_Momentum,VIX_Volatility,GVZ_Current,GVZ_Momentum,GVZ_Volatility,DXY_Current,DXY_Momentum,DXY_Volatility,GOLD_Current,GOLD_Momentum,GOLD_Volatility,Composite_Score
16.959999084472656,-1.8518610500991368,48.61633081514367,19.93000030517578,-2.30391824580021,64.3082029810888,98.8290023803711,-0.05461085598697549,2.7672447428026477,4061.0,0.2963694739441837,7.129225505262443,52.64497151004733
