VIX_Current,VIX_Momentum,VIX_Volatility,GVZ_Current,GVZ_Momentum,GVZ_Volatility,DXY_Current,DXY_Momentum,DXY_Volatility,GOLD_Current,GOLD_Momentum,GOLD_Volatility,Composite_Score
17.530000686645508,-1.4060741864187556,107.7722101809908,25.780000686645508,0.11650752095342841,88.44741102649448,99.2770004272461,-0.2642158789052455,2.4795585913616263,4238.0,0.5599871441513014,9.377213517228867,51.68
