VIX_Current,VIX_Momentum,VIX_Volatility,GVZ_Current,GVZ_Momentum,GVZ_Volatility,DXY_Current,DXY_Momentum,DXY_Volatility,GOLD_Current,GOLD_Momentum,GOLD_Volatility,Composite_Score
16.729999542236328,2.3241538342547905,45.94653481784602,21.309999465942383,-2.247705450765118,89.23066640278364,99.41699981689453,0.47500300905662435,2.794392638121928,3996.89990234375,-1.8659923352465846,9.321836316438889,47.98106124100158
