VIX_Current,VIX_Momentum,VIX_Volatility,GVZ_Current,GVZ_Momentum,GVZ_Volatility,DXY_Current,DXY_Momentum,DXY_Volatility,GOLD_Current,GOLD_Momentum,GOLD_Volatility,Composite_Score
19.829999923706055,-1.5392228169665012,77.22282218525898,24.1299991607666,-0.33044166349169135,71.50001624793597,99.39600372314453,0.12390186191713116,2.8580419798069157,4090.5,-0.09037055385670575,13.73360954318498,47.9
