VIX_Current,VIX_Momentum,VIX_Volatility,GVZ_Current,GVZ_Momentum,GVZ_Volatility,DXY_Current,DXY_Momentum,DXY_Volatility,GOLD_Current,GOLD_Momentum,GOLD_Volatility,Composite_Score
15.640000343322754,-0.5089053584423078,84.25622105153099,24.739999771118164,-1.7864261746681542,82.13315354953426,98.75,-0.15873263201351318,1.9136463466053455,4045.199951171875,-0.24659696489467042,17.519338240334022,55.36851305129049
