VIX_Current,VIX_Momentum,VIX_Volatility,GVZ_Current,GVZ_Momentum,GVZ_Volatility,DXY_Current,DXY_Momentum,DXY_Volatility,GOLD_Current,GOLD_Momentum,GOLD_Volatility,Composite_Score
16.56999969482422,-3.0994191510067957,47.83978061043836,22.100000381469727,10.888108595414323,80.10296623626402,99.00399780273438,0.22575148738092515,2.8712122898678616,4079.300048828125,0.42342509436926545,7.219423920865397,60.115357668111876
