VIX_Current,VIX_Momentum,VIX_Volatility,GVZ_Current,GVZ_Momentum,GVZ_Volatility,DXY_Current,DXY_Momentum,DXY_Volatility,GOLD_Current,GOLD_Momentum,GOLD_Volatility,Composite_Score
20.3700008392334,0.49334178199993645,177.5732339447191,27.1200008392334,3.3142889113653276,82.8641227490654,98.59100341796875,-0.015211436648234985,2.5578464423234393,4243.89990234375,-0.06594044410860363,10.203996285989627,59.82043118399892
