VIX_Current,VIX_Momentum,VIX_Volatility,GVZ_Current,GVZ_Momentum,GVZ_Volatility,DXY_Current,DXY_Momentum,DXY_Volatility,GOLD_Current,GOLD_Momentum,GOLD_Volatility,Composite_Score
23.649999618530273,-14.187227587736134,144.3667654374652,32.77000045776367,6.430657627027929,102.53152223176075,98.43599700927734,0.17401681238591624,2.6282767470902573,4329.39990234375,-0.7063963026712013,12.506938993614527,60.79361618654127
