VIX_Current,VIX_Momentum,VIX_Volatility,GVZ_Current,GVZ_Momentum,GVZ_Volatility,DXY_Current,DXY_Momentum,DXY_Volatility,GOLD_Current,GOLD_Momentum,GOLD_Volatility,Composite_Score
16.030000686645508,1.9720128139367485,81.80843210571494,23.889999389648438,-3.435733182431268,83.75896407453334,98.88700103759766,-0.006063830845966893,1.919011057552535,4018.0,-0.44598612487611494,17.75821402123458,54.331212386982536
