VIX_Current,VIX_Momentum,VIX_Volatility,GVZ_Current,GVZ_Momentum,GVZ_Volatility,DXY_Current,DXY_Momentum,DXY_Volatility,GOLD_Current,GOLD_Momentum,GOLD_Volatility,Composite_Score
19.100000381469727,-12.585812137249139,115.95130712152601,20.350000381469727,-0.9250269016005014,36.762134121947184,99.67500305175781,0.07229323201148603,2.3202822963962855,4020.10009765625,0.1469818782358501,7.802754608880298,51.47
