VIX_Current,VIX_Momentum,VIX_Volatility,GVZ_Current,GVZ_Momentum,GVZ_Volatility,DXY_Current,DXY_Momentum,DXY_Volatility,GOLD_Current,GOLD_Momentum,GOLD_Volatility,Composite_Score
19.530000686645508,-2.007022641271081,171.60816791871133,26.09000015258789,4.863348201913712,94.11698142288708,98.83599853515625,0.03238500504770572,2.865604788657494,4217.39990234375,-0.1987766276677931,12.450309526442952,59.38768476941285
