VIX_Current,VIX_Momentum,VIX_Volatility,GVZ_Current,GVZ_Momentum,GVZ_Volatility,DXY_Current,DXY_Momentum,DXY_Volatility,GOLD_Current,GOLD_Momentum,GOLD_Volatility,Composite_Score
16.709999084472656,1.8281489326635025,39.40616073443663,20.280000686645508,3.469389244597508,68.85920953938842,98.40599822998047,-0.09441955635821216,2.7940793234542256,4008.0,0.4561619867948181,8.447540319819042,57.165019748215045
