VIX_Current,VIX_Momentum,VIX_Volatility,GVZ_Current,GVZ_Momentum,GVZ_Volatility,DXY_Current,DXY_Momentum,DXY_Volatility,GOLD_Current,GOLD_Momentum,GOLD_Volatility,Composite_Score
,,,23.450000762939453,2.536073032017852,119.08736167006973,99.20999908447266,0.04941052444170608,3.178937611156664,4113.5,0.33905507885260816,13.230761772320646,
