VIX_Current,VIX_Momentum,VIX_Volatility,GVZ_Current,GVZ_Momentum,GVZ_Volatility,DXY_Current,DXY_Momentum,DXY_Volatility,GOLD_Current,GOLD_Momentum,GOLD_Volatility,Composite_Score
,,,24.559999465942383,1.4037991834311092,109.01338107341093,99.18499755859375,0.24964524218919767,3.8666448963257647,4175.0,2.7945340391480977,22.247615758191934,
