VIX_Current,VIX_Momentum,VIX_Volatility,GVZ_Current,GVZ_Momentum,GVZ_Volatility,DXY_Current,DXY_Momentum,DXY_Volatility,GOLD_Current,GOLD_Momentum,GOLD_Volatility,Composite_Score
17.8700008392334,-1.4340779568034434,115.34324492085992,29.850000381469727,1.2550910616646858,110.79159833024707,98.89900207519531,0.020231063123077393,2.088158635845753,4171.0,1.0196444247135195,19.937243457230164,64.63068237233378
