VIX_Current,VIX_Momentum,VIX_Volatility,GVZ_Current,GVZ_Momentum,GVZ_Volatility,DXY_Current,DXY_Momentum,DXY_Volatility,GOLD_Current,GOLD_Momentum,GOLD_Volatility,Composite_Score
20.049999237060547,12.514026826184665,110.61494702764175,20.329999923706055,0.793256553331198,36.134052085072284,99.79100036621094,-0.019033356224320258,2.171161160402904,3990.5,-0.7609882100195831,8.66380684908524,54.53961216834396
