VIX_Current,VIX_Momentum,VIX_Volatility,GVZ_Current,GVZ_Momentum,GVZ_Volatility,DXY_Current,DXY_Momentum,DXY_Volatility,GOLD_Current,GOLD_Momentum,GOLD_Volatility,Composite_Score
16.260000228881836,-1.39478196136283,47.4901130838041,18.059999465942383,-1.257525631886112,73.1087708104545,97.77300262451172,-0.15624029779615792,2.638011687856261,3886.0,0.4861411115406131,9.641668852179944,52.401144748018474
