VIX_Current,VIX_Momentum,VIX_Volatility,GVZ_Current,GVZ_Momentum,GVZ_Volatility,DXY_Current,DXY_Momentum,DXY_Volatility,GOLD_Current,GOLD_Momentum,GOLD_Volatility,Composite_Score
17.18000030517578,-0.6362093957599277,76.86579807075232,21.420000076293945,-3.7735855523397968,61.02110518796733,99.875,0.05509948441588012,3.20866340363972,4015.800048828125,-0.05475239352600796,13.141544151583828,53.43603281737567
