VIX_Current,VIX_Momentum,VIX_Volatility,GVZ_Current,GVZ_Momentum,GVZ_Volatility,DXY_Current,DXY_Momentum,DXY_Volatility,GOLD_Current,GOLD_Momentum,GOLD_Volatility,Composite_Score
17.280000686645508,-0.9174302896359119,98.58445406809113,26.68000030517578,-0.44775722127194817,91.12952468689723,99.04000091552734,0.11017897316004123,1.8609097473819194,4125.2998046875,-0.5376673846003519,19.275150495821013,56.89481096505953
