VIX_Current,VIX_Momentum,VIX_Volatility,GVZ_Current,GVZ_Momentum,GVZ_Volatility,DXY_Current,DXY_Momentum,DXY_Volatility,GOLD_Current,GOLD_Momentum,GOLD_Volatility,Composite_Score
16.969999313354492,-1.6231923863507698,47.798320996925945,19.93000030517578,-2.30391824580021,64.3082029810888,98.8280029296875,-0.06774226771117771,2.8476562768619513,4059.5,0.14308036850256461,7.334528866738912,52.24132207450499
