VIX_Current,VIX_Momentum,VIX_Volatility,GVZ_Current,GVZ_Momentum,GVZ_Volatility,DXY_Current,DXY_Momentum,DXY_Volatility,GOLD_Current,GOLD_Momentum,GOLD_Volatility,Composite_Score
23.780000686645508,-10.026483495769483,141.72722014710948,31.700000762939453,2.126288105494073,96.5789902632027,98.48799896240234,0.1983861478205389,2.605394806453897,4262.7001953125,-1.7743161171172854,13.711655338698096,54.84151389881332
