VIX_Current,VIX_Momentum,VIX_Volatility,GVZ_Current,GVZ_Momentum,GVZ_Volatility,DXY_Current,DXY_Momentum,DXY_Volatility,GOLD_Current,GOLD_Momentum,GOLD_Volatility,Composite_Score
24.6200008392334,-10.667629476343512,142.66290610480448,32.77000045776367,6.430657627027929,102.53152223176075,98.3740005493164,0.11092572161502633,2.600644883075973,4311.10009765625,-1.1260973225274338,12.255466200765785,59.53516856258181
