VIX_Current,VIX_Momentum,VIX_Volatility,GVZ_Current,GVZ_Momentum,GVZ_Volatility,DXY_Current,DXY_Momentum,DXY_Volatility,GOLD_Current,GOLD_Momentum,GOLD_Volatility,Composite_Score
20.690000534057617,3.398302335820512,169.56664420559127,29.09000015258789,7.940628308223567,103.62948582918949,98.43699645996094,-0.1643044707158271,2.583592491502697,4278.7998046875,0.4625321448089609,10.046758096406421,65.54621101140252
