VIX_Current,VIX_Momentum,VIX_Volatility,GVZ_Current,GVZ_Momentum,GVZ_Volatility,DXY_Current,DXY_Momentum,DXY_Volatility,GOLD_Current,GOLD_Momentum,GOLD_Volatility,Composite_Score
16.469999313354492,-0.7233323576231516,45.928040078646845,19.639999389648438,4.135730403257582,63.53996711472042,98.0999984741211,-0.019369154943442223,2.992772824497375,3985.300048828125,-0.027590145057407714,9.871786312418502,55.14753250362693
