VIX_Current,VIX_Momentum,VIX_Volatility,GVZ_Current,GVZ_Momentum,GVZ_Volatility,DXY_Current,DXY_Momentum,DXY_Volatility,GOLD_Current,GOLD_Momentum,GOLD_Volatility,Composite_Score
18.889999389648438,0.47872423532056746,102.3939036842213,26.829999923706055,-1.1422235553204205,100.44833978509222,98.97699737548828,-0.08681966170753087,1.921370945577478,4157.7001953125,0.4372426618333949,20.025727207799125,60.669758075387435
