VIX_Current,VIX_Momentum,VIX_Volatility,GVZ_Current,GVZ_Momentum,GVZ_Volatility,DXY_Current,DXY_Momentum,DXY_Volatility,GOLD_Current,GOLD_Momentum,GOLD_Volatility,Composite_Score
16.389999389648438,0.8615347055288461,46.149856029875494,18.059999465942383,-1.257525631886112,73.1087708104545,97.78500366210938,0.045023428106296504,2.5962186793139743,3886.10009765625,-0.05657873991843897,9.45403073236842,51.248297018648756
