VIX_Current,VIX_Momentum,VIX_Volatility,GVZ_Current,GVZ_Momentum,GVZ_Volatility,DXY_Current,DXY_Momentum,DXY_Volatility,GOLD_Current,GOLD_Momentum,GOLD_Volatility,Composite_Score
17.969999313354492,1.6977885442288454,112.44057709714927,29.850000381469727,1.2550910616646858,110.79159833024707,99.00800323486328,0.1517343293267012,2.0723232265576264,4093.699951171875,-1.3257223118404227,20.816655624388456,57.887004615844766
