VIX_Current,VIX_Momentum,VIX_Volatility,GVZ_Current,GVZ_Momentum,GVZ_Volatility,DXY_Current,DXY_Momentum,DXY_Volatility,GOLD_Current,GOLD_Momentum,GOLD_Volatility,Composite_Score
16.25,-3.959811307759155,67.89704858601196,24.81999969482422,1.2647876909323277,61.368993768402945,99.54900360107422,-0.04618466696634226,3.124767664272639,4024.10009765625,-0.019871418095000665,14.658415701142802,56.865339123347866
