VIX_Current,VIX_Momentum,VIX_Volatility,GVZ_Current,GVZ_Momentum,GVZ_Volatility,DXY_Current,DXY_Momentum,DXY_Volatility,GOLD_Current,GOLD_Momentum,GOLD_Volatility,Composite_Score
17.920000076293945,2.6345991749241975,113.42036026292676,29.850000381469727,1.2550910616646858,110.79159833024707,98.99700164794922,0.14060565312055182,2.073452693074498,4106.5,-1.0171907664039166,20.98390370152339,59.1624690740567
