VIX_Current,VIX_Momentum,VIX_Volatility,GVZ_Current,GVZ_Momentum,GVZ_Volatility,DXY_Current,DXY_Momentum,DXY_Volatility,GOLD_Current,GOLD_Momentum,GOLD_Volatility,Composite_Score
16.6299991607666,1.2172784654654976,47.766162595108845,21.829999923706055,2.0570385535894538,86.23489458289238,99.28500366210938,-0.0372474724682492,2.7382519171037925,4012.60009765625,0.7431608751255335,10.639172157069176,58.76937849251525
