VIX_Current,VIX_Momentum,VIX_Volatility,GVZ_Current,GVZ_Momentum,GVZ_Volatility,DXY_Current,DXY_Momentum,DXY_Volatility,GOLD_Current,GOLD_Momentum,GOLD_Volatility,Composite_Score
16.209999084472656,2.1424020249865077,78.10210205509414,23.68000030517578,-1.2922028716131742,59.026187166105835,98.85199737548828,0.1692251315052989,2.1889679623681535,3953.39990234375,0.8777724507208472,14.80107117411471,59.09756081311002
