VIX_Current,VIX_Momentum,VIX_Volatility,GVZ_Current,GVZ_Momentum,GVZ_Volatility,DXY_Current,DXY_Momentum,DXY_Volatility,GOLD_Current,GOLD_Momentum,GOLD_Volatility,Composite_Score
20.170000076293945,12.997196892122394,109.84075260856187,20.34000015258789,0.8428362699599021,36.194710378481204,99.822998046875,0.013025236548691452,2.1752358222774,3976.60009765625,-1.106662329195371,8.768567020847748,53.430897923163094
