VIX_Current,VIX_Momentum,VIX_Volatility,GVZ_Current,GVZ_Momentum,GVZ_Volatility,DXY_Current,DXY_Momentum,DXY_Volatility,GOLD_Current,GOLD_Momentum,GOLD_Volatility,Composite_Score
18.479999542236328,-11.025521738355852,105.2869180652854,27.190000534057617,0.44329826592625554,112.2498693276724,99.0199966430664,-0.06257856007865172,1.8971731847269844,4129.39990234375,0.5478584950940627,20.233928307937994,59.349535342300605
