VIX_Current,VIX_Momentum,VIX_Volatility,GVZ_Current,GVZ_Momentum,GVZ_Volatility,DXY_Current,DXY_Momentum,DXY_Volatility,GOLD_Current,GOLD_Momentum,GOLD_Volatility,Composite_Score
16.479999542236328,-3.8506410205050003,89.4108280323372,25.469999313354492,-5.35117258351118,86.72970028194914,98.93000030517578,-0.09694491390139062,1.970229735928708,4122.60009765625,1.1556888150226965,18.876962692269046,58.35684082588198
