VIX_Current,VIX_Momentum,VIX_Volatility,GVZ_Current,GVZ_Momentum,GVZ_Volatility,DXY_Current,DXY_Momentum,DXY_Volatility,GOLD_Current,GOLD_Momentum,GOLD_Volatility,Composite_Score
20.420000076293945,0.7400079681439851,177.56493661229703,27.1200008392334,3.3142889113653276,82.8641227490654,98.59100341796875,0.009132179789402648,2.5434787414934683,4247.7001953125,0.6921937966694323,10.137354905052497,62.418160590953256
