VIX_Current,VIX_Momentum,VIX_Volatility,GVZ_Current,GVZ_Momentum,GVZ_Volatility,DXY_Current,DXY_Momentum,DXY_Volatility,GOLD_Current,GOLD_Momentum,GOLD_Volatility,Composite_Score
17.290000915527344,-1.9285210517529812,98.91252097979287,21.420000076293945,-3.7735855523397968,61.02110518796733,99.9229965209961,0.019015447339926016,2.4711626325788343,4007.5,0.6302756697406987,11.372013695441236,54.9410161588267
