VIX_Current,VIX_Momentum,VIX_Volatility,GVZ_Current,GVZ_Momentum,GVZ_Volatility,DXY_Current,DXY_Momentum,DXY_Volatility,GOLD_Current,GOLD_Momentum,GOLD_Volatility,Composite_Score
22.3799991607666,4.044625395757103,86.81561029006372,24.06999969482422,-0.33126262927420846,62.59830512689369,99.53399658203125,-0.03214481796033276,2.6438815827297404,4010.39990234375,-0.7277624171746685,15.236465985251485,45.82
