VIX_Current,VIX_Momentum,VIX_Volatility,GVZ_Current,GVZ_Momentum,GVZ_Volatility,DXY_Current,DXY_Momentum,DXY_Volatility,GOLD_Current,GOLD_Momentum,GOLD_Volatility,Composite_Score
16.209999084472656,0.0,76.16067246723613,24.829999923706055,4.415471853414246,60.50282865142228,98.68000030517578,0.0,2.2758159243309026,3972.0,0.1866494012378347,14.545145793357833,59.61573221949176
