VIX_Current,VIX_Momentum,VIX_Volatility,GVZ_Current,GVZ_Momentum,GVZ_Volatility,DXY_Current,DXY_Momentum,DXY_Volatility,GOLD_Current,GOLD_Momentum,GOLD_Volatility,Composite_Score
19.799999237060547,-1.2468828404636465,121.91617211815291,20.1200008392334,-1.0816092020849928,34.41298475052655,99.84200286865234,0.012021473883137825,2.1335067079814016,4018.60009765625,0.4047620354731018,8.01782808541352,54.233966318967184
