VIX_Current,VIX_Momentum,VIX_Volatility,GVZ_Current,GVZ_Momentum,GVZ_Volatility,DXY_Current,DXY_Momentum,DXY_Volatility,GOLD_Current,GOLD_Momentum,GOLD_Volatility,Composite_Score
16.200000762939453,-4.311869634244219,51.23167495603463,24.670000076293945,-1.2409906790359782,70.87397624930276,99.20700073242188,0.11605160905059345,3.0879417555225865,3993.60009765625,0.10778955645084053,15.309529418192863,55.95017532110994
