VIX_Current,VIX_Momentum,VIX_Volatility,GVZ_Current,GVZ_Momentum,GVZ_Volatility,DXY_Current,DXY_Momentum,DXY_Volatility,GOLD_Current,GOLD_Momentum,GOLD_Volatility,Composite_Score
17.110000610351562,3.1344210547373414,61.596636288605936,24.670000076293945,-1.2409906790359782,70.87397624930276,99.11699676513672,0.08886027034508431,3.072976767758804,4017.5,1.0386813876387921,15.462109773865754,61.16614548288686
