VIX_Current,VIX_Momentum,VIX_Volatility,GVZ_Current,GVZ_Momentum,GVZ_Volatility,DXY_Current,DXY_Momentum,DXY_Volatility,GOLD_Current,GOLD_Momentum,GOLD_Volatility,Composite_Score
18.649999618530273,0.43080196564759266,120.79834443637294,27.229999542236328,0.5910596572437395,112.24263222951487,98.9280014038086,0.11841232056414173,2.1074800750879232,4118.10009765625,1.0452729151331126,21.8688075199034,64.18118774062444
