VIX_Current,VIX_Momentum,VIX_Volatility,GVZ_Current,GVZ_Momentum,GVZ_Volatility,DXY_Current,DXY_Momentum,DXY_Volatility,GOLD_Current,GOLD_Momentum,GOLD_Volatility,Composite_Score
16.729999542236328,2.3241538342547905,45.94653481784602,21.389999389648438,-1.8807333108301183,89.0440072456817,99.46399688720703,0.522500225727438,2.7965393981658084,4011.800048828125,-1.500156030853228,9.162779098650088,49.44354633477764
