VIX_Current,VIX_Momentum,VIX_Volatility,GVZ_Current,GVZ_Momentum,GVZ_Volatility,DXY_Current,DXY_Momentum,DXY_Volatility,GOLD_Current,GOLD_Momentum,GOLD_Volatility,Composite_Score
15.8100004196167,0.8290823463696393,83.76701911455352,23.479999542236328,-6.37958686737227,88.14998896060844,98.9010009765625,0.08095630660128192,1.9544263984345358,4034.39990234375,-0.46629033766792916,17.799724730049558,52.30708697989245
