VIX_Current,VIX_Momentum,VIX_Volatility,GVZ_Current,GVZ_Momentum,GVZ_Volatility,DXY_Current,DXY_Momentum,DXY_Volatility,GOLD_Current,GOLD_Momentum,GOLD_Volatility,Composite_Score
16.700000762939453,-0.7724252011640833,45.42657059826064,24.709999084472656,-1.1204509372149518,70.56124926589621,99.14199829101562,0.3939120284510991,2.831169484096708,3976.0,-1.141249246829887,14.992710139165046,52.80536300346833
