VIX_Current,VIX_Momentum,VIX_Volatility,GVZ_Current,GVZ_Momentum,GVZ_Volatility,DXY_Current,DXY_Momentum,DXY_Volatility,GOLD_Current,GOLD_Momentum,GOLD_Volatility,Composite_Score
18.6299991607666,7.99999513487885,108.2976706366497,21.489999771118164,0.04655600137314897,42.966460679265815,100.1510009765625,0.08694234014194864,2.4820653354465603,3971.300048828125,-0.3612891717931788,11.290751027958427,56.331028640698094
