VIX_Current,VIX_Momentum,VIX_Volatility,GVZ_Current,GVZ_Momentum,GVZ_Volatility,DXY_Current,DXY_Momentum,DXY_Volatility,GOLD_Current,GOLD_Momentum,GOLD_Volatility,Composite_Score
18.93000030517578,3.8398287466637093,110.8484354365959,21.59000015258789,1.4091086151234016,44.123710786295526,100.18399810791016,0.03394566301875216,2.472922745379752,3946.699951171875,-0.4991818688547838,11.505291185544866,55.53775622631813
