VIX_Current,VIX_Momentum,VIX_Volatility,GVZ_Current,GVZ_Momentum,GVZ_Volatility,DXY_Current,DXY_Momentum,DXY_Volatility,GOLD_Current,GOLD_Momentum,GOLD_Volatility,Composite_Score
17.450000762939453,6.793149326719947,47.261563640633376,20.170000076293945,-0.542409302895135,64.90699301264364,98.56099700927734,0.07208767087802953,2.7499888224590388,4001.10009765625,-0.1970541866737341,10.052541949577872,54.86286856828557
