VIX_Current,VIX_Momentum,VIX_Volatility,GVZ_Current,GVZ_Momentum,GVZ_Volatility,DXY_Current,DXY_Momentum,DXY_Volatility,GOLD_Current,GOLD_Momentum,GOLD_Volatility,Composite_Score
21.520000457763672,1.7013261481454638,69.40012714339963,24.559999465942383,-0.7275679338765243,74.65052324772704,99.25900268554688,-0.0694670607537222,2.8030564120909984,4080.39990234375,-1.334756601436956,12.985957107305898,40.55
