VIX_Current,VIX_Momentum,VIX_Volatility,GVZ_Current,GVZ_Momentum,GVZ_Volatility,DXY_Current,DXY_Momentum,DXY_Volatility,GOLD_Current,GOLD_Momentum,GOLD_Volatility,Composite_Score
19.780000686645508,1.124750647801337,175.9155299553494,26.09000015258789,4.863348201913712,94.11698142288708,98.80500030517578,-0.09807700719023105,2.8950936090625747,4231.89990234375,0.7883228349991197,13.230250799862395,63.61138212837465
