VIX_Current,VIX_Momentum,VIX_Volatility,GVZ_Current,GVZ_Momentum,GVZ_Volatility,DXY_Current,DXY_Momentum,DXY_Volatility,GOLD_Current,GOLD_Momentum,GOLD_Volatility,Composite_Score
16.489999771118164,-1.5522401724288712,46.266860934536254,19.639999389648438,4.135730403257582,63.53996711472042,98.11799621582031,0.05710648149228728,3.009755740399849,3984.39990234375,0.1533281411848715,9.935686331572159,55.60221362954262
