VIX_Current,VIX_Momentum,VIX_Volatility,GVZ_Current,GVZ_Momentum,GVZ_Volatility,DXY_Current,DXY_Momentum,DXY_Volatility,GOLD_Current,GOLD_Momentum,GOLD_Volatility,Composite_Score
17.049999237060547,0.47141972270499133,46.97968053399829,19.93000030517578,-2.30391824580021,60.7156087881458,98.78299713134766,-0.17583758580630557,2.857169631811029,4059.0,-0.2923162600214964,7.2243069089206395,51.24789504657724
