VIX_Current,VIX_Momentum,VIX_Volatility,GVZ_Current,GVZ_Momentum,GVZ_Volatility,DXY_Current,DXY_Momentum,DXY_Volatility,GOLD_Current,GOLD_Momentum,GOLD_Volatility,Composite_Score
18.030000686645508,7.641795144152286,70.52547518589712,23.299999237060547,-2.018508981181496,60.78089412765825,99.80999755859375,0.06817669152659261,3.0536161549076577,4008.60009765625,-0.6050062569737168,14.654539967842867,55.968438317191506
