VIX_Current,VIX_Momentum,VIX_Volatility,GVZ_Current,GVZ_Momentum,GVZ_Volatility,DXY_Current,DXY_Momentum,DXY_Volatility,GOLD_Current,GOLD_Momentum,GOLD_Volatility,Composite_Score
20.639999389648438,1.4250565245334237,162.0433091363103,27.1200008392334,3.3142889113653276,82.8641227490654,98.61499786376953,0.08626721356513023,2.660285717752679,4229.60009765625,0.12072665774056102,10.268532004486726,60.82980147289445
