VIX_Current,VIX_Momentum,VIX_Volatility,GVZ_Current,GVZ_Momentum,GVZ_Volatility,DXY_Current,DXY_Momentum,DXY_Volatility,GOLD_Current,GOLD_Momentum,GOLD_Volatility,Composite_Score
18.59000015258789,-2.77196999676888,120.01076574572052,27.190000534057617,0.44329826592625554,112.2498693276724,99.04399871826172,0.11624282341502028,2.0629672707869045,4108.89990234375,0.10231458648419674,21.272126557543213,60.029579841806736
