VIX_Current,VIX_Momentum,VIX_Volatility,GVZ_Current,GVZ_Momentum,GVZ_Volatility,DXY_Current,DXY_Momentum,DXY_Volatility,GOLD_Current,GOLD_Momentum,GOLD_Volatility,Composite_Score
16.56999969482422,-3.0994191510067957,47.83978061043836,22.0,9.616344466978253,81.52600915557211,99.04399871826172,0.2662460321254662,2.8790620905006885,4078.800048828125,0.41111619040383907,8.846713190791386,60.189513686326165
