VIX_Current,VIX_Momentum,VIX_Volatility,GVZ_Current,GVZ_Momentum,GVZ_Volatility,DXY_Current,DXY_Momentum,DXY_Volatility,GOLD_Current,GOLD_Momentum,GOLD_Volatility,Composite_Score
20.530000686645508,-0.7733196872022072,80.62531036472413,24.09000015258789,0.24968566054068847,66.25066193640427,99.45600128173828,-0.016083762578813887,2.7731243836597224,4071.699951171875,0.14265104816726099,14.48472666497941,50.16
