VIX_Current,VIX_Momentum,VIX_Volatility,GVZ_Current,GVZ_Momentum,GVZ_Volatility,DXY_Current,DXY_Momentum,DXY_Volatility,GOLD_Current,GOLD_Momentum,GOLD_Volatility,Composite_Score
15.640000343322754,-4.400979463125683,85.64971533746447,24.739999771118164,-1.7864261746681542,82.13315354953426,98.84200286865234,-0.08491158205547572,1.9285078656036543,4046.0,-1.1193129742799126,17.68977495210195,51.58291666483091
