VIX_Current,VIX_Momentum,VIX_Volatility,GVZ_Current,GVZ_Momentum,GVZ_Volatility,DXY_Current,DXY_Momentum,DXY_Volatility,GOLD_Current,GOLD_Momentum,GOLD_Volatility,Composite_Score
17.530000686645508,-1.4060741864187556,107.7722101809908,25.780000686645508,0.11650752095342841,88.44741102649448,99.47200012207031,0.03016711137326184,2.400097600725031,4201.39990234375,-0.10461511598450707,8.932805450169338,56.2
