VIX_Current,VIX_Momentum,VIX_Volatility,GVZ_Current,GVZ_Momentum,GVZ_Volatility,DXY_Current,DXY_Momentum,DXY_Volatility,GOLD_Current,GOLD_Momentum,GOLD_Volatility,Composite_Score
16.350000381469727,-3.3687925074115483,46.50063373469306,21.829999923706055,2.0570385535894538,86.23489458289238,99.29499816894531,-0.019136094815470354,2.7406918441215615,3988.300048828125,0.21357856916713377,10.484156910105915,55.71004486606341
