VIX_Current,VIX_Momentum,VIX_Volatility,GVZ_Current,GVZ_Momentum,GVZ_Volatility,DXY_Current,DXY_Momentum,DXY_Volatility,GOLD_Current,GOLD_Momentum,GOLD_Volatility,Composite_Score
23.90999984741211,15.17340839981261,167.37887491783746,31.079999923706055,5.284550954443185,102.35447652963691,98.36699676513672,-0.07009655637878275,2.5981452179425615,4303.89990234375,0.5866153781897532,10.723566136689236,68.24959833831655
