VIX_Current,VIX_Momentum,VIX_Volatility,GVZ_Current,GVZ_Momentum,GVZ_Volatility,DXY_Current,DXY_Momentum,DXY_Volatility,GOLD_Current,GOLD_Momentum,GOLD_Volatility,Composite_Score
17.290000915527344,2.368274365504475,61.698863540316985,24.829999923706055,1.3055882979843505,61.390937308816916,99.5479965209961,0.04421804071525422,3.292530679229616,4036.39990234375,0.5455200484182339,15.113240615085779,60.78127447932601
