VIX_Current,VIX_Momentum,VIX_Volatility,GVZ_Current,GVZ_Momentum,GVZ_Volatility,DXY_Current,DXY_Momentum,DXY_Volatility,GOLD_Current,GOLD_Momentum,GOLD_Volatility,Composite_Score
16.610000610351562,0.7888414546496602,39.38480861256108,19.510000228881836,0.41173403216439597,62.70382066602309,98.43699645996094,0.18421242665163398,2.8096684897438466,3975.0,-0.20586340812397677,8.636013053150435,52.81930338350042
