VIX_Current,VIX_Momentum,VIX_Volatility,GVZ_Current,GVZ_Momentum,GVZ_Volatility,DXY_Current,DXY_Momentum,DXY_Volatility,GOLD_Current,GOLD_Momentum,GOLD_Volatility,Composite_Score
17.280000686645508,-0.9174302896359119,98.58445406809113,26.68000030517578,-0.44775722127194817,91.12952468689723,98.90499877929688,-0.03133159913227741,1.8546162776477244,4146.89990234375,0.29748474814945947,19.157127632548026,59.54949210307816
