VIX_Current,VIX_Momentum,VIX_Volatility,GVZ_Current,GVZ_Momentum,GVZ_Volatility,DXY_Current,DXY_Momentum,DXY_Volatility,GOLD_Current,GOLD_Momentum,GOLD_Volatility,Composite_Score
18.950000762939453,-2.520574885066059,112.136852358689,21.43000030517578,-0.1863018605400293,41.74763241551773,100.302001953125,0.10679401030659284,2.0291903490454057,3984.89990234375,0.07534091950011594,9.933712222645317,54.85867993130987
