VIX_Current,VIX_Momentum,VIX_Volatility,GVZ_Current,GVZ_Momentum,GVZ_Volatility,DXY_Current,DXY_Momentum,DXY_Volatility,GOLD_Current,GOLD_Momentum,GOLD_Volatility,Composite_Score
17.290000915527344,-1.9285210517529812,98.91252097979287,21.420000076293945,-3.7735855523397968,61.02110518796733,99.95700073242188,0.053052334405809656,2.4738166195878817,4003.5,0.5298337227216187,11.380090075938934,54.63378677242021
