VIX_Current,VIX_Momentum,VIX_Volatility,GVZ_Current,GVZ_Momentum,GVZ_Volatility,DXY_Current,DXY_Momentum,DXY_Volatility,GOLD_Current,GOLD_Momentum,GOLD_Volatility,Composite_Score
20.639999389648438,1.4250565245334237,162.0433091363103,27.1200008392334,3.3142889113653276,82.8641227490654,98.66600036621094,-0.12855050692733244,2.811955830133464,4225.39990234375,0.26576115305835624,12.572341922736577,61.704631891697986
