VIX_Current,VIX_Momentum,VIX_Volatility,GVZ_Current,GVZ_Momentum,GVZ_Volatility,DXY_Current,DXY_Momentum,DXY_Volatility,GOLD_Current,GOLD_Momentum,GOLD_Volatility,Composite_Score
17.639999389648438,8.620687427718357,69.78223771138543,23.56999969482422,-4.45885844372877,62.30475368323296,99.7300033569336,0.06421747686019788,3.0687735086668173,3995.39990234375,-0.9887776869519835,14.613359976115412,53.70056004276595
