VIX_Current,VIX_Momentum,VIX_Volatility,GVZ_Current,GVZ_Momentum,GVZ_Volatility,DXY_Current,DXY_Momentum,DXY_Volatility,GOLD_Current,GOLD_Momentum,GOLD_Volatility,Composite_Score
20.020000457763672,-9.206343988824061,119.79107576251182,20.420000076293945,1.139175513385213,36.82368508115814,99.60700225830078,0.1276627433470386,2.169625461831704,4013.60009765625,-0.054782388194775315,7.860580410061606,52.3
