VIX_Current,VIX_Momentum,VIX_Volatility,GVZ_Current,GVZ_Momentum,GVZ_Volatility,DXY_Current,DXY_Momentum,DXY_Volatility,GOLD_Current,GOLD_Momentum,GOLD_Volatility,Composite_Score
17.559999465942383,-1.292869239732375,76.82421033065664,22.65999984741211,-3.8608394535191186,60.37325742531492,99.9280014038086,0.024025139490525,3.3051968893331125,4028.0,0.40881199383087885,13.635494173748317,55.60104730327118
