VIX_Current,VIX_Momentum,VIX_Volatility,GVZ_Current,GVZ_Momentum,GVZ_Volatility,DXY_Current,DXY_Momentum,DXY_Volatility,GOLD_Current,GOLD_Momentum,GOLD_Volatility,Composite_Score
16.100000381469727,1.3853920997692264,77.5201934349114,23.770000457763672,-0.917045916854705,58.871144967271725,98.72000122070312,0.08414710730492649,2.256248450982238,3961.800048828125,0.5328867169052326,14.755119099314742,57.93225377844386
