VIX_Current,VIX_Momentum,VIX_Volatility,GVZ_Current,GVZ_Momentum,GVZ_Volatility,DXY_Current,DXY_Momentum,DXY_Volatility,GOLD_Current,GOLD_Momentum,GOLD_Volatility,Composite_Score
17.81999969482422,2.708929700407755,62.25950441690803,23.5,-5.3182905360771695,61.29705101697387,99.76300048828125,0.09732518784128692,3.073939898195368,3995.60009765625,-0.9838165859166805,14.609500100355508,51.84533500175634
