VIX_Current,VIX_Momentum,VIX_Volatility,GVZ_Current,GVZ_Momentum,GVZ_Volatility,DXY_Current,DXY_Momentum,DXY_Volatility,GOLD_Current,GOLD_Momentum,GOLD_Volatility,Composite_Score
18.59000015258789,-2.77196999676888,120.01076574572052,27.190000534057617,0.44329826592625554,112.2498693276724,98.88099670410156,-0.016184989648703952,2.0909665845476533,4106.10009765625,0.29555685530654613,21.647194140218414,60.646436396637846
