VIX_Current,VIX_Momentum,VIX_Volatility,GVZ_Current,GVZ_Momentum,GVZ_Volatility,DXY_Current,DXY_Momentum,DXY_Volatility,GOLD_Current,GOLD_Momentum,GOLD_Volatility,Composite_Score
16.229999542236328,0.3710542093957385,66.40004831624255,24.81999969482422,1.2647876909323277,55.14678602915492,99.71399688720703,0.21104587665811905,3.104549714910819,4036.300048828125,0.410468177510724,14.498934680256781,59.51211843782268
