VIX_Current,VIX_Momentum,VIX_Volatility,GVZ_Current,GVZ_Momentum,GVZ_Volatility,DXY_Current,DXY_Momentum,DXY_Volatility,GOLD_Current,GOLD_Momentum,GOLD_Volatility,Composite_Score
18.219999313354492,3.876843570887032,101.00548584532996,22.5,-3.308983423362045,64.58653063890513,99.83999633789062,-0.03104590791404806,3.294652341659135,4022.60009765625,-0.0670745320627969,13.511773106304458,55.592076711223086
