VIX_Current,VIX_Momentum,VIX_Volatility,GVZ_Current,GVZ_Momentum,GVZ_Volatility,DXY_Current,DXY_Momentum,DXY_Volatility,GOLD_Current,GOLD_Momentum,GOLD_Volatility,Composite_Score
18.549999237060547,-5.0179283928805996,116.12614094643865,30.3799991607666,-0.6215261235013555,106.58107378732007,98.61599731445312,0.09337342913415156,2.37184423046234,4365.7001953125,0.39092140723622293,16.81405277128932,60.52412955631363
