VIX_Current,VIX_Momentum,VIX_Volatility,GVZ_Current,GVZ_Momentum,GVZ_Volatility,DXY_Current,DXY_Momentum,DXY_Volatility,GOLD_Current,GOLD_Momentum,GOLD_Volatility,Composite_Score
18.09000015258789,2.261162275038802,77.99481435701377,22.600000381469727,-3.045899188071698,65.48607110340873,99.88800048828125,-0.008011566594257074,3.2847757364042156,4040.5,0.5199497919192589,13.486636565103261,57.31079145119775
