VIX_Current,VIX_Momentum,VIX_Volatility,GVZ_Current,GVZ_Momentum,GVZ_Volatility,DXY_Current,DXY_Momentum,DXY_Volatility,GOLD_Current,GOLD_Momentum,GOLD_Volatility,Composite_Score
23.219999313354492,-12.145293056211866,143.17540490723704,31.229999542236328,-1.4515651122407542,92.93287031012676,98.50199890136719,0.2126292160646286,2.6084990917243607,4254.2998046875,-1.9678868765460964,13.358256204938387,51.9728095444986
