VIX_Current,VIX_Momentum,VIX_Volatility,GVZ_Current,GVZ_Momentum,GVZ_Volatility,DXY_Current,DXY_Momentum,DXY_Volatility,GOLD_Current,GOLD_Momentum,GOLD_Volatility,Composite_Score
17.280000686645508,-1.929626199737929,86.53125837442055,23.329999923706055,3.230086415551001,82.04047674723549,99.51200103759766,-0.018082730754501366,2.430923642459388,4123.2998046875,0.1359887585156023,7.830242853132726,56.91
