VIX_Current,VIX_Momentum,VIX_Volatility,GVZ_Current,GVZ_Momentum,GVZ_Volatility,DXY_Current,DXY_Momentum,DXY_Volatility,GOLD_Current,GOLD_Momentum,GOLD_Volatility,Composite_Score
19.520000457763672,0.15392861466301924,110.82213542715817,20.1200008392334,-1.0816092020849928,34.41298475052655,99.7229995727539,0.02206916141548418,2.1405749453167475,3984.800048828125,-0.24283267422393293,8.517288535487397,52.35586384910404
