VIX_Current,VIX_Momentum,VIX_Volatility,GVZ_Current,GVZ_Momentum,GVZ_Volatility,DXY_Current,DXY_Momentum,DXY_Volatility,GOLD_Current,GOLD_Momentum,GOLD_Volatility,Composite_Score
17.8700008392334,-1.4340779568034434,107.07987453637094,29.850000381469727,1.2550910616646858,110.79159833024707,98.93199920654297,0.018195342856102685,2.1282545174039136,4142.39990234375,1.3158490290684142,20.08902942015472,65.66230231573147
