VIX_Current,VIX_Momentum,VIX_Volatility,GVZ_Current,GVZ_Momentum,GVZ_Volatility,DXY_Current,DXY_Momentum,DXY_Volatility,GOLD_Current,GOLD_Momentum,GOLD_Volatility,Composite_Score
,,,24.899999618530273,4.974706320971242,111.50037883200719,99.22799682617188,-0.0956487647083404,3.167599681432064,4123.5,0.14328497677829963,12.929328335781925,
