VIX_Current,VIX_Momentum,VIX_Volatility,GVZ_Current,GVZ_Momentum,GVZ_Volatility,DXY_Current,DXY_Momentum,DXY_Volatility,GOLD_Current,GOLD_Momentum,GOLD_Volatility,Composite_Score
17.280000686645508,-1.929626199737929,88.0023106838569,23.329999923706055,3.230086415551001,82.04047674723549,99.5270004272461,-0.08232261288358082,2.4164139391393946,4122.60009765625,0.14818650932223976,7.781578448977193,56.91
