VIX_Current,VIX_Momentum,VIX_Volatility,GVZ_Current,GVZ_Momentum,GVZ_Volatility,DXY_Current,DXY_Momentum,DXY_Volatility,GOLD_Current,GOLD_Momentum,GOLD_Volatility,Composite_Score
16.34000015258789,-1.6255294873102182,85.56492620602185,24.81999969482422,-2.8571411508202944,83.32201628685401,98.94100189208984,-0.025262741765286693,1.921297880864922,4128.5,-0.43890791364839465,18.52851431287731,54.445558837686164
