VIX_Current,VIX_Momentum,VIX_Volatility,GVZ_Current,GVZ_Momentum,GVZ_Volatility,DXY_Current,DXY_Momentum,DXY_Volatility,GOLD_Current,GOLD_Momentum,GOLD_Volatility,Composite_Score
18.940000534057617,2.1574951390389185,105.78609100439719,21.43000030517578,-0.1863018605400293,41.74763241551773,100.22699737548828,0.05590416107466382,1.9679914711937256,3974.39990234375,-0.015096796383647797,10.036608268779913,55.637921654396266
