VIX_Current,VIX_Momentum,VIX_Volatility,GVZ_Current,GVZ_Momentum,GVZ_Volatility,DXY_Current,DXY_Momentum,DXY_Volatility,GOLD_Current,GOLD_Momentum,GOLD_Volatility,Composite_Score
19.389999389648438,4.135330374382199,119.94227749118944,27.209999084472656,-1.234120370248573,113.85503193559687,98.9010009765625,0.0131466792907706,2.1318339503954564,4095.199951171875,1.5976952853931068,21.910602883283232,66.16417256827195
