VIX_Current,VIX_Momentum,VIX_Volatility,GVZ_Current,GVZ_Momentum,GVZ_Volatility,DXY_Current,DXY_Momentum,DXY_Volatility,GOLD_Current,GOLD_Momentum,GOLD_Volatility,Composite_Score
18.0,-4.357065399154767,108.41797759417659,29.850000381469727,-5.388269086212523,113.96358030397961,98.93699645996094,0.06169040982262561,2.290817996171259,4107.10009765625,-1.8684374042611473,19.70767874977193,51.001907686187224
