VIX_Current,VIX_Momentum,VIX_Volatility,GVZ_Current,GVZ_Momentum,GVZ_Volatility,DXY_Current,DXY_Momentum,DXY_Volatility,GOLD_Current,GOLD_Momentum,GOLD_Volatility,Composite_Score
16.209999084472656,2.3358518202054204,76.42876718098786,24.559999465942383,2.5898033335577426,60.404125057972344,98.68900299072266,-0.14367788363372885,2.2838650287958724,3971.300048828125,1.1280888420709192,14.721144839162529,62.253445455458895
