VIX_Current,VIX_Momentum,VIX_Volatility,GVZ_Current,GVZ_Momentum,GVZ_Volatility,DXY_Current,DXY_Momentum,DXY_Volatility,GOLD_Current,GOLD_Momentum,GOLD_Volatility,Composite_Score
21.110000610351562,2.1286914970176802,66.13040625977622,24.84000015258789,-0.8383197240260605,95.18569581827646,99.23600006103516,0.11197988502916142,2.4633277814370045,4177.0,-0.3768318408581303,10.762053751720371,46.68
