VIX_Current,VIX_Momentum,VIX_Volatility,GVZ_Current,GVZ_Momentum,GVZ_Volatility,DXY_Current,DXY_Momentum,DXY_Volatility,GOLD_Current,GOLD_Momentum,GOLD_Volatility,Composite_Score
18.59000015258789,-2.77196999676888,120.01076574572052,27.190000534057617,0.44329826592625554,112.2498693276724,99.08599853515625,0.15869732768753977,1.8974428649032593,4106.2001953125,0.03654347281472531,20.66379115152594,59.69281552041766
