VIX_Current,VIX_Momentum,VIX_Volatility,GVZ_Current,GVZ_Momentum,GVZ_Volatility,DXY_Current,DXY_Momentum,DXY_Volatility,GOLD_Current,GOLD_Momentum,GOLD_Volatility,Composite_Score
20.690000534057617,-1.7568800629986583,118.85479824972323,31.209999084472656,0.6125036231630087,102.8319311069337,98.46499633789062,0.05283277886695047,2.4359391651425275,4268.2001953125,0.38336492728262217,16.280425782704242,62.72715505382872
