VIX_Current,VIX_Momentum,VIX_Volatility,GVZ_Current,GVZ_Momentum,GVZ_Volatility,DXY_Current,DXY_Momentum,DXY_Volatility,GOLD_Current,GOLD_Momentum,GOLD_Volatility,Composite_Score
18.65999984741211,-0.1070688299621185,115.27766474805163,30.920000076293945,0.8151287883211806,104.95965341740903,98.59500122070312,0.07206279080464541,2.3727373774917018,4375.2001953125,0.6093774877505829,16.829470316729083,63.48318747267788
