VIX_Current,VIX_Momentum,VIX_Volatility,GVZ_Current,GVZ_Momentum,GVZ_Volatility,DXY_Current,DXY_Momentum,DXY_Volatility,GOLD_Current,GOLD_Momentum,GOLD_Volatility,Composite_Score
16.399999618530273,-4.1496257539098975,88.17098183566146,25.520000457763672,-5.130108477087035,88.20623278643086,98.92500305175781,-0.10602416321650286,1.9615164454927267,4141.2001953125,1.6095813152515763,18.736434479641044,59.87525549217354
