VIX_Current,VIX_Momentum,VIX_Volatility,GVZ_Current,GVZ_Momentum,GVZ_Volatility,DXY_Current,DXY_Momentum,DXY_Volatility,GOLD_Current,GOLD_Momentum,GOLD_Volatility,Composite_Score
16.709999084472656,1.3956283290352403,39.48587542370784,19.510000228881836,0.41173403216439597,62.70382066602309,98.39199829101562,0.19552072173142201,2.8180630850352917,3973.800048828125,-0.2309804461931961,8.701815330746983,52.92787401596844
