VIX_Current,VIX_Momentum,VIX_Volatility,GVZ_Current,GVZ_Momentum,GVZ_Volatility,DXY_Current,DXY_Momentum,DXY_Volatility,GOLD_Current,GOLD_Momentum,GOLD_Volatility,Composite_Score
15.989999771118164,1.7175540680851864,81.78259983182188,24.09000015258789,2.0330348573810593,83.25514897775844,98.89399719238281,0.02933225028057019,1.907065405292387,4019.300048828125,0.42726744952467854,17.668058950013645,60.002252243988366
