VIX_Current,VIX_Momentum,VIX_Volatility,GVZ_Current,GVZ_Momentum,GVZ_Volatility,DXY_Current,DXY_Momentum,DXY_Volatility,GOLD_Current,GOLD_Momentum,GOLD_Volatility,Composite_Score
19.520000457763672,0.15392861466301924,110.82213542715817,20.1200008392334,-1.0816092020849928,34.41298475052655,99.8219985961914,0.04610088516146397,2.153812217027808,4013.199951171875,0.2648241956979869,8.0797803608434,54.07552336612521
