VIX_Current,VIX_Momentum,VIX_Volatility,GVZ_Current,GVZ_Momentum,GVZ_Volatility,DXY_Current,DXY_Momentum,DXY_Volatility,GOLD_Current,GOLD_Momentum,GOLD_Volatility,Composite_Score
19.219999313354492,5.953693274776817,109.6539548350455,27.610000610351562,-8.697087237674122,121.0178222233512,98.85800170898438,-0.22808720443257013,2.1425627363938418,4045.60009765625,0.07173786131553796,21.928577940233605,57.83227224023218
