VIX_Current,VIX_Momentum,VIX_Volatility,GVZ_Current,GVZ_Momentum,GVZ_Volatility,DXY_Current,DXY_Momentum,DXY_Volatility,GOLD_Current,GOLD_Momentum,GOLD_Volatility,Composite_Score
17.440000534057617,6.731948416141913,47.261665950790274,20.200000762939453,-0.3944769279950522,64.89996806582883,98.56600189208984,0.07716928619029984,2.7522790832664077,4003.699951171875,-0.1322037622380893,8.744669950146292,54.892802234253054
