VIX_Current,VIX_Momentum,VIX_Volatility,GVZ_Current,GVZ_Momentum,GVZ_Volatility,DXY_Current,DXY_Momentum,DXY_Volatility,GOLD_Current,GOLD_Momentum,GOLD_Volatility,Composite_Score
17.280000686645508,-1.929626199737929,86.53125837442055,23.329999923706055,3.230086415551001,82.04047674723549,99.60700225830078,0.15484633352112814,2.593107197240813,4112.89990234375,-0.5513042989574628,8.852892685257602,54.96
