VIX_Current,VIX_Momentum,VIX_Volatility,GVZ_Current,GVZ_Momentum,GVZ_Volatility,DXY_Current,DXY_Momentum,DXY_Volatility,GOLD_Current,GOLD_Momentum,GOLD_Volatility,Composite_Score
17.440000534057617,-0.2858732859626009,78.53143241750382,22.260000228881836,-2.624673514654378,63.8549894910919,99.75900268554688,-0.18510121482214315,3.2899824318247637,4019.39990234375,-0.21598756489597187,13.418159081802505,53.965398905124516
