VIX_Current,VIX_Momentum,VIX_Volatility,GVZ_Current,GVZ_Momentum,GVZ_Volatility,DXY_Current,DXY_Momentum,DXY_Volatility,GOLD_Current,GOLD_Momentum,GOLD_Volatility,Composite_Score
17.479999542236328,-1.687295460199332,107.75209198187876,25.829999923706055,0.31067931536331916,88.27310559687305,99.47899627685547,0.011052757935396975,2.41414056533366,4200.0,-0.07137758743754462,8.991306223773758,56.36
