VIX_Current,VIX_Momentum,VIX_Volatility,GVZ_Current,GVZ_Momentum,GVZ_Volatility,DXY_Current,DXY_Momentum,DXY_Volatility,GOLD_Current,GOLD_Momentum,GOLD_Volatility,Composite_Score
20.469999313354492,-5.055659460055774,74.15537902655842,24.31999969482422,0.5789883700641241,73.1373437609421,99.31500244140625,0.0745711237852979,2.7887423847334576,4101.0,0.42363662940418795,12.902968422931988,50.94
