VIX_Current,VIX_Momentum,VIX_Volatility,GVZ_Current,GVZ_Momentum,GVZ_Volatility,DXY_Current,DXY_Momentum,DXY_Volatility,GOLD_Current,GOLD_Momentum,GOLD_Volatility,Composite_Score
16.549999237060547,-0.9575096120788252,46.2629723470147,21.6200008392334,1.075275624814972,87.17361284620979,99.5009994506836,0.08348607265981915,2.791994223183759,3987.800048828125,-1.0373249904484891,10.701082445263262,51.749552672832706
