VIX_Current,VIX_Momentum,VIX_Volatility,GVZ_Current,GVZ_Momentum,GVZ_Volatility,DXY_Current,DXY_Momentum,DXY_Volatility,GOLD_Current,GOLD_Momentum,GOLD_Volatility,Composite_Score
19.40999984741211,-1.8209438645217149,170.22399870492734,26.09000015258789,4.863348201913712,94.11698142288708,98.95099639892578,0.12952283838835513,2.8658714517089745,4205.2998046875,-0.47805455715299966,12.458843074650405,58.552347358270595
