VIX_Current,VIX_Momentum,VIX_Volatility,GVZ_Current,GVZ_Momentum,GVZ_Volatility,DXY_Current,DXY_Momentum,DXY_Volatility,GOLD_Current,GOLD_Momentum,GOLD_Volatility,Composite_Score
18.809999465942383,1.0204007419196592,104.14831881584743,27.190000534057617,0.44329826592625554,112.2498693276724,99.06999969482422,0.009088022348525194,1.872162336927032,4138.7001953125,0.2664922227755742,20.12547560327104,61.27172297289839
