VIX_Current,VIX_Momentum,VIX_Volatility,GVZ_Current,GVZ_Momentum,GVZ_Volatility,DXY_Current,DXY_Momentum,DXY_Volatility,GOLD_Current,GOLD_Momentum,GOLD_Volatility,Composite_Score
,,,24.729999542236328,4.214075091826822,110.12748198154576,99.25599670410156,-0.06745803498784496,3.167378664378586,4124.10009765625,0.1578589432154866,12.929039253422047,
