VIX_Current,VIX_Momentum,VIX_Volatility,GVZ_Current,GVZ_Momentum,GVZ_Volatility,DXY_Current,DXY_Momentum,DXY_Volatility,GOLD_Current,GOLD_Momentum,GOLD_Volatility,Composite_Score
16.940000534057617,-1.96759339743923,48.618736894134805,19.93000030517578,-2.30391824580021,64.3082029810888,98.91300201416016,0.010113076694148624,2.7857066454938453,4056.699951171875,0.11846415123306715,7.097201319741006,52.068055064703564
