VIX_Current,VIX_Momentum,VIX_Volatility,GVZ_Current,GVZ_Momentum,GVZ_Volatility,DXY_Current,DXY_Momentum,DXY_Volatility,GOLD_Current,GOLD_Momentum,GOLD_Volatility,Composite_Score
15.84000015258789,-0.8140270022995076,80.3679578553577,23.940000534057617,0.9700609804560713,80.77321048261638,98.73200225830078,0.12981824903516445,2.102069061590371,3911.800048828125,-1.73084892578921,14.44508453759382,50.48829930988214
