VIX_Current,VIX_Momentum,VIX_Volatility,GVZ_Current,GVZ_Momentum,GVZ_Volatility,DXY_Current,DXY_Momentum,DXY_Volatility,GOLD_Current,GOLD_Momentum,GOLD_Volatility,Composite_Score
17.030000686645508,-0.8731060294864103,93.26943683562467,26.68000030517578,-0.44775722127194817,91.12952468689723,99.05400085449219,0.03130406992202798,1.8544864548678746,4108.2001953125,-0.47723315723002024,18.932289115809876,56.93925916303231
