VIX_Current,VIX_Momentum,VIX_Volatility,GVZ_Current,GVZ_Momentum,GVZ_Volatility,DXY_Current,DXY_Momentum,DXY_Volatility,GOLD_Current,GOLD_Momentum,GOLD_Volatility,Composite_Score
17.920000076293945,0.05583600763280248,110.07444649564621,29.850000381469727,1.2550910616646858,110.79159833024707,99.072998046875,0.07272512054514325,2.0485631849086876,4043.5,-0.9795518550263255,20.646366986572108,58.556644559251666
