VIX_Current,VIX_Momentum,VIX_Volatility,GVZ_Current,GVZ_Momentum,GVZ_Volatility,DXY_Current,DXY_Momentum,DXY_Volatility,GOLD_Current,GOLD_Momentum,GOLD_Volatility,Composite_Score
17.90999984741211,0.055867201647778766,90.25866406874708,22.600000381469727,-3.4188002141121143,87.2074965956361,99.36900329589844,-0.20486954794765735,2.5642531129427786,4114.10009765625,-0.6424057864986885,8.072075207112583,51.22
