VIX_Current,VIX_Momentum,VIX_Volatility,GVZ_Current,GVZ_Momentum,GVZ_Volatility,DXY_Current,DXY_Momentum,DXY_Volatility,GOLD_Current,GOLD_Momentum,GOLD_Volatility,Composite_Score
19.06999969482422,-9.233700680263462,116.75337029335297,30.559999465942383,-1.3238613383995603,113.32607090751227,98.49099731445312,-0.06696824438772284,2.425409699311153,4343.7001953125,1.7283846145489496,17.070374857669428,63.7460009937466
