VIX_Current,VIX_Momentum,VIX_Volatility,GVZ_Current,GVZ_Momentum,GVZ_Volatility,DXY_Current,DXY_Momentum,DXY_Volatility,GOLD_Current,GOLD_Momentum,GOLD_Volatility,Composite_Score
18.0,2.9159533193591964,109.69242407689784,20.15999984741211,-1.6585373296970276,43.68271211275811,100.04399871826172,-0.036972615184371,2.011538618715758,3994.5,0.2459419516704857,9.347903690720772,54.969376640835655
