VIX_Current,VIX_Momentum,VIX_Volatility,GVZ_Current,GVZ_Momentum,GVZ_Volatility,DXY_Current,DXY_Momentum,DXY_Volatility,GOLD_Current,GOLD_Momentum,GOLD_Volatility,Composite_Score
17.389999389648438,-1.361314705290821,71.37049887291921,22.899999618530273,-2.428631067321282,60.827349036522946,99.78299713134766,0.075216580519579,3.042169842562749,4004.39990234375,-0.5118036684782609,14.60341456873281,53.44791201237009
