VIX_Current,VIX_Momentum,VIX_Volatility,GVZ_Current,GVZ_Momentum,GVZ_Volatility,DXY_Current,DXY_Momentum,DXY_Volatility,GOLD_Current,GOLD_Momentum,GOLD_Volatility,Composite_Score
19.25,-11.575564560289125,121.75471200794053,20.350000381469727,-0.9250269016005014,36.762134121947184,99.66699981689453,0.024088070149728108,2.3651573338534164,4085.699951171875,0.7123817293410412,7.756421372193431,53.37
