VIX_Current,VIX_Momentum,VIX_Volatility,GVZ_Current,GVZ_Momentum,GVZ_Volatility,DXY_Current,DXY_Momentum,DXY_Volatility,GOLD_Current,GOLD_Momentum,GOLD_Volatility,Composite_Score
19.030000686645508,0.8479058839226286,108.40561861514573,21.43000030517578,-0.1863018605400293,41.74763241551773,100.14800262451172,-0.04989662801435634,2.378466511506052,3963.89990234375,0.5428003130944832,11.12817368708574,57.35425791844918
