VIX_Current,VIX_Momentum,VIX_Volatility,GVZ_Current,GVZ_Momentum,GVZ_Volatility,DXY_Current,DXY_Momentum,DXY_Volatility,GOLD_Current,GOLD_Momentum,GOLD_Volatility,Composite_Score
17.18000030517578,-2.5524610153824483,86.83255098403635,21.420000076293945,-3.7735855523397968,61.02110518796733,99.98100280761719,0.11114454589213991,3.13792535232778,3987.800048828125,-0.6452874569308061,12.977736790434951,50.93749203045533
