VIX_Current,VIX_Momentum,VIX_Volatility,GVZ_Current,GVZ_Momentum,GVZ_Volatility,DXY_Current,DXY_Momentum,DXY_Volatility,GOLD_Current,GOLD_Momentum,GOLD_Volatility,Composite_Score
16.68000030517578,-2.8538134475298613,90.07741761278544,26.68000030517578,-0.44775722127194817,91.12952468689723,98.85399627685547,-0.1767189943797073,1.9628426780057755,4095.60009765625,0.40696488492890415,18.759699347141463,59.13343776057968
