VIX_Current,VIX_Momentum,VIX_Volatility,GVZ_Current,GVZ_Momentum,GVZ_Volatility,DXY_Current,DXY_Momentum,DXY_Volatility,GOLD_Current,GOLD_Momentum,GOLD_Volatility,Composite_Score
17.579999923706055,2.746927507823362,82.96177507855762,25.979999542236328,11.358763939975665,91.27524605521565,99.45099639892578,-0.16062850690318856,2.4354477627154703,4198.2998046875,1.3421103810000885,9.051369383920376,67.04
