VIX_Current,VIX_Momentum,VIX_Volatility,GVZ_Current,GVZ_Momentum,GVZ_Volatility,DXY_Current,DXY_Momentum,DXY_Volatility,GOLD_Current,GOLD_Momentum,GOLD_Volatility,Composite_Score
19.350000381469727,-4.207922521612997,109.3798501773457,21.420000076293945,-3.7735855523397968,61.02110518796733,100.06999969482422,0.06099151840273169,2.4892419993623967,3987.10009765625,-0.34990376792124916,11.235271573764647,51.58780498637243
