VIX_Current,VIX_Momentum,VIX_Volatility,GVZ_Current,GVZ_Momentum,GVZ_Volatility,DXY_Current,DXY_Momentum,DXY_Volatility,GOLD_Current,GOLD_Momentum,GOLD_Volatility,Composite_Score
19.18000030517578,16.52491720530535,85.15636456899362,23.200000762939453,8.158507868324124,101.44033501073457,98.8949966430664,-0.5070528089885916,3.084727758028007,4031.699951171875,0.7345751689046478,10.770717779146475,65.06132589338084
