VIX_Current,VIX_Momentum,VIX_Volatility,GVZ_Current,GVZ_Momentum,GVZ_Volatility,DXY_Current,DXY_Momentum,DXY_Volatility,GOLD_Current,GOLD_Momentum,GOLD_Volatility,Composite_Score
16.209999084472656,0.37151372978077535,66.89357311287625,24.81999969482422,1.2647876909323277,61.368993768402945,99.64900207519531,0.11051006010986929,3.108268563641055,4037.89990234375,0.3978219346204029,14.598103177104676,59.419015956724515
