VIX_Current,VIX_Momentum,VIX_Volatility,GVZ_Current,GVZ_Momentum,GVZ_Volatility,DXY_Current,DXY_Momentum,DXY_Volatility,GOLD_Current,GOLD_Momentum,GOLD_Volatility,Composite_Score
19.68000030517578,12.264686447891357,104.0029692545059,24.93000030517578,-3.297130949690167,98.20949279419031,99.04499816894531,-0.15323087330983992,2.515026624605591,4206.60009765625,0.1595322619179796,10.040601982720444,50.38
