VIX_Current,VIX_Momentum,VIX_Volatility,GVZ_Current,GVZ_Momentum,GVZ_Volatility,DXY_Current,DXY_Momentum,DXY_Volatility,GOLD_Current,GOLD_Momentum,GOLD_Volatility,Composite_Score
17.729999542236328,-2.528867390410556,95.49024977633881,23.34000015258789,3.2743352151662233,81.61688885667783,99.56900024414062,-0.14040797737679334,2.3603875249993846,4118.5,0.3728749258926852,7.362508853085443,57.54
