VIX_Current,VIX_Momentum,VIX_Volatility,GVZ_Current,GVZ_Momentum,GVZ_Volatility,DXY_Current,DXY_Momentum,DXY_Volatility,GOLD_Current,GOLD_Momentum,GOLD_Volatility,Composite_Score
22.709999084472656,13.493247499786246,169.43531632173355,30.780000686645508,12.871287751968305,103.57138290223924,98.44300079345703,-0.12073179397522261,2.587191609470788,4300.39990234375,1.1763598990398307,10.789744045283703,72.12823148991886
