VIX_Current,VIX_Momentum,VIX_Volatility,GVZ_Current,GVZ_Momentum,GVZ_Volatility,DXY_Current,DXY_Momentum,DXY_Volatility,GOLD_Current,GOLD_Momentum,GOLD_Volatility,Composite_Score
22.3799991607666,4.044625395757103,86.81561029006372,24.06999969482422,-0.33126262927420846,62.59830512689369,99.53800201416016,0.026128483289845916,2.7245268265837366,4045.10009765625,-0.7264302616223839,15.638748945838662,45.98
