VIX_Current,VIX_Momentum,VIX_Volatility,GVZ_Current,GVZ_Momentum,GVZ_Volatility,DXY_Current,DXY_Momentum,DXY_Volatility,GOLD_Current,GOLD_Momentum,GOLD_Volatility,Composite_Score
17.049999237060547,1.973683835276711,46.219071520469264,21.43000030517578,-1.697242866209638,88.9816837333198,99.37999725341797,0.3169557217723921,2.7960709239612256,3971.60009765625,-1.5614930470208805,10.489630154058345,49.342738178158264
