VIX_Current,VIX_Momentum,VIX_Volatility,GVZ_Current,GVZ_Momentum,GVZ_Volatility,DXY_Current,DXY_Momentum,DXY_Volatility,GOLD_Current,GOLD_Momentum,GOLD_Volatility,Composite_Score
17.290000915527344,-1.9285210517529812,98.91252097979287,21.420000076293945,-3.7735855523397968,61.02110518796733,99.91400146484375,-0.028016126907100508,2.4340378660112223,3979.89990234375,-0.4128715945149364,11.470564594182378,51.351116290518696
