VIX_Current,VIX_Momentum,VIX_Volatility,GVZ_Current,GVZ_Momentum,GVZ_Volatility,DXY_Current,DXY_Momentum,DXY_Volatility,GOLD_Current,GOLD_Momentum,GOLD_Volatility,Composite_Score
17.489999771118164,-7.655758828158869,117.88369329810722,20.440000534057617,-4.619690886700822,45.20093795237294,100.22100067138672,0.016963684695048456,2.0642935242585816,3990.300048828125,0.18328016138902836,9.67965298013264,50.7748607017861
