VIX_Current,VIX_Momentum,VIX_Volatility,GVZ_Current,GVZ_Momentum,GVZ_Volatility,DXY_Current,DXY_Momentum,DXY_Volatility,GOLD_Current,GOLD_Momentum,GOLD_Volatility,Composite_Score
16.43000030517578,-3.1249929711500006,46.25336445245496,21.829999923706055,2.0570385535894538,86.23489458289238,99.39900207519531,-0.13964509649798856,2.7930293384383127,3987.800048828125,0.6156367534334856,10.591584635216506,57.124643615072635
