VIX_Current,VIX_Momentum,VIX_Volatility,GVZ_Current,GVZ_Momentum,GVZ_Volatility,DXY_Current,DXY_Momentum,DXY_Volatility,GOLD_Current,GOLD_Momentum,GOLD_Volatility,Composite_Score
17.889999389648438,1.245044212816066,112.40732364192701,29.850000381469727,1.2550910616646858,110.79159833024707,99.02999877929688,0.11423614000780084,2.0606129188000613,4082.89990234375,-2.0675971622979095,20.620683214633853,55.22650597541187
