VIX_Current,VIX_Momentum,VIX_Volatility,GVZ_Current,GVZ_Momentum,GVZ_Volatility,DXY_Current,DXY_Momentum,DXY_Volatility,GOLD_Current,GOLD_Momentum,GOLD_Volatility,Composite_Score
19.030000686645508,0.8479058839226286,108.40561861514573,21.43000030517578,-0.1863018605400293,41.74763241551773,100.14099884033203,-0.019972116731309445,2.3678455175202955,3974.800048828125,0.6788259581591946,11.133986172430726,57.87478110875473
