VIX_Current,VIX_Momentum,VIX_Volatility,GVZ_Current,GVZ_Momentum,GVZ_Volatility,DXY_Current,DXY_Momentum,DXY_Volatility,GOLD_Current,GOLD_Momentum,GOLD_Volatility,Composite_Score
16.360000610351562,-1.1480280088685377,85.00416271445215,24.739999771118164,-1.7864261746681542,82.13315354953426,98.97699737548828,0.025258605794351924,1.9475703863987937,4069.89990234375,-0.20352236102940396,18.324553775482563,55.847756544763314
