VIX_Current,VIX_Momentum,VIX_Volatility,GVZ_Current,GVZ_Momentum,GVZ_Volatility,DXY_Current,DXY_Momentum,DXY_Volatility,GOLD_Current,GOLD_Momentum,GOLD_Volatility,Composite_Score
20.15999984741211,-1.5624985448084445,176.23344955321483,27.1200008392334,3.3142889113653276,82.8641227490654,98.59700012207031,-0.033455472236173824,2.5286418051381334,4257.2001953125,0.48150471028698283,10.08378230998574,61.04225495915988
