VIX_Current,VIX_Momentum,VIX_Volatility,GVZ_Current,GVZ_Momentum,GVZ_Volatility,DXY_Current,DXY_Momentum,DXY_Volatility,GOLD_Current,GOLD_Momentum,GOLD_Volatility,Composite_Score
18.010000228881836,0.5583494266984934,109.97627737320204,29.850000381469727,1.2550910616646858,110.79159833024707,99.04199981689453,0.04141409322979759,2.0607744138318944,4053.5,-0.7346638912697441,20.710003397717994,59.51242358058393
