VIX_Current,VIX_Momentum,VIX_Volatility,GVZ_Current,GVZ_Momentum,GVZ_Volatility,DXY_Current,DXY_Momentum,DXY_Volatility,GOLD_Current,GOLD_Momentum,GOLD_Volatility,Composite_Score
17.93000030517578,0.6737835083199921,94.22584971897557,23.329999923706055,3.230086415551001,81.63710158822697,99.70500183105469,0.08733925449160726,2.3705286901415024,4141.89990234375,0.11118598780388494,7.649874042983511,57.7
