VIX_Current,VIX_Momentum,VIX_Volatility,GVZ_Current,GVZ_Momentum,GVZ_Volatility,DXY_Current,DXY_Momentum,DXY_Volatility,GOLD_Current,GOLD_Momentum,GOLD_Volatility,Composite_Score
18.329999923706055,-2.2400004069010415,102.23615609760435,26.90999984741211,-0.847455959501801,100.3213923055179,98.93599700927734,-0.18865862341010986,1.9268481259870776,4160.39990234375,0.9095539762845644,19.942932063138397,61.53501611834476
