VIX_Current,VIX_Momentum,VIX_Volatility,GVZ_Current,GVZ_Momentum,GVZ_Volatility,DXY_Current,DXY_Momentum,DXY_Volatility,GOLD_Current,GOLD_Momentum,GOLD_Volatility,Composite_Score
16.6200008392334,0.6053291688786292,39.66574057144389,19.510000228881836,0.41173403216439597,62.70382066602309,98.34400177001953,0.18540698212149734,2.8250518078748006,3969.10009765625,-0.6806283522142216,10.245940451566815,51.50089051007359
