VIX_Current,VIX_Momentum,VIX_Volatility,GVZ_Current,GVZ_Momentum,GVZ_Volatility,DXY_Current,DXY_Momentum,DXY_Volatility,GOLD_Current,GOLD_Momentum,GOLD_Volatility,Composite_Score
18.579999923706055,-0.5353339391649734,115.23223374940169,30.709999084472656,0.13041737228304653,104.7975964959188,98.59400177001953,0.0710483672504429,2.372871679264022,4380.5,0.7312484940161493,16.86216489582821,63.32080592307337
