VIX_Current,VIX_Momentum,VIX_Volatility,GVZ_Current,GVZ_Momentum,GVZ_Volatility,DXY_Current,DXY_Momentum,DXY_Volatility,GOLD_Current,GOLD_Momentum,GOLD_Volatility,Composite_Score
16.43000030517578,2.2402029694344705,74.67549165760978,24.059999465942383,-1.8359884077405513,59.42728622241833,98.6780014038086,-0.0567178025823291,2.0649179445941326,3985.10009765625,0.23391641214115405,14.725681641500435,56.91520897856533
