VIX_Current,VIX_Momentum,VIX_Volatility,GVZ_Current,GVZ_Momentum,GVZ_Volatility,DXY_Current,DXY_Momentum,DXY_Volatility,GOLD_Current,GOLD_Momentum,GOLD_Volatility,Composite_Score
19.799999237060547,-1.2468828404636465,121.91617211815291,20.1200008392334,-1.0816092020849928,34.41298475052655,99.58999633789062,-0.1463901931651377,2.155940175756257,4004.699951171875,-0.273924848314176,7.86561839496283,51.8
