VIX_Current,VIX_Momentum,VIX_Volatility,GVZ_Current,GVZ_Momentum,GVZ_Volatility,DXY_Current,DXY_Momentum,DXY_Volatility,GOLD_Current,GOLD_Momentum,GOLD_Volatility,Composite_Score
20.290000915527344,4.695571693331002,166.43956992572868,26.280000686645508,0.7282504137462448,86.11418771430789,98.72000122070312,-0.22336611431098452,2.857820730894434,4214.89990234375,0.18777994636914666,12.22491405125549,60.36605537039475
