VIX_Current,VIX_Momentum,VIX_Volatility,GVZ_Current,GVZ_Momentum,GVZ_Volatility,DXY_Current,DXY_Momentum,DXY_Volatility,GOLD_Current,GOLD_Momentum,GOLD_Volatility,Composite_Score
19.520000457763672,0.15392861466301924,110.82213542715817,20.1200008392334,-1.0816092020849928,34.41298475052655,99.7979965209961,0.027054752226874514,2.1624849878508523,4006.10009765625,0.2527551966028529,8.088596505424432,54.02297847459536
