VIX_Current,VIX_Momentum,VIX_Volatility,GVZ_Current,GVZ_Momentum,GVZ_Volatility,DXY_Current,DXY_Momentum,DXY_Volatility,GOLD_Current,GOLD_Momentum,GOLD_Volatility,Composite_Score
16.360000610351562,-1.1480280088685377,85.00416271445215,24.739999771118164,-1.7864261746681542,82.13315354953426,98.98100280761719,0.07280048132549637,1.9257046734297303,4095.0,-0.004882574093061863,18.153095152344672,56.49672545355983
