VIX_Current,VIX_Momentum,VIX_Volatility,GVZ_Current,GVZ_Momentum,GVZ_Volatility,DXY_Current,DXY_Momentum,DXY_Volatility,GOLD_Current,GOLD_Momentum,GOLD_Volatility,Composite_Score
18.950000762939453,4.178120981683687,107.97098178037281,21.440000534057617,-0.2790672834529433,41.998001781598425,100.23100280761719,0.11887016189753297,2.447973271618896,3947.5,-0.8016259518165514,11.337069430205963,53.72050576956701
