VIX_Current,VIX_Momentum,VIX_Volatility,GVZ_Current,GVZ_Momentum,GVZ_Volatility,DXY_Current,DXY_Momentum,DXY_Volatility,GOLD_Current,GOLD_Momentum,GOLD_Volatility,Composite_Score
22.889999389648438,9.416822687237222,85.34097506786104,24.020000457763672,-0.8666904186547675,63.321535339175604,99.59300231933594,0.1407693941101165,2.7511109494616015,4010.39990234375,-1.4910022808686372,15.348304808421528,42.05
