VIX_Current,VIX_Momentum,VIX_Volatility,GVZ_Current,GVZ_Momentum,GVZ_Volatility,DXY_Current,DXY_Momentum,DXY_Volatility,GOLD_Current,GOLD_Momentum,GOLD_Volatility,Composite_Score
17.829999923706055,-0.22384394878998642,111.43378824535111,29.850000381469727,1.2550910616646858,110.79159833024707,99.08899688720703,0.17388019312239975,2.0724372381861906,4102.10009765625,-1.60706143845444,20.771467536032887,56.456102285715325
