VIX_Current,VIX_Momentum,VIX_Volatility,GVZ_Current,GVZ_Momentum,GVZ_Volatility,DXY_Current,DXY_Momentum,DXY_Volatility,GOLD_Current,GOLD_Momentum,GOLD_Volatility,Composite_Score
19.799999237060547,-1.2468828404636465,121.91617211815291,20.1200008392334,-1.0816092020849928,34.41298475052655,99.83300018310547,-0.030039934318585117,2.1094353550923,4014.89990234375,0.009961448343504795,7.973947406600991,52.881894958470255
