VIX_Current,VIX_Momentum,VIX_Volatility,GVZ_Current,GVZ_Momentum,GVZ_Volatility,DXY_Current,DXY_Momentum,DXY_Volatility,GOLD_Current,GOLD_Momentum,GOLD_Volatility,Composite_Score
19.90999984741211,1.4263917402764326,81.04995226021698,24.1299991607666,-0.33044166349169135,71.50001624793597,99.4000015258789,0.01912319498457938,2.8356952366659756,4088.199951171875,0.5212675478700517,14.876872410234448,52.91
