VIX_Current,VIX_Momentum,VIX_Volatility,GVZ_Current,GVZ_Momentum,GVZ_Volatility,DXY_Current,DXY_Momentum,DXY_Volatility,GOLD_Current,GOLD_Momentum,GOLD_Volatility,Composite_Score
17.010000228881836,0.1177189996062936,47.23824033291182,19.93000030517578,-2.30391824580021,64.3082029810888,98.84100341796875,-0.0768284511928772,2.8525691725402353,4066.199951171875,0.1921951758282969,8.962135279088422,53.17531330304095
