VIX_Current,VIX_Momentum,VIX_Volatility,GVZ_Current,GVZ_Momentum,GVZ_Volatility,DXY_Current,DXY_Momentum,DXY_Volatility,GOLD_Current,GOLD_Momentum,GOLD_Volatility,Composite_Score
16.399999618530273,-0.06093984750044343,45.1845716271447,17.729999542236328,-1.9900531084299746,58.098120559222856,97.697998046875,-0.07875579422366473,2.568075536661465,3910.60009765625,0.6511736161987268,9.465379974524984,52.88452756755981
