VIX_Current,VIX_Momentum,VIX_Volatility,GVZ_Current,GVZ_Momentum,GVZ_Volatility,DXY_Current,DXY_Momentum,DXY_Volatility,GOLD_Current,GOLD_Momentum,GOLD_Volatility,Composite_Score
,,,24.719999313354492,3.865546662965235,113.03766321394073,99.23400115966797,0.025200864811856356,3.185733875954276,4131.7998046875,0.4375516761775759,13.018638443317542,
