VIX_Current,VIX_Momentum,VIX_Volatility,GVZ_Current,GVZ_Momentum,GVZ_Volatility,DXY_Current,DXY_Momentum,DXY_Volatility,GOLD_Current,GOLD_Momentum,GOLD_Volatility,Composite_Score
20.15999984741211,-10.080286445991025,74.39649516984257,24.260000228881836,-2.3349433178068195,74.18100633234614,99.34200286865234,0.10177805234985143,2.788757661012229,4091.5,0.19100445481766276,12.940449257637873,46.61
