VIX_Current,VIX_Momentum,VIX_Volatility,GVZ_Current,GVZ_Momentum,GVZ_Volatility,DXY_Current,DXY_Momentum,DXY_Volatility,GOLD_Current,GOLD_Momentum,GOLD_Volatility,Composite_Score
17.520000457763672,-0.34129389193839244,80.55320824927898,25.780000686645508,0.11650752095342841,88.44741102649448,99.5,0.030158619612674967,2.3820127228223487,4206.10009765625,0.250262173600995,9.013740030604852,57.67
