VIX_Current,VIX_Momentum,VIX_Volatility,GVZ_Current,GVZ_Momentum,GVZ_Volatility,DXY_Current,DXY_Momentum,DXY_Volatility,GOLD_Current,GOLD_Momentum,GOLD_Volatility,Composite_Score
17.8700008392334,-1.4340779568034434,107.07987453637094,29.850000381469727,1.2550910616646858,110.79159833024707,98.9520034790039,0.015168258164216636,2.2425432889217025,4138.5,0.3321420665538929,19.358076664070147,62.25962421048841
