VIX_Current,VIX_Momentum,VIX_Volatility,GVZ_Current,GVZ_Momentum,GVZ_Volatility,DXY_Current,DXY_Momentum,DXY_Volatility,GOLD_Current,GOLD_Momentum,GOLD_Volatility,Composite_Score
17.3700008392334,6.826571923288925,47.811428400670216,20.40999984741211,3.9735136015922623,67.7514834791306,98.43299865722656,-0.019303641475814926,2.765279252250835,3994.800048828125,-0.20234963934227856,8.799992157452582,56.85987751190019
