VIX_Current,VIX_Momentum,VIX_Volatility,GVZ_Current,GVZ_Momentum,GVZ_Volatility,DXY_Current,DXY_Momentum,DXY_Volatility,GOLD_Current,GOLD_Momentum,GOLD_Volatility,Composite_Score
16.299999237060547,-1.271962379830395,47.09198724613973,21.799999237060547,-0.8640315417700247,87.33891135343357,98.78500366210938,-0.06676135201539786,2.8225646971025355,4046.89990234375,-0.4256692346826265,7.842886210626017,52.00797054417264
