VIX_Current,VIX_Momentum,VIX_Volatility,GVZ_Current,GVZ_Momentum,GVZ_Volatility,DXY_Current,DXY_Momentum,DXY_Volatility,GOLD_Current,GOLD_Momentum,GOLD_Volatility,Composite_Score
20.59000015258789,7.016634082793802,164.07200096244,27.1200008392334,5.034861191999832,83.58451231207982,98.7979965209961,-0.05462798519595494,2.846333636851489,4215.60009765625,-0.014233139520205383,12.782783948453513,63.13477664287835
