VIX_Current,VIX_Momentum,VIX_Volatility,GVZ_Current,GVZ_Momentum,GVZ_Volatility,DXY_Current,DXY_Momentum,DXY_Volatility,GOLD_Current,GOLD_Momentum,GOLD_Volatility,Composite_Score
17.299999237060547,-1.592722911607844,115.95173041585767,23.329999923706055,3.230086415551001,82.04047674723549,99.61799621582031,0.0984722428251146,2.417023810328571,4129.89990234375,0.1454933471248902,7.869180424947916,57.12
