VIX_Current,VIX_Momentum,VIX_Volatility,GVZ_Current,GVZ_Momentum,GVZ_Volatility,DXY_Current,DXY_Momentum,DXY_Volatility,GOLD_Current,GOLD_Momentum,GOLD_Volatility,Composite_Score
20.760000228881836,-12.219870766442051,141.60181442008025,31.209999084472656,0.6125036231630087,102.8319311069337,98.54900360107422,0.10869573641458298,2.6032415014051242,4213.2998046875,-0.08300133186567957,14.20352382527762,58.79075742191825
