VIX_Current,VIX_Momentum,VIX_Volatility,GVZ_Current,GVZ_Momentum,GVZ_Volatility,DXY_Current,DXY_Momentum,DXY_Volatility,GOLD_Current,GOLD_Momentum,GOLD_Volatility,Composite_Score
16.360000610351562,-0.9085379554863422,37.91999535765077,19.540000915527344,-0.10224208057807098,64.51217046164481,98.51200103759766,0.11992992314777007,2.7789829953350758,4004.10009765625,0.5272275234146613,8.481199485973931,54.4265385296701
