VIX_Current,VIX_Momentum,VIX_Volatility,GVZ_Current,GVZ_Momentum,GVZ_Volatility,DXY_Current,DXY_Momentum,DXY_Volatility,GOLD_Current,GOLD_Momentum,GOLD_Volatility,Composite_Score
17.280000686645508,-0.9174302896359119,98.58445406809113,26.68000030517578,-0.44775722127194817,91.12952468689723,99.05000305175781,0.010099087376826377,1.8362983848909415,4108.89990234375,-0.3589080744903283,19.02564079135882,57.38913208861801
