VIX_Current,VIX_Momentum,VIX_Volatility,GVZ_Current,GVZ_Momentum,GVZ_Volatility,DXY_Current,DXY_Momentum,DXY_Volatility,GOLD_Current,GOLD_Momentum,GOLD_Volatility,Composite_Score
17.639999389648438,1.96531888775771,78.53710417718692,22.65999984741211,-3.8608394535191186,60.37325742531492,99.90499877929688,0.1784886825965387,3.3581367035413088,4010.199951171875,-0.4517910737036347,13.860831815307947,53.69228937039354
