VIX_Current,VIX_Momentum,VIX_Volatility,GVZ_Current,GVZ_Momentum,GVZ_Volatility,DXY_Current,DXY_Momentum,DXY_Volatility,GOLD_Current,GOLD_Momentum,GOLD_Volatility,Composite_Score
17.110000610351562,-5.2077488445482265,99.64706881687133,26.8700008392334,0.5237609404962874,92.5528841365712,98.94599914550781,-0.021222955667766462,1.8958900243084251,4152.2998046875,-0.2929570251530796,19.522659367078372,57.14232226681557
