VIX_Current,VIX_Momentum,VIX_Volatility,GVZ_Current,GVZ_Momentum,GVZ_Volatility,DXY_Current,DXY_Momentum,DXY_Volatility,GOLD_Current,GOLD_Momentum,GOLD_Volatility,Composite_Score
16.520000457763672,-0.6614474356826067,38.41396285031154,19.510000228881836,0.41173403216439597,62.70382066602309,98.46700286865234,0.09657343462737755,2.79641335923437,3983.10009765625,0.36536813090750353,8.525087912751411,54.19676891053805
