VIX_Current,VIX_Momentum,VIX_Volatility,GVZ_Current,GVZ_Momentum,GVZ_Volatility,DXY_Current,DXY_Momentum,DXY_Volatility,GOLD_Current,GOLD_Momentum,GOLD_Volatility,Composite_Score
15.90999984741211,-0.4380456622617814,80.55791670674701,23.989999771118164,1.1809392554083915,80.8553042978071,98.81099700927734,-0.09504248640586203,1.9475449997885979,4002.60009765625,-0.04994256483114328,17.608679112028444,57.28853750826724
