VIX_Current,VIX_Momentum,VIX_Volatility,GVZ_Current,GVZ_Momentum,GVZ_Volatility,DXY_Current,DXY_Momentum,DXY_Volatility,GOLD_Current,GOLD_Momentum,GOLD_Volatility,Composite_Score
18.229999542236328,-2.825163540400968,113.57705870642434,31.549999237060547,2.9363772585046126,103.87541463973908,98.71099853515625,0.10242158419993484,2.3540439775365822,4357.89990234375,-0.44319336598729914,16.533986022584237,60.545184321612396
