VIX_Current,VIX_Momentum,VIX_Volatility,GVZ_Current,GVZ_Momentum,GVZ_Volatility,DXY_Current,DXY_Momentum,DXY_Volatility,GOLD_Current,GOLD_Momentum,GOLD_Volatility,Composite_Score
18.3799991607666,-8.829368552172893,132.9521961005328,22.440000534057617,10.487450143398625,83.66641247351642,99.71399688720703,0.1617183622072878,2.3560854578188803,4103.2998046875,-0.0681983610274966,7.451705002081459,57.77
