VIX_Current,VIX_Momentum,VIX_Volatility,GVZ_Current,GVZ_Momentum,GVZ_Volatility,DXY_Current,DXY_Momentum,DXY_Volatility,GOLD_Current,GOLD_Momentum,GOLD_Volatility,Composite_Score
18.1200008392334,5.043483125990716,107.25123275994817,21.479999542236328,0.0,42.937911822836696,100.11799621582031,0.030971285585820383,2.495855322888124,3976.0,-0.4681190427428531,11.279878861437982,55.06741030946496
