VIX_Current,VIX_Momentum,VIX_Volatility,GVZ_Current,GVZ_Momentum,GVZ_Volatility,DXY_Current,DXY_Momentum,DXY_Volatility,GOLD_Current,GOLD_Momentum,GOLD_Volatility,Composite_Score
16.93000030517578,1.3772427049628753,47.03868865062315,24.670000076293945,-1.2409906790359782,70.87397624930276,99.08599853515625,-0.05245410727357465,3.1310553769414065,3951.800048828125,-0.3052512377638667,14.178137755626363,55.63555426352583
