VIX_Current,VIX_Momentum,VIX_Volatility,GVZ_Current,GVZ_Momentum,GVZ_Volatility,DXY_Current,DXY_Momentum,DXY_Volatility,GOLD_Current,GOLD_Momentum,GOLD_Volatility,Composite_Score
16.059999465942383,1.388884540626405,76.60685255100174,24.549999237060547,2.54803128402245,60.384910706292885,98.62999725341797,-0.2033815561043531,2.117025087847097,3973.60009765625,1.1866589675642985,14.711908281768796,62.085794348643205
