VIX_Current,VIX_Momentum,VIX_Volatility,GVZ_Current,GVZ_Momentum,GVZ_Volatility,DXY_Current,DXY_Momentum,DXY_Volatility,GOLD_Current,GOLD_Momentum,GOLD_Volatility,Composite_Score
17.270000457763672,-3.3575845175811745,99.20835720647149,26.739999771118164,-0.22387861063597408,91.15996441864061,98.94599914550781,-0.08482241222305599,1.8800424217466896,4130.39990234375,-0.45789753812998424,19.379605001380995,56.59318942235285
