VIX_Current,VIX_Momentum,VIX_Volatility,GVZ_Current,GVZ_Momentum,GVZ_Volatility,DXY_Current,DXY_Momentum,DXY_Volatility,GOLD_Current,GOLD_Momentum,GOLD_Volatility,Composite_Score
17.829999923706055,0.7344585037464851,114.28996228281744,29.850000381469727,1.2550910616646858,110.79159833024707,98.97899627685547,0.08189614572021281,2.0961788351330255,4154.7998046875,0.2678670958761995,19.80762167440542,62.683135264161564
