VIX_Current,VIX_Momentum,VIX_Volatility,GVZ_Current,GVZ_Momentum,GVZ_Volatility,DXY_Current,DXY_Momentum,DXY_Volatility,GOLD_Current,GOLD_Momentum,GOLD_Volatility,Composite_Score
16.06999969482422,-0.49535557644387773,66.82326080655773,24.81999969482422,1.2647876909323277,61.368993768402945,99.62799835205078,0.08940906167163443,3.1016499840722833,4022.300048828125,0.009949190534100958,14.507258036518476,57.83931608108462
