VIX_Current,VIX_Momentum,VIX_Volatility,GVZ_Current,GVZ_Momentum,GVZ_Volatility,DXY_Current,DXY_Momentum,DXY_Volatility,GOLD_Current,GOLD_Momentum,GOLD_Volatility,Composite_Score
17.110000610351562,3.1344210547373414,61.596636288605936,24.670000076293945,-1.2409906790359782,70.87397624930276,99.09500122070312,-0.04337314386647105,2.945871707614896,3942.5,-0.5398698976000075,14.851468934768999,55.40187992770001
