VIX_Current,VIX_Momentum,VIX_Volatility,GVZ_Current,GVZ_Momentum,GVZ_Volatility,DXY_Current,DXY_Momentum,DXY_Volatility,GOLD_Current,GOLD_Momentum,GOLD_Volatility,Composite_Score
17.25,-0.17361507785525276,48.38051095703801,19.93000030517578,-2.30391824580021,64.3082029810888,98.89700317382812,0.03136149962295205,2.765017146995956,4053.699951171875,0.4908413522264374,7.242842810767774,53.86761139756682
