VIX_Current,VIX_Momentum,VIX_Volatility,GVZ_Current,GVZ_Momentum,GVZ_Volatility,DXY_Current,DXY_Momentum,DXY_Volatility,GOLD_Current,GOLD_Momentum,GOLD_Volatility,Composite_Score
,,,24.43000030517578,2.647063396263552,112.63676062667591,99.23899841308594,-0.011084722331549118,3.2044481476225952,4124.2001953125,0.607430337164574,13.086910319333558,
