VIX_Current,VIX_Momentum,VIX_Volatility,GVZ_Current,GVZ_Momentum,GVZ_Volatility,DXY_Current,DXY_Momentum,DXY_Volatility,GOLD_Current,GOLD_Momentum,GOLD_Volatility,Composite_Score
17.8700008392334,-1.4340779568034434,107.07987453637094,29.850000381469727,1.2550910616646858,110.79159833024707,98.89800262451172,-0.07779323141844456,2.1975537268350562,4125.5,0.4577837142569748,19.306985239968352,62.6007321992495
