VIX_Current,VIX_Momentum,VIX_Volatility,GVZ_Current,GVZ_Momentum,GVZ_Volatility,DXY_Current,DXY_Momentum,DXY_Volatility,GOLD_Current,GOLD_Momentum,GOLD_Volatility,Composite_Score
18.780000686645508,4.623954810184285,107.49726743170895,20.18000030517578,-0.2964400524747048,35.94294167129705,99.87799835205078,-0.04103360395608534,2.1231295374708665,3992.0,-0.874055214507841,8.70386046158593,51.87572912904097
