VIX_Current,VIX_Momentum,VIX_Volatility,GVZ_Current,GVZ_Momentum,GVZ_Volatility,DXY_Current,DXY_Momentum,DXY_Volatility,GOLD_Current,GOLD_Momentum,GOLD_Volatility,Composite_Score
20.299999237060547,-2.2628849799925836,116.66411378572636,31.209999084472656,0.6125036231630087,102.8319311069337,98.54000091552734,0.060923595195557845,2.4082065665275483,4337.89990234375,1.509336862310146,16.776616143560855,66.37380580873169
