VIX_Current,VIX_Momentum,VIX_Volatility,GVZ_Current,GVZ_Momentum,GVZ_Volatility,DXY_Current,DXY_Momentum,DXY_Volatility,GOLD_Current,GOLD_Momentum,GOLD_Volatility,Composite_Score
23.229999542236328,-3.006268049132025,140.63607877178882,31.049999237060547,-3.869969131657961,108.1970483684917,98.39199829101562,-0.03556306848200577,2.5871462054080174,4227.7998046875,-2.2925859790270393,13.838007464025365,51.283005228106546
