VIX_Current,VIX_Momentum,VIX_Volatility,GVZ_Current,GVZ_Momentum,GVZ_Volatility,DXY_Current,DXY_Momentum,DXY_Volatility,GOLD_Current,GOLD_Momentum,GOLD_Volatility,Composite_Score
19.100000381469727,-12.585812137249139,115.95130712152601,20.350000381469727,-0.9250269016005014,36.762134121947184,99.55599975585938,0.11665055471159602,2.19652697802691,4009.800048828125,-0.06978140756564558,7.798979296842348,50.72
