VIX_Current,VIX_Momentum,VIX_Volatility,GVZ_Current,GVZ_Momentum,GVZ_Volatility,DXY_Current,DXY_Momentum,DXY_Volatility,GOLD_Current,GOLD_Momentum,GOLD_Volatility,Composite_Score
16.920000076293945,3.296709054911033,62.970945397588316,24.81999969482422,1.2647876909323277,61.368993768402945,99.5270004272461,0.02512665690634957,3.150419540109745,4020.199951171875,-0.09194938397249733,14.829206134039733,58.675297614528795
