VIX_Current,VIX_Momentum,VIX_Volatility,GVZ_Current,GVZ_Momentum,GVZ_Volatility,DXY_Current,DXY_Momentum,DXY_Volatility,GOLD_Current,GOLD_Momentum,GOLD_Volatility,Composite_Score
18.940000534057617,6.047031840973692,109.91728831325838,27.389999389648438,-8.942820947075958,122.54060319787445,98.95500183105469,-0.13321238655753737,2.0859117543961734,4058.0,0.20990245709346833,21.29834315135673,57.949487025844576
