VIX_Current,VIX_Momentum,VIX_Volatility,GVZ_Current,GVZ_Momentum,GVZ_Volatility,DXY_Current,DXY_Momentum,DXY_Volatility,GOLD_Current,GOLD_Momentum,GOLD_Volatility,Composite_Score
18.170000076293945,3.5917852216808765,101.5244646604375,22.209999084472656,-4.555227126939582,64.8978505208301,99.80599975585938,-0.0650864014339787,3.300087522656604,4007.89990234375,-0.43226955191677346,13.578118633740896,53.51152884897646
