VIX_Current,VIX_Momentum,VIX_Volatility,GVZ_Current,GVZ_Momentum,GVZ_Volatility,DXY_Current,DXY_Momentum,DXY_Volatility,GOLD_Current,GOLD_Momentum,GOLD_Volatility,Composite_Score
18.65999984741211,1.9115258966596187,111.05557721977048,31.549999237060547,2.9363772585046126,103.87541463973908,98.85399627685547,0.1184933365560018,2.3070154845478816,4278.89990234375,-1.8285732466109286,18.945669132907625,57.73720767326213
