VIX_Current,VIX_Momentum,VIX_Volatility,GVZ_Current,GVZ_Momentum,GVZ_Volatility,DXY_Current,DXY_Momentum,DXY_Volatility,GOLD_Current,GOLD_Momentum,GOLD_Volatility,Composite_Score
17.3799991607666,-8.188067191871006,112.03341203154275,20.5,-4.69549148365741,45.91464758431448,100.23500061035156,-0.0638121899767016,2.0726946733628178,3993.0,0.17813035525741802,9.777915064068491,50.586881283893625
