VIX_Current,VIX_Momentum,VIX_Volatility,GVZ_Current,GVZ_Momentum,GVZ_Volatility,DXY_Current,DXY_Momentum,DXY_Volatility,GOLD_Current,GOLD_Momentum,GOLD_Volatility,Composite_Score
17.110000610351562,-0.34944359741280434,83.61453709751287,23.329999923706055,3.230086415551001,82.04047674723549,99.62200164794922,0.008034247184911608,2.3845232826464593,4133.39990234375,0.0024217371344919395,7.697597353189595,56.82
