VIX_Current,VIX_Momentum,VIX_Volatility,GVZ_Current,GVZ_Momentum,GVZ_Volatility,DXY_Current,DXY_Momentum,DXY_Volatility,GOLD_Current,GOLD_Momentum,GOLD_Volatility,Composite_Score
27.1299991607666,10.329398098484344,139.61128118291742,32.77000045776367,6.430657627027929,102.53152223176075,98.21800231933594,0.0815197279918502,2.5863042023654077,4352.39990234375,-0.45969348556317896,11.534322710632223,67.1836929003941
