VIX_Current,VIX_Momentum,VIX_Volatility,GVZ_Current,GVZ_Momentum,GVZ_Volatility,DXY_Current,DXY_Momentum,DXY_Volatility,GOLD_Current,GOLD_Momentum,GOLD_Volatility,Composite_Score
18.520000457763672,-0.6437711148821496,109.17980916379739,31.549999237060547,2.9363772585046126,103.87541463973908,98.84300231933594,0.08302946619036737,2.298905951379521,4274.10009765625,-0.8973221291001735,18.865629453184145,60.1297140152983
