VIX_Current,VIX_Momentum,VIX_Volatility,GVZ_Current,GVZ_Momentum,GVZ_Volatility,DXY_Current,DXY_Momentum,DXY_Volatility,GOLD_Current,GOLD_Momentum,GOLD_Volatility,Composite_Score
15.710000038146973,-3.7966925196309154,87.16849973471864,24.739999771118164,-1.7864261746681542,82.13315354953426,98.89399719238281,-0.0545749843939293,1.8950420858353916,4058.0,-0.8672285330401857,17.80182647634648,52.63676934986067
