VIX_Current,VIX_Momentum,VIX_Volatility,GVZ_Current,GVZ_Momentum,GVZ_Volatility,DXY_Current,DXY_Momentum,DXY_Volatility,GOLD_Current,GOLD_Momentum,GOLD_Volatility,Composite_Score
17.729999542236328,-1.335558042786385,127.22511550686446,23.329999923706055,3.230086415551001,81.63710158822697,99.62799835205078,-0.06920995126453178,2.3761826586412806,4147.89990234375,0.28528817990131433,7.607504376250383,57.62
