VIX_Current,VIX_Momentum,VIX_Volatility,GVZ_Current,GVZ_Momentum,GVZ_Volatility,DXY_Current,DXY_Momentum,DXY_Volatility,GOLD_Current,GOLD_Momentum,GOLD_Volatility,Composite_Score
19.799999237060547,-1.2468828404636465,121.91617211815291,20.1200008392334,-1.0816092020849928,34.41298475052655,99.83599853515625,0.052114522274370724,2.1429389315027403,4016.39990234375,0.46776775146402233,8.056030361384092,54.47174330553952
