VIX_Current,VIX_Momentum,VIX_Volatility,GVZ_Current,GVZ_Momentum,GVZ_Volatility,DXY_Current,DXY_Momentum,DXY_Volatility,GOLD_Current,GOLD_Momentum,GOLD_Volatility,Composite_Score
20.969999313354492,1.0115562724344302,117.90467903701708,31.209999084472656,0.6125036231630087,102.8319311069337,98.55500030517578,0.0324773705750841,2.4382030246455066,4271.2001953125,0.5177444928170076,16.166151307257763,63.927041420129044
