VIX_Current,VIX_Momentum,VIX_Volatility,GVZ_Current,GVZ_Momentum,GVZ_Volatility,DXY_Current,DXY_Momentum,DXY_Volatility,GOLD_Current,GOLD_Momentum,GOLD_Volatility,Composite_Score
16.93000030517578,1.3772427049628753,47.03868865062315,24.670000076293945,-1.2409906790359782,70.87397624930276,99.13800048828125,-0.08264536526206455,3.0984965790407517,3952.5,-1.4093290097281117,14.935316921632753,52.102709005675905
