VIX_Current,VIX_Momentum,VIX_Volatility,GVZ_Current,GVZ_Momentum,GVZ_Volatility,DXY_Current,DXY_Momentum,DXY_Volatility,GOLD_Current,GOLD_Momentum,GOLD_Volatility,Composite_Score
17.420000076293945,0.11494516208133834,109.59462987552679,20.18000030517578,-1.4167025789273842,44.21938685382869,100.1760025024414,-0.03492234707407527,2.050408672669305,3996.5,-0.007507226392598132,9.634445106493173,53.518024336892864
