VIX_Current,VIX_Momentum,VIX_Volatility,GVZ_Current,GVZ_Momentum,GVZ_Volatility,DXY_Current,DXY_Momentum,DXY_Volatility,GOLD_Current,GOLD_Momentum,GOLD_Volatility,Composite_Score
17.34000015258789,5.667277963579288,48.93364690141544,20.200000762939453,2.9037270837590374,67.78945769558761,98.41899871826172,-0.03352370655334218,2.7660573823005157,3991.89990234375,-0.2748007761462973,8.784799043928802,55.65313757574673
