VIX_Current,VIX_Momentum,VIX_Volatility,GVZ_Current,GVZ_Momentum,GVZ_Volatility,DXY_Current,DXY_Momentum,DXY_Volatility,GOLD_Current,GOLD_Momentum,GOLD_Volatility,Composite_Score
16.829999923706055,0.3577785587632829,45.9278350116012,21.450000762939453,0.28051133708798953,87.27598113055316,99.46900177001953,0.2115667886951621,2.769010517238136,3972.699951171875,-1.653671217430994,10.628400087510528,49.57367864228137
