VIX_Current,VIX_Momentum,VIX_Volatility,GVZ_Current,GVZ_Momentum,GVZ_Volatility,DXY_Current,DXY_Momentum,DXY_Volatility,GOLD_Current,GOLD_Momentum,GOLD_Volatility,Composite_Score
17.520000457763672,-1.4623184411748709,79.72914138769937,25.780000686645508,0.11650752095342841,88.44741102649448,99.5009994506836,0.015076884827247353,2.3942883755022475,4198.2998046875,-0.07378725492235602,8.996138339138193,56.3
