VIX_Current,VIX_Momentum,VIX_Volatility,GVZ_Current,GVZ_Momentum,GVZ_Volatility,DXY_Current,DXY_Momentum,DXY_Volatility,GOLD_Current,GOLD_Momentum,GOLD_Volatility,Composite_Score
16.440000534057617,1.1692340557391827,75.26730282243332,24.239999771118164,-1.1015930446443307,59.341308264316794,98.71900177001953,0.09024081829068296,2.262487843416103,3975.39990234375,0.0478143285201963,14.386604361680142,56.487165648694464
