VIX_Current,VIX_Momentum,VIX_Volatility,GVZ_Current,GVZ_Momentum,GVZ_Volatility,DXY_Current,DXY_Momentum,DXY_Volatility,GOLD_Current,GOLD_Momentum,GOLD_Volatility,Composite_Score
16.850000381469727,0.17836318186580882,49.23337496554719,17.670000076293945,-0.7860718351853679,54.50915274742458,98.40799713134766,0.3016935961982423,3.0425256617437926,3968.89990234375,0.14382194292744646,10.376502756501095,52.85819524205863
