VIX_Current,VIX_Momentum,VIX_Volatility,GVZ_Current,GVZ_Momentum,GVZ_Volatility,DXY_Current,DXY_Momentum,DXY_Volatility,GOLD_Current,GOLD_Momentum,GOLD_Volatility,Composite_Score
17.760000228881836,-1.9867582432562019,105.33931338204303,20.15999984741211,-1.6585373296970276,43.68271211275811,99.81300354003906,-0.1810106105300809,2.0408248515801617,4022.5,0.11947255610078426,8.415675020004496,52.97830166794222
