VIX_Current,VIX_Momentum,VIX_Volatility,GVZ_Current,GVZ_Momentum,GVZ_Volatility,DXY_Current,DXY_Momentum,DXY_Volatility,GOLD_Current,GOLD_Momentum,GOLD_Volatility,Composite_Score
19.100000381469727,-12.585812137249139,102.58296227775156,20.350000381469727,-0.9250269016005014,36.762134121947184,99.55400085449219,-0.06223544574395636,2.3612701261597846,4084.89990234375,0.5414851590931133,7.467235823850308,52.63
