VIX_Current,VIX_Momentum,VIX_Volatility,GVZ_Current,GVZ_Momentum,GVZ_Volatility,DXY_Current,DXY_Momentum,DXY_Volatility,GOLD_Current,GOLD_Momentum,GOLD_Volatility,Composite_Score
19.829999923706055,-1.5392228169665012,77.22282218525898,24.1299991607666,-0.33044166349169135,71.50001624793597,99.2750015258789,-0.05637691670955741,2.7519226626136297,4082.39990234375,-0.46568566759112523,12.765757496797134,45.06
