VIX_Current,VIX_Momentum,VIX_Volatility,GVZ_Current,GVZ_Momentum,GVZ_Volatility,DXY_Current,DXY_Momentum,DXY_Volatility,GOLD_Current,GOLD_Momentum,GOLD_Volatility,Composite_Score
23.799999237060547,-3.212691787820924,140.96255478531225,31.93000030517578,-1.1455075561123675,102.08392838102507,98.44300079345703,0.016254523671919378,2.597342378213283,4253.7001953125,-1.694009814825514,13.11891080347233,55.067923871353464
