VIX_Current,VIX_Momentum,VIX_Volatility,GVZ_Current,GVZ_Momentum,GVZ_Volatility,DXY_Current,DXY_Momentum,DXY_Volatility,GOLD_Current,GOLD_Momentum,GOLD_Volatility,Composite_Score
16.3700008392334,0.7384667029747596,75.14592828882739,24.270000457763672,-0.4103421338777116,60.23996336852511,98.6500015258789,-0.03343750372064709,2.261675992598619,3972.300048828125,-0.15834838067380258,14.460545776030855,55.95545513963832
