VIX_Current,VIX_Momentum,VIX_Volatility,GVZ_Current,GVZ_Momentum,GVZ_Volatility,DXY_Current,DXY_Momentum,DXY_Volatility,GOLD_Current,GOLD_Momentum,GOLD_Volatility,Composite_Score
22.3799991607666,4.044625395757103,86.81561029006372,24.06999969482422,-0.33126262927420846,62.59830512689369,99.52899932861328,-0.0020083204255309036,2.658095580709169,4013.10009765625,-0.5747826200039498,15.318906897218563,46.87
