VIX_Current,VIX_Momentum,VIX_Volatility,GVZ_Current,GVZ_Momentum,GVZ_Volatility,DXY_Current,DXY_Momentum,DXY_Volatility,GOLD_Current,GOLD_Momentum,GOLD_Volatility,Composite_Score
18.6299991607666,0.32309890645343253,112.95755719417157,31.549999237060547,2.9363772585046126,103.87541463973908,98.80400085449219,0.09827076230718788,2.3166597813748644,4291.7001953125,-1.5303714327678357,19.115300240441137,58.339530261788816
