VIX_Current,VIX_Momentum,VIX_Volatility,GVZ_Current,GVZ_Momentum,GVZ_Volatility,DXY_Current,DXY_Momentum,DXY_Volatility,GOLD_Current,GOLD_Momentum,GOLD_Volatility,Composite_Score
16.219999313354492,-2.289163008329943,47.10625402741365,18.059999465942383,-1.257525631886112,73.1087708104545,97.76699829101562,-0.1786802897209992,2.6342325673947005,3887.60009765625,0.23979704280320244,9.59032451446871,51.330783049595794
