VIX_Current,VIX_Momentum,VIX_Volatility,GVZ_Current,GVZ_Momentum,GVZ_Volatility,DXY_Current,DXY_Momentum,DXY_Volatility,GOLD_Current,GOLD_Momentum,GOLD_Volatility,Composite_Score
17.8700008392334,-1.4340779568034434,107.07987453637094,29.850000381469727,1.2550910616646858,110.79159833024707,98.96399688720703,0.030322012524101643,2.233257259092028,4136.7001953125,0.30308906958996074,19.24396938067914,62.14898698818955
