VIX_Current,VIX_Momentum,VIX_Volatility,GVZ_Current,GVZ_Momentum,GVZ_Volatility,DXY_Current,DXY_Momentum,DXY_Volatility,GOLD_Current,GOLD_Momentum,GOLD_Volatility,Composite_Score
16.549999237060547,1.1613607556271446,39.061831560566134,19.510000228881836,0.41173403216439597,62.70382066602309,98.43099975585938,0.17810928353292785,2.8100694040049126,3978.10009765625,-0.128034082600463,8.642309721190859,53.12876771234914
