VIX_Current,VIX_Momentum,VIX_Volatility,GVZ_Current,GVZ_Momentum,GVZ_Volatility,DXY_Current,DXY_Momentum,DXY_Volatility,GOLD_Current,GOLD_Momentum,GOLD_Volatility,Composite_Score
22.3799991607666,8.063738049829416,79.96988035923998,24.06999969482422,-0.33126262927420846,62.59830512689369,99.54199981689453,0.0,2.672111072154389,4033.800048828125,-0.27935152543375386,15.429829828688458,49.89
