VIX_Current,VIX_Momentum,VIX_Volatility,GVZ_Current,GVZ_Momentum,GVZ_Volatility,DXY_Current,DXY_Momentum,DXY_Volatility,GOLD_Current,GOLD_Momentum,GOLD_Volatility,Composite_Score
20.829999923706055,4.097949452497535,169.62113502242522,29.239999771118164,9.513104627713417,103.3387999350415,98.47699737548828,-0.12373517901557834,2.5426226071931093,4281.7998046875,0.5329695595494802,10.09511045952843,66.88527902276711
