VIX_Current,VIX_Momentum,VIX_Volatility,GVZ_Current,GVZ_Momentum,GVZ_Volatility,DXY_Current,DXY_Momentum,DXY_Volatility,GOLD_Current,GOLD_Momentum,GOLD_Volatility,Composite_Score
20.809999465942383,12.547321382059264,116.52954948736058,26.770000457763672,-2.1564332581362082,115.80982959943474,98.85099792480469,-0.03741865877948204,2.1231012381501246,4089.300048828125,1.4513247814663421,21.880530130858787,66.77102912219534
