VIX_Current,VIX_Momentum,VIX_Volatility,GVZ_Current,GVZ_Momentum,GVZ_Volatility,DXY_Current,DXY_Momentum,DXY_Volatility,GOLD_Current,GOLD_Momentum,GOLD_Volatility,Composite_Score
17.280000686645508,-0.9174302896359119,98.58445406809113,26.68000030517578,-0.44775722127194817,91.12952468689723,99.03900146484375,0.1051234738125952,1.8512818842461185,4123.39990234375,-0.32391952660039947,18.922682157654613,57.5324279012255
