VIX_Current,VIX_Momentum,VIX_Volatility,GVZ_Current,GVZ_Momentum,GVZ_Volatility,DXY_Current,DXY_Momentum,DXY_Volatility,GOLD_Current,GOLD_Momentum,GOLD_Volatility,Composite_Score
19.520000457763672,0.15392861466301924,110.82213542715817,20.1200008392334,-1.0816092020849928,34.41298475052655,99.8010025024414,0.030067633057114358,2.162409319026925,4001.800048828125,0.14514636707019518,8.078574047491374,53.66452320887235
