VIX_Current,VIX_Momentum,VIX_Volatility,GVZ_Current,GVZ_Momentum,GVZ_Volatility,DXY_Current,DXY_Momentum,DXY_Volatility,GOLD_Current,GOLD_Momentum,GOLD_Volatility,Composite_Score
18.209999084472656,-5.00782988002409,110.23514045298937,21.489999771118164,0.04655600137314897,42.966460679265815,100.0770034790039,-0.00998581937421233,2.495061334500787,3982.5,-0.3054034425863713,11.400387609253942,53.17348774973469
