VIX_Current,VIX_Momentum,VIX_Volatility,GVZ_Current,GVZ_Momentum,GVZ_Volatility,DXY_Current,DXY_Momentum,DXY_Volatility,GOLD_Current,GOLD_Momentum,GOLD_Volatility,Composite_Score
17.270000457763672,-2.484464423799749,87.16606572858794,23.25,2.8761044582248037,81.85142812019478,99.4520034790039,0.07245545137450786,2.5228692126456043,4136.39990234375,0.41754967507582275,7.962266079711427,57.56
