VIX_Current,VIX_Momentum,VIX_Volatility,GVZ_Current,GVZ_Momentum,GVZ_Volatility,DXY_Current,DXY_Momentum,DXY_Volatility,GOLD_Current,GOLD_Momentum,GOLD_Volatility,Composite_Score
16.270000457763672,-1.3341377586906682,47.47517716492485,18.059999465942383,-1.257525631886112,73.1087708104545,97.73600006103516,-0.19402654713850187,2.6466477896137817,3888.39990234375,0.5481989925411225,9.639756438715128,52.610578073020406
