VIX_Current,VIX_Momentum,VIX_Volatility,GVZ_Current,GVZ_Momentum,GVZ_Volatility,DXY_Current,DXY_Momentum,DXY_Volatility,GOLD_Current,GOLD_Momentum,GOLD_Volatility,Composite_Score
15.920000076293945,-0.4377717062301355,80.97079430028232,23.940000534057617,0.9700609804560713,80.77321048261638,98.69100189208984,0.03750741351428456,2.1210016598690205,3951.5,-1.375233272930883,14.053032873838472,51.85458797119532
