VIX_Current,VIX_Momentum,VIX_Volatility,GVZ_Current,GVZ_Momentum,GVZ_Volatility,DXY_Current,DXY_Momentum,DXY_Volatility,GOLD_Current,GOLD_Momentum,GOLD_Volatility,Composite_Score
17.75,-1.5529710259683973,96.92929095092057,23.1299991607666,3.4899273645810225,84.1891314849546,99.59500122070312,0.005025487495269453,2.3874237867275805,4116.5,0.6134843392324338,7.430023784041771,58.69
