VIX_Current,VIX_Momentum,VIX_Volatility,GVZ_Current,GVZ_Momentum,GVZ_Volatility,DXY_Current,DXY_Momentum,DXY_Volatility,GOLD_Current,GOLD_Momentum,GOLD_Volatility,Composite_Score
,,,24.559999465942383,1.4037991834311092,109.01338107341093,99.24700164794922,-0.022157516501316615,3.1012477800588045,4134.5,0.26919769896537754,12.717711883283034,
