VIX_Current,VIX_Momentum,VIX_Volatility,GVZ_Current,GVZ_Momentum,GVZ_Volatility,DXY_Current,DXY_Momentum,DXY_Volatility,GOLD_Current,GOLD_Momentum,GOLD_Volatility,Composite_Score
17.899999618530273,-3.7634448848551085,108.74604628391438,29.540000915527344,-6.370834770646007,113.8486918832755,98.89800262451172,-0.008084045064848621,2.298165848603399,4124.2998046875,-2.3464530934249206,19.758414633802644,48.85238064623299
