VIX_Current,VIX_Momentum,VIX_Volatility,GVZ_Current,GVZ_Momentum,GVZ_Volatility,DXY_Current,DXY_Momentum,DXY_Volatility,GOLD_Current,GOLD_Momentum,GOLD_Volatility,Composite_Score
17.479999542236328,-0.05717683826588528,82.36282243784632,26.280000686645508,10.373797883684095,89.8598690646388,99.45600128173828,-0.1556040790694821,2.4361019312535865,4214.39990234375,1.73074815098565,9.010400477302458,67.76
