VIX_Current,VIX_Momentum,VIX_Volatility,GVZ_Current,GVZ_Momentum,GVZ_Volatility,DXY_Current,DXY_Momentum,DXY_Volatility,GOLD_Current,GOLD_Momentum,GOLD_Volatility,Composite_Score
16.360000610351562,-0.36540478479659616,45.708375585396446,24.059999465942383,-1.8359884077405513,59.42728622241833,98.84500122070312,-0.042472535777035615,2.2598123085830943,4038.10009765625,1.1497456802207868,15.149826227453952,59.539754753767525
