VIX_Current,VIX_Momentum,VIX_Volatility,GVZ_Current,GVZ_Momentum,GVZ_Volatility,DXY_Current,DXY_Momentum,DXY_Volatility,GOLD_Current,GOLD_Momentum,GOLD_Volatility,Composite_Score
28.520000457763672,22.089039865544986,145.55360320753388,32.77000045776367,6.430657627027929,102.53152223176075,98.22799682617188,0.047867785446639076,2.610067540050694,4353.2001953125,-0.40722499857012123,11.669243782495279,67.72270560737677
