VIX_Current,VIX_Momentum,VIX_Volatility,GVZ_Current,GVZ_Momentum,GVZ_Volatility,DXY_Current,DXY_Momentum,DXY_Volatility,GOLD_Current,GOLD_Momentum,GOLD_Volatility,Composite_Score
17.690000534057617,-1.5033327626863116,89.76570302344089,23.280000686645508,0.12903521137852822,84.66987658612672,99.33599853515625,-0.22800136276676597,2.57204593801378,4129.89990234375,-0.47474924929818985,7.814792152223411,53.38
