VIX_Current,VIX_Momentum,VIX_Volatility,GVZ_Current,GVZ_Momentum,GVZ_Volatility,DXY_Current,DXY_Momentum,DXY_Volatility,GOLD_Current,GOLD_Momentum,GOLD_Volatility,Composite_Score
17.18000030517578,0.4678358007099575,90.07531006411747,26.68000030517578,-0.44775722127194817,91.12952468689723,99.02899932861328,0.05456009631190554,1.8312903803120204,4070.10009765625,-0.459776593619325,18.70812119198967,57.32686110511815
