VIX_Current,VIX_Momentum,VIX_Volatility,GVZ_Current,GVZ_Momentum,GVZ_Volatility,DXY_Current,DXY_Momentum,DXY_Volatility,GOLD_Current,GOLD_Momentum,GOLD_Volatility,Composite_Score
17.1299991607666,-0.982659443878855,91.5753869773994,26.68000030517578,-0.44775722127194817,91.12952468689723,99.0250015258789,0.023234505128159683,1.8402621623520996,4073.5,-0.8277541083384055,18.79357891189428,55.72706988685052
