VIX_Current,VIX_Momentum,VIX_Volatility,GVZ_Current,GVZ_Momentum,GVZ_Volatility,DXY_Current,DXY_Momentum,DXY_Volatility,GOLD_Current,GOLD_Momentum,GOLD_Volatility,Composite_Score
17.459999084472656,-4.013201913975538,111.18633749831224,20.149999618530273,-2.750963869274076,44.67886791556367,100.24099731445312,0.03691961718415168,2.0610566463296367,3991.5,0.21340697966357017,9.679536750998679,52.58819969459098
