VIX_Current,VIX_Momentum,VIX_Volatility,GVZ_Current,GVZ_Momentum,GVZ_Volatility,DXY_Current,DXY_Momentum,DXY_Volatility,GOLD_Current,GOLD_Momentum,GOLD_Volatility,Composite_Score
16.309999465942383,-0.8510716747957978,47.47051413055463,21.799999237060547,-0.8640315417700247,87.33891135343357,99.04299926757812,0.33227264534841483,2.5811848386575185,4051.89990234375,-0.13801842652495377,7.862862799500592,53.30231054626051
