VIX_Current,VIX_Momentum,VIX_Volatility,GVZ_Current,GVZ_Momentum,GVZ_Volatility,DXY_Current,DXY_Momentum,DXY_Volatility,GOLD_Current,GOLD_Momentum,GOLD_Volatility,Composite_Score
19.280000686645508,3.8793170335178506,103.05288455135806,27.190000534057617,0.44329826592625554,112.2498693276724,99.08399963378906,0.041396531318856206,1.8741376153048033,4127.10009765625,-0.10649648659687766,19.954191251321202,60.84638323496492
