VIX_Current,VIX_Momentum,VIX_Volatility,GVZ_Current,GVZ_Momentum,GVZ_Volatility,DXY_Current,DXY_Momentum,DXY_Volatility,GOLD_Current,GOLD_Momentum,GOLD_Volatility,Composite_Score
16.65999984741211,1.9583824469765259,49.30808023595359,17.670000076293945,-0.7860718351853679,54.50915274742458,98.2300033569336,0.20198066034982587,2.9919121453058537,3957.199951171875,0.273668383726416,8.80221042417753,53.212372674227
