VIX_Current,VIX_Momentum,VIX_Volatility,GVZ_Current,GVZ_Momentum,GVZ_Volatility,DXY_Current,DXY_Momentum,DXY_Volatility,GOLD_Current,GOLD_Momentum,GOLD_Volatility,Composite_Score
16.530000686645508,1.785719948365347,47.17826738419838,17.959999084472656,1.240131432880089,55.3634388185944,97.70600128173828,0.040956848214686065,2.550914030927781,3912.60009765625,-0.04597907041695882,9.35283219441808,52.831429859567294
