VIX_Current,VIX_Momentum,VIX_Volatility,GVZ_Current,GVZ_Momentum,GVZ_Volatility,DXY_Current,DXY_Momentum,DXY_Volatility,GOLD_Current,GOLD_Momentum,GOLD_Volatility,Composite_Score
17.0,-1.2775802678684072,48.20014545214196,19.93000030517578,-2.30391824580021,64.3082029810888,98.91200256347656,0.009102540426464818,2.7859290048409844,4058.0,0.15054907088700553,8.904931421520233,52.72333589520396
