VIX_Current,VIX_Momentum,VIX_Volatility,GVZ_Current,GVZ_Momentum,GVZ_Volatility,DXY_Current,DXY_Momentum,DXY_Volatility,GOLD_Current,GOLD_Momentum,GOLD_Volatility,Composite_Score
16.760000228881836,0.6002423912702507,48.25201132584907,17.670000076293945,-0.7860718351853679,54.50915274742458,98.43800354003906,0.217873960263518,2.991979144683298,3966.800048828125,0.20967661558986989,8.476247519572519,52.727297631535755
