VIX_Current,VIX_Momentum,VIX_Volatility,GVZ_Current,GVZ_Momentum,GVZ_Volatility,DXY_Current,DXY_Momentum,DXY_Volatility,GOLD_Current,GOLD_Momentum,GOLD_Volatility,Composite_Score
16.6299991607666,0.6658516946422671,39.73943530095296,19.510000228881836,0.41173403216439597,62.70382066602309,98.3489990234375,0.1517332788450557,2.8215888997333143,3970.199951171875,-0.3213670305831032,8.6875680742235,52.402930404325645
