VIX_Current,VIX_Momentum,VIX_Volatility,GVZ_Current,GVZ_Momentum,GVZ_Volatility,DXY_Current,DXY_Momentum,DXY_Volatility,GOLD_Current,GOLD_Momentum,GOLD_Volatility,Composite_Score
25.299999237060547,12.745091956046325,165.63140479816923,32.77000045776367,6.430657627027929,102.53152223176075,98.0510025024414,-0.17206140924593744,2.565656948007133,4377.0,0.49824802621267594,11.506369426817361,69.74175890338857
