VIX_Current,VIX_Momentum,VIX_Volatility,GVZ_Current,GVZ_Momentum,GVZ_Volatility,DXY_Current,DXY_Momentum,DXY_Volatility,GOLD_Current,GOLD_Momentum,GOLD_Volatility,Composite_Score
17.040000915527344,-1.2173859969429348,47.82536532845546,19.93000030517578,-2.30391824580021,64.3082029810888,98.84300231933594,-0.05257528236552512,2.8322279263309493,4060.800048828125,0.1751510408212983,9.04322957974136,52.81767840439288
