VIX_Current,VIX_Momentum,VIX_Volatility,GVZ_Current,GVZ_Momentum,GVZ_Volatility,DXY_Current,DXY_Momentum,DXY_Volatility,GOLD_Current,GOLD_Momentum,GOLD_Volatility,Composite_Score
19.25,-11.575564560289125,121.75471200794053,20.350000381469727,-0.9250269016005014,36.762134121947184,99.56300354003906,-0.12137812504281222,2.3358298757575766,4087.89990234375,0.10774831256887474,7.398655587601595,51.18
