VIX_Current,VIX_Momentum,VIX_Volatility,GVZ_Current,GVZ_Momentum,GVZ_Volatility,DXY_Current,DXY_Momentum,DXY_Volatility,GOLD_Current,GOLD_Momentum,GOLD_Volatility,Composite_Score
,,,23.799999237060547,4.385965059044991,120.09443642151948,99.24700164794922,0.14833822007223674,3.1923668942669043,4105.7998046875,0.2147865435074445,13.241832855903299,
