VIX_Current,VIX_Momentum,VIX_Volatility,GVZ_Current,GVZ_Momentum,GVZ_Volatility,DXY_Current,DXY_Momentum,DXY_Volatility,GOLD_Current,GOLD_Momentum,GOLD_Volatility,Composite_Score
16.43000030517578,-0.66505806688497,47.37556524953531,21.6200008392334,-0.32272795343783095,90.14979749618432,99.32499694824219,-0.03623465219840065,2.723558265494644,4001.300048828125,-0.16965765979999728,10.461049704946186,53.88361469933685
