VIX_Current,VIX_Momentum,VIX_Volatility,GVZ_Current,GVZ_Momentum,GVZ_Volatility,DXY_Current,DXY_Momentum,DXY_Volatility,GOLD_Current,GOLD_Momentum,GOLD_Volatility,Composite_Score
,,,23.020000457763672,5.4512163912806475,113.40477435916256,99.01200103759766,-0.3281688853593929,2.9182650759704862,4000.0,0.09759270910249043,10.493242950527293,
