VIX_Current,VIX_Momentum,VIX_Volatility,GVZ_Current,GVZ_Momentum,GVZ_Volatility,DXY_Current,DXY_Momentum,DXY_Volatility,GOLD_Current,GOLD_Momentum,GOLD_Volatility,Composite_Score
17.860000610351562,2.8801842305342773,113.27073250741392,20.15999984741211,-1.6585373296970276,43.68271211275811,99.99800109863281,-0.0559695318339294,1.9472114169009185,4016.0,0.4678145484064225,8.414652372269323,55.47414051644566
