VIX_Current,VIX_Momentum,VIX_Volatility,GVZ_Current,GVZ_Momentum,GVZ_Volatility,DXY_Current,DXY_Momentum,DXY_Volatility,GOLD_Current,GOLD_Momentum,GOLD_Volatility,Composite_Score
,,,23.700000762939453,3.629208103404146,118.19966816242582,99.31999969482422,0.160341845120703,3.215615437631613,4117.89990234375,0.4463802383545175,13.23500129089434,
