VIX_Current,VIX_Momentum,VIX_Volatility,GVZ_Current,GVZ_Momentum,GVZ_Volatility,DXY_Current,DXY_Momentum,DXY_Volatility,GOLD_Current,GOLD_Momentum,GOLD_Volatility,Composite_Score
15.84000015258789,-0.06309292518079199,77.6717719864077,23.940000534057617,0.9700609804560713,80.77321048261638,98.7040023803711,-0.03038343320895341,2.1041778283909034,3940.199951171875,0.7208576475428169,14.496544262898906,58.91393018091061
