VIX_Current,VIX_Momentum,VIX_Volatility,GVZ_Current,GVZ_Momentum,GVZ_Volatility,DXY_Current,DXY_Momentum,DXY_Volatility,GOLD_Current,GOLD_Momentum,GOLD_Volatility,Composite_Score
20.020000457763672,1.7276430249773502,73.79369295824964,24.84000015258789,-0.8383197240260605,95.18569581827646,99.14800262451172,-0.08061656409358994,2.458926868452424,4213.2998046875,0.5824895058986227,10.86241239386104,52.63
