VIX_Current,VIX_Momentum,VIX_Volatility,GVZ_Current,GVZ_Momentum,GVZ_Volatility,DXY_Current,DXY_Momentum,DXY_Volatility,GOLD_Current,GOLD_Momentum,GOLD_Volatility,Composite_Score
16.709999084472656,-0.7719778321691786,47.01848167316072,18.950000762939453,6.341195777031583,64.53448603612935,98.0999984741211,-0.28055722747788775,3.0580375089568665,3973.300048828125,0.2750895102215097,8.419992910141488,56.491961366252816
