VIX_Current,VIX_Momentum,VIX_Volatility,GVZ_Current,GVZ_Momentum,GVZ_Volatility,DXY_Current,DXY_Momentum,DXY_Volatility,GOLD_Current,GOLD_Momentum,GOLD_Volatility,Composite_Score
18.479999542236328,-4.1990737939209275,104.40327899784607,27.190000534057617,0.44329826592625554,112.2498693276724,99.01399993896484,-0.01918268954095824,1.8905365056668357,4127.0,0.5457267897191854,20.294528059261015,60.823873805568816
