VIX_Current,VIX_Momentum,VIX_Volatility,GVZ_Current,GVZ_Momentum,GVZ_Volatility,DXY_Current,DXY_Momentum,DXY_Volatility,GOLD_Current,GOLD_Momentum,GOLD_Volatility,Composite_Score
16.93000030517578,1.1954618554204615,47.149935343765364,18.31999969482422,2.5755826917835782,58.66380035866277,98.16799926757812,-0.24692751575382973,3.0459728283247105,3968.89990234375,0.06050428195512416,10.125411126714907,54.47661760743684
