VIX_Current,VIX_Momentum,VIX_Volatility,GVZ_Current,GVZ_Momentum,GVZ_Volatility,DXY_Current,DXY_Momentum,DXY_Volatility,GOLD_Current,GOLD_Momentum,GOLD_Volatility,Composite_Score
17.18000030517578,-5.552502469644165,77.86528901620838,21.700000762939453,-3.3837860753013795,62.70922826218044,99.87799835205078,0.04106730674809823,3.246191777828676,4016.60009765625,-0.06717466073880707,13.258302727618954,52.5237920167879
