VIX_Current,VIX_Momentum,VIX_Volatility,GVZ_Current,GVZ_Momentum,GVZ_Volatility,DXY_Current,DXY_Momentum,DXY_Volatility,GOLD_Current,GOLD_Momentum,GOLD_Volatility,Composite_Score
20.579999923706055,-5.553010284451407,72.78095495276212,24.020000457763672,-3.5728598759541907,76.3078172266345,99.31800079345703,0.30500318803226173,2.813081895068298,4092.5,-0.6264673751564745,12.972277242588978,41.74
