VIX_Current,VIX_Momentum,VIX_Volatility,GVZ_Current,GVZ_Momentum,GVZ_Volatility,DXY_Current,DXY_Momentum,DXY_Volatility,GOLD_Current,GOLD_Momentum,GOLD_Volatility,Composite_Score
,,,22.799999237060547,4.539201262540642,115.33231480171014,98.99400329589844,-0.30513890989020714,2.929534217183562,4005.60009765625,0.08995746267491254,10.444155607359544,
