VIX_Current,VIX_Momentum,VIX_Volatility,GVZ_Current,GVZ_Momentum,GVZ_Volatility,DXY_Current,DXY_Momentum,DXY_Volatility,GOLD_Current,GOLD_Momentum,GOLD_Volatility,Composite_Score
20.469999313354492,-12.633380082233344,120.7221744119332,31.209999084472656,0.6125036231630087,102.8319311069337,98.51499938964844,0.10059240679271622,2.449612062438859,4273.5,-0.14719858346177936,16.378609541513807,58.90112587346823
