VIX_Current,VIX_Momentum,VIX_Volatility,GVZ_Current,GVZ_Momentum,GVZ_Volatility,DXY_Current,DXY_Momentum,DXY_Volatility,GOLD_Current,GOLD_Momentum,GOLD_Volatility,Composite_Score
17.760000228881836,-6.031742924114872,100.72567359676101,26.799999237060547,-1.7955355882307715,96.95474762621777,98.98200225830078,-0.03938706272135479,1.89054258988826,4160.39990234375,0.43695769282000324,19.72394512132465,58.37650828246747
