VIX_Current,VIX_Momentum,VIX_Volatility,GVZ_Current,GVZ_Momentum,GVZ_Volatility,DXY_Current,DXY_Momentum,DXY_Volatility,GOLD_Current,GOLD_Momentum,GOLD_Volatility,Composite_Score
18.229999542236328,-2.825163540400968,113.57705870642434,31.549999237060547,2.9363772585046126,103.87541463973908,98.8010025024414,0.08509135341236808,2.3063602351550543,4343.10009765625,-0.27095467064924955,18.40289071939851,61.498982831466
