VIX_Current,VIX_Momentum,VIX_Volatility,GVZ_Current,GVZ_Momentum,GVZ_Volatility,DXY_Current,DXY_Momentum,DXY_Volatility,GOLD_Current,GOLD_Momentum,GOLD_Volatility,Composite_Score
15.949999809265137,-4.319137754850438,50.13989660319513,24.670000076293945,-1.2409906790359782,70.87397624930276,99.2020034790039,0.2556933246863416,3.1154304188725677,3982.5,-0.06774945310036605,15.096840720030604,55.27584278114381
