VIX_Current,VIX_Momentum,VIX_Volatility,GVZ_Current,GVZ_Momentum,GVZ_Volatility,DXY_Current,DXY_Momentum,DXY_Volatility,GOLD_Current,GOLD_Momentum,GOLD_Volatility,Composite_Score
15.859999656677246,-0.5642642862955445,78.31421934625638,23.940000534057617,0.9700609804560713,80.77321048261638,98.68900299072266,-0.013171453286675674,2.111866373330033,3933.199951171875,-0.3597292274198985,14.592939581627753,55.182097597229856
