VIX_Current,VIX_Momentum,VIX_Volatility,GVZ_Current,GVZ_Momentum,GVZ_Volatility,DXY_Current,DXY_Momentum,DXY_Volatility,GOLD_Current,GOLD_Momentum,GOLD_Volatility,Composite_Score
18.770000457763672,0.9682641403890663,103.25023679309497,27.190000534057617,0.44329826592625554,112.2498693276724,99.0989990234375,0.03836223671017287,1.8767764741302255,4122.2998046875,-0.13083291831932933,20.19795486532567,59.961423748100316
