VIX_Current,VIX_Momentum,VIX_Volatility,GVZ_Current,GVZ_Momentum,GVZ_Volatility,DXY_Current,DXY_Momentum,DXY_Volatility,GOLD_Current,GOLD_Momentum,GOLD_Volatility,Composite_Score
15.770000457763672,-3.429268025466667,87.17105181857553,24.739999771118164,-1.7864261746681542,82.13315354953426,98.91100311279297,-0.05658426974261018,1.9042496932832484,4074.0,-0.19109335917530734,17.687173309013744,54.9792602963918
