VIX_Current,VIX_Momentum,VIX_Volatility,GVZ_Current,GVZ_Momentum,GVZ_Volatility,DXY_Current,DXY_Momentum,DXY_Volatility,GOLD_Current,GOLD_Momentum,GOLD_Volatility,Composite_Score
16.530000686645508,0.24257681068864773,45.17597188831676,17.850000381469727,-1.1627856626943613,56.577021359407844,97.71299743652344,-0.025580149117359962,2.5616034664148177,3911.10009765625,0.09725510661165396,9.427569508981277,51.644343008145555
