VIX_Current,VIX_Momentum,VIX_Volatility,GVZ_Current,GVZ_Momentum,GVZ_Volatility,DXY_Current,DXY_Momentum,DXY_Volatility,GOLD_Current,GOLD_Momentum,GOLD_Volatility,Composite_Score
19.75,3.7289866088905685,115.60370329219714,20.1200008392334,-1.0816092020849928,34.41298475052655,99.83899688720703,0.009010373622517161,2.119592214513235,4019.800048828125,0.43474282702699735,8.010137502191297,55.559255599506145
