VIX_Current,VIX_Momentum,VIX_Volatility,GVZ_Current,GVZ_Momentum,GVZ_Volatility,DXY_Current,DXY_Momentum,DXY_Volatility,GOLD_Current,GOLD_Momentum,GOLD_Volatility,Composite_Score
15.789999961853027,-1.2507805636519465,80.07125431066153,23.940000534057617,0.9700609804560713,80.77321048261638,98.81500244140625,-0.0647208838582659,1.9244008811967246,3997.0,-0.4309605315421133,17.503242705170962,55.631072691322814
