VIX_Current,VIX_Momentum,VIX_Volatility,GVZ_Current,GVZ_Momentum,GVZ_Volatility,DXY_Current,DXY_Momentum,DXY_Volatility,GOLD_Current,GOLD_Momentum,GOLD_Volatility,Composite_Score
16.489999771118164,0.7330416965964257,38.75443707876304,19.510000228881836,0.41173403216439597,62.70382066602309,98.38099670410156,0.08443730904295717,2.8033174297971204,3981.89990234375,-0.06274470588480391,8.581016535128423,53.13217333360529
