VIX_Current,VIX_Momentum,VIX_Volatility,GVZ_Current,GVZ_Momentum,GVZ_Volatility,DXY_Current,DXY_Momentum,DXY_Volatility,GOLD_Current,GOLD_Momentum,GOLD_Volatility,Composite_Score
19.100000381469727,-12.585812137249139,115.95130712152601,20.350000381469727,-0.9250269016005014,36.762134121947184,99.64800262451172,0.09241318341231254,2.300416555037194,4054.0,1.1376134808701892,8.176875951665014,54.85
