VIX_Current,VIX_Momentum,VIX_Volatility,GVZ_Current,GVZ_Momentum,GVZ_Volatility,DXY_Current,DXY_Momentum,DXY_Volatility,GOLD_Current,GOLD_Momentum,GOLD_Volatility,Composite_Score
16.309999465942383,-0.8510716747957978,47.47051413055463,21.799999237060547,-0.8640315417700247,87.33891135343357,99.00599670410156,0.281581604880686,2.591502832096534,4049.10009765625,0.10136211758343634,7.9054789426942245,54.07589242639736
