VIX_Current,VIX_Momentum,VIX_Volatility,GVZ_Current,GVZ_Momentum,GVZ_Volatility,DXY_Current,DXY_Momentum,DXY_Volatility,GOLD_Current,GOLD_Momentum,GOLD_Volatility,Composite_Score
19.280000686645508,-1.0774709437598335,167.6250721147194,25.719999313354492,2.023007724724414,88.84734998484248,98.85099792480469,-0.057628511542170906,2.835058084656586,4216.5,0.05220784980823521,12.223064783473005,58.697219983689116
