VIX_Current,VIX_Momentum,VIX_Volatility,GVZ_Current,GVZ_Momentum,GVZ_Volatility,DXY_Current,DXY_Momentum,DXY_Volatility,GOLD_Current,GOLD_Momentum,GOLD_Volatility,Composite_Score
16.860000610351562,0.23781757582107846,46.9924013386258,18.299999237060547,2.4635980496773526,58.207855768417005,98.17400360107422,-0.2621054205425511,3.0219659838526773,3971.0,0.11092376935980452,8.387175789371158,53.97454343295841
