VIX_Current,VIX_Momentum,VIX_Volatility,GVZ_Current,GVZ_Momentum,GVZ_Volatility,DXY_Current,DXY_Momentum,DXY_Volatility,GOLD_Current,GOLD_Momentum,GOLD_Volatility,Composite_Score
16.31999969482422,1.2406876251771426,75.69026736147394,24.6200008392334,1.0258514213816672,59.58294202266769,98.69200134277344,0.01216157028834828,2.2780285627344736,3963.300048828125,-0.03279142400499735,14.600574978803571,57.39916100148584
