VIX_Current,VIX_Momentum,VIX_Volatility,GVZ_Current,GVZ_Momentum,GVZ_Volatility,DXY_Current,DXY_Momentum,DXY_Volatility,GOLD_Current,GOLD_Momentum,GOLD_Volatility,Composite_Score
16.299999237060547,-1.271962379830395,47.09198724613973,21.799999237060547,-0.8640315417700247,87.33891135343357,98.73899841308594,-0.11229141400969879,2.4667648671263946,4056.5,0.655068154736483,7.651975905637033,55.478680132989524
