VIX_Current,VIX_Momentum,VIX_Volatility,GVZ_Current,GVZ_Momentum,GVZ_Volatility,DXY_Current,DXY_Momentum,DXY_Volatility,GOLD_Current,GOLD_Momentum,GOLD_Volatility,Composite_Score
17.799999237060547,-3.8876954800575994,109.51473444688426,29.81999969482422,-2.1011142773628144,117.14159402934274,98.85600280761719,-0.04650828034842717,2.292241805856128,4144.7998046875,-2.8592857782071466,19.704338251673992,49.320220566998515
