VIX_Current,VIX_Momentum,VIX_Volatility,GVZ_Current,GVZ_Momentum,GVZ_Volatility,DXY_Current,DXY_Momentum,DXY_Volatility,GOLD_Current,GOLD_Momentum,GOLD_Volatility,Composite_Score
20.09000015258789,16.194326713690327,110.00297387216966,21.420000076293945,-3.7735855523397968,61.02110518796733,99.96800231933594,0.14024059937074387,2.501840940673167,4002.699951171875,0.23288548744308693,11.345831572359973,57.370252942371216
