VIX_Current,VIX_Momentum,VIX_Volatility,GVZ_Current,GVZ_Momentum,GVZ_Volatility,DXY_Current,DXY_Momentum,DXY_Volatility,GOLD_Current,GOLD_Momentum,GOLD_Volatility,Composite_Score
18.3700008392334,-1.4484901247635256,98.38041648227617,20.350000381469727,-0.9250269016005014,36.762134121947184,99.552001953125,-0.06323938362241653,2.2956657113966576,4102.10009765625,0.3130131972534792,7.402424501284443,53.8
