VIX_Current,VIX_Momentum,VIX_Volatility,GVZ_Current,GVZ_Momentum,GVZ_Volatility,DXY_Current,DXY_Momentum,DXY_Volatility,GOLD_Current,GOLD_Momentum,GOLD_Volatility,Composite_Score
17.850000381469727,-4.032257981818046,109.8499250583251,30.049999237060547,-1.3460271166623627,116.54302970012458,98.93099975585938,0.02932127609958064,2.259544573375113,4147.60009765625,-2.7936559596796027,19.696293288504688,50.05749512479142
