VIX_Current,VIX_Momentum,VIX_Volatility,GVZ_Current,GVZ_Momentum,GVZ_Volatility,DXY_Current,DXY_Momentum,DXY_Volatility,GOLD_Current,GOLD_Momentum,GOLD_Volatility,Composite_Score
16.6299991607666,1.2172784654654976,47.766162595108845,21.829999923706055,2.0570385535894538,86.23489458289238,99.3479995727539,0.026178466935820432,2.730525680340586,4014.0,0.7783078081847854,10.643314624718023,58.93353767081182
