VIX_Current,VIX_Momentum,VIX_Volatility,GVZ_Current,GVZ_Momentum,GVZ_Volatility,DXY_Current,DXY_Momentum,DXY_Volatility,GOLD_Current,GOLD_Momentum,GOLD_Volatility,Composite_Score
17.290000915527344,-2.865159232542884,117.77696452769923,22.760000228881836,0.4856539170162701,82.16758350833831,99.43900299072266,0.05937385684789614,2.5219403801873614,4129.60009765625,0.25247382624385944,7.90397285460793,55.46
