VIX_Current,VIX_Momentum,VIX_Volatility,GVZ_Current,GVZ_Momentum,GVZ_Volatility,DXY_Current,DXY_Momentum,DXY_Volatility,GOLD_Current,GOLD_Momentum,GOLD_Volatility,Composite_Score
16.729999542236328,0.17963340075677195,87.62388899853732,25.059999465942383,-6.317759005822868,87.34956288166946,98.98100280761719,0.12644654492379326,1.944665974470432,4150.89990234375,1.3378531623007928,18.68595457242081,59.4278148914061
