VIX_Current,VIX_Momentum,VIX_Volatility,GVZ_Current,GVZ_Momentum,GVZ_Volatility,DXY_Current,DXY_Momentum,DXY_Volatility,GOLD_Current,GOLD_Momentum,GOLD_Volatility,Composite_Score
17.579999923706055,-1.0135152187839471,107.56683763226651,30.1299991607666,2.20488340781353,109.86066928584957,98.96800231933594,0.0647122372776891,2.2523839709066973,4124.2001953125,-0.014536690346004008,19.28647226556689,61.767655306104565
