VIX_Current,VIX_Momentum,VIX_Volatility,GVZ_Current,GVZ_Momentum,GVZ_Volatility,DXY_Current,DXY_Momentum,DXY_Volatility,GOLD_Current,GOLD_Momentum,GOLD_Volatility,Composite_Score
16.6200008392334,-2.8638208862582615,88.17524192230438,25.3700008392334,-5.158875367351781,86.80307319960862,98.95999908447266,0.10519975914649816,1.9447777919983116,4147.2001953125,1.2475304909049707,18.679465812241723,59.05566513900731
