VIX_Current,VIX_Momentum,VIX_Volatility,GVZ_Current,GVZ_Momentum,GVZ_Volatility,DXY_Current,DXY_Momentum,DXY_Volatility,GOLD_Current,GOLD_Momentum,GOLD_Volatility,Composite_Score
18.229999542236328,-2.825163540400968,113.57705870642434,31.549999237060547,2.9363772585046126,103.87541463973908,98.71600341796875,0.10749701547619693,2.35398576272421,4365.7001953125,-0.2649946289394749,16.55679355441787,61.14752085201106
