VIX_Current,VIX_Momentum,VIX_Volatility,GVZ_Current,GVZ_Momentum,GVZ_Volatility,DXY_Current,DXY_Momentum,DXY_Volatility,GOLD_Current,GOLD_Momentum,GOLD_Volatility,Composite_Score
16.489999771118164,1.476921668419471,46.18961915392335,18.059999465942383,-1.257525631886112,73.1087708104545,97.77200317382812,0.03172247084327132,2.5957977619346755,3895.0,0.17231054928217962,9.50205784981651,52.23424233368423
