VIX_Current,VIX_Momentum,VIX_Volatility,GVZ_Current,GVZ_Momentum,GVZ_Volatility,DXY_Current,DXY_Momentum,DXY_Volatility,GOLD_Current,GOLD_Momentum,GOLD_Volatility,Composite_Score
17.790000915527344,-0.4476772241130269,111.44217534296061,29.850000381469727,1.2550910616646858,110.79159833024707,99.06700134277344,0.1516438288227245,2.0637638978939306,4064.10009765625,-2.5185291199659137,20.69917602161468,53.319397681944395
