VIX_Current,VIX_Momentum,VIX_Volatility,GVZ_Current,GVZ_Momentum,GVZ_Volatility,DXY_Current,DXY_Momentum,DXY_Volatility,GOLD_Current,GOLD_Momentum,GOLD_Volatility,Composite_Score
17.860000610351562,2.8801842305342773,113.27073250741392,20.15999984741211,-1.6585373296970276,43.68271211275811,100.0459976196289,-0.11681398538225618,2.0220046118977137,3994.0,0.2812079701357442,9.343921496631848,55.00201484972357
