VIX_Current,VIX_Momentum,VIX_Volatility,GVZ_Current,GVZ_Momentum,GVZ_Volatility,DXY_Current,DXY_Momentum,DXY_Volatility,GOLD_Current,GOLD_Momentum,GOLD_Volatility,Composite_Score
19.510000228881836,13.562281037935142,110.6773423770661,21.420000076293945,-3.7735855523397968,61.02110518796733,99.98699951171875,0.18135157836415433,2.477859579895805,4003.199951171875,-0.019981239463661336,11.272773683097954,56.38906018803265
