VIX_Current,VIX_Momentum,VIX_Volatility,GVZ_Current,GVZ_Momentum,GVZ_Volatility,DXY_Current,DXY_Momentum,DXY_Volatility,GOLD_Current,GOLD_Momentum,GOLD_Volatility,Composite_Score
15.899999618530273,0.6966412725965399,78.99945752535507,23.940000534057617,0.9700609804560713,80.77321048261638,98.63099670410156,-0.04358483025227939,2.1116134963191984,3938.10009765625,-0.5052929311171994,14.61683077073863,55.02164019569599
