VIX_Current,VIX_Momentum,VIX_Volatility,GVZ_Current,GVZ_Momentum,GVZ_Volatility,DXY_Current,DXY_Momentum,DXY_Volatility,GOLD_Current,GOLD_Momentum,GOLD_Volatility,Composite_Score
18.719999313354492,7.216496534655412,121.48357898205182,20.15999984741211,-0.39525654451939296,35.836943771996786,99.93800354003906,0.019020228406142273,2.105381178478628,4000.0,-0.6754060265609629,8.630746681998131,53.16581736177079
