VIX_Current,VIX_Momentum,VIX_Volatility,GVZ_Current,GVZ_Momentum,GVZ_Volatility,DXY_Current,DXY_Momentum,DXY_Volatility,GOLD_Current,GOLD_Momentum,GOLD_Volatility,Composite_Score
22.3799991607666,4.044625395757103,86.81561029006372,24.06999969482422,-0.33126262927420846,62.59830512689369,99.53600311279297,0.058310670170061925,2.7403030022448966,4045.699951171875,-0.7117088459890074,15.641006264229157,46.09
