VIX_Current,VIX_Momentum,VIX_Volatility,GVZ_Current,GVZ_Momentum,GVZ_Volatility,DXY_Current,DXY_Momentum,DXY_Volatility,GOLD_Current,GOLD_Momentum,GOLD_Volatility,Composite_Score
17.280000686645508,-1.929626199737929,86.53125837442055,23.329999923706055,3.230086415551001,82.04047674723549,99.53299713134766,0.014067604537634252,2.4379905621852322,4115.2001953125,-0.5750134014858662,8.068922101739703,54.61
