VIX_Current,VIX_Momentum,VIX_Volatility,GVZ_Current,GVZ_Momentum,GVZ_Volatility,DXY_Current,DXY_Momentum,DXY_Volatility,GOLD_Current,GOLD_Momentum,GOLD_Volatility,Composite_Score
17.09000015258789,-0.5238658381209486,93.16144776732277,26.68000030517578,-0.44775722127194817,91.12952468689723,98.97000122070312,-0.06966976960598525,1.8481328272755337,4085.800048828125,-0.9431023987775627,18.973015568885987,55.42427113000603
