VIX_Current,VIX_Momentum,VIX_Volatility,GVZ_Current,GVZ_Momentum,GVZ_Volatility,DXY_Current,DXY_Momentum,DXY_Volatility,GOLD_Current,GOLD_Momentum,GOLD_Volatility,Composite_Score
17.110000610351562,4.904973455576727,47.67061589071586,20.299999237060547,4.049200404463489,66.77472043844624,98.447998046875,-0.04365806901197359,2.750901728575114,4005.699951171875,0.08245175166510815,8.812148600543876,57.264266328211846
