VIX_Current,VIX_Momentum,VIX_Volatility,GVZ_Current,GVZ_Momentum,GVZ_Volatility,DXY_Current,DXY_Momentum,DXY_Volatility,GOLD_Current,GOLD_Momentum,GOLD_Volatility,Composite_Score
16.790000915527344,1.327708055250262,48.54821358293635,17.670000076293945,-0.7860718351853679,54.50915274742458,98.42900085449219,0.30878809439375643,3.0122569907765993,3967.5,0.2552205464569873,10.295685776765183,53.48245076607437
