VIX_Current,VIX_Momentum,VIX_Volatility,GVZ_Current,GVZ_Momentum,GVZ_Volatility,DXY_Current,DXY_Momentum,DXY_Volatility,GOLD_Current,GOLD_Momentum,GOLD_Volatility,Composite_Score
16.40999984741211,1.0467985141002276,47.362831772863764,17.780000686645508,-0.1684378450108374,54.19896253854437,97.71600341796875,0.05119801319836973,2.5503063745253933,3911.10009765625,-0.08429912042262824,9.353964359592116,51.69492822683194
