VIX_Current,VIX_Momentum,VIX_Volatility,GVZ_Current,GVZ_Momentum,GVZ_Volatility,DXY_Current,DXY_Momentum,DXY_Volatility,GOLD_Current,GOLD_Momentum,GOLD_Volatility,Composite_Score
16.43000030517578,-3.1249929711500006,46.25336445245496,21.829999923706055,2.0570385535894538,86.23489458289238,99.38999938964844,-0.049280060741146645,2.8236423038905634,3989.89990234375,0.18832865066077487,10.274211814315091,55.69534198329518
