VIX_Current,VIX_Momentum,VIX_Volatility,GVZ_Current,GVZ_Momentum,GVZ_Volatility,DXY_Current,DXY_Momentum,DXY_Volatility,GOLD_Current,GOLD_Momentum,GOLD_Volatility,Composite_Score
,,,24.809999465942383,4.59527902251757,111.60419816967438,99.21199798583984,-0.11175665577751721,3.169899324010462,4125.0,0.17971396367418113,12.929211661490827,
