VIX_Current,VIX_Momentum,VIX_Volatility,GVZ_Current,GVZ_Momentum,GVZ_Volatility,DXY_Current,DXY_Momentum,DXY_Volatility,GOLD_Current,GOLD_Momentum,GOLD_Volatility,Composite_Score
18.940000534057617,2.1574951390389185,105.78609100439719,21.43000030517578,-0.1863018605400293,41.74763241551773,100.12799835205078,-0.06088955559077071,2.0462494652519108,3983.199951171875,1.0630985163438187,10.913980836489076,59.381277172654556
