VIX_Current,VIX_Momentum,VIX_Volatility,GVZ_Current,GVZ_Momentum,GVZ_Volatility,DXY_Current,DXY_Momentum,DXY_Volatility,GOLD_Current,GOLD_Momentum,GOLD_Volatility,Composite_Score
19.420000076293945,8.734599174863495,123.3299747027113,20.3700008392334,1.041671594299374,35.91129237922805,99.75800323486328,-0.1821084671772676,2.16514018852063,3992.0,-0.24738005910522726,8.63226405654099,55.804553464463986
