VIX_Current,VIX_Momentum,VIX_Volatility,GVZ_Current,GVZ_Momentum,GVZ_Volatility,DXY_Current,DXY_Momentum,DXY_Volatility,GOLD_Current,GOLD_Momentum,GOLD_Volatility,Composite_Score
24.440000534057617,12.419506860006663,166.31098373572857,31.56999969482422,6.944441752274442,102.1658185761327,98.32099914550781,-0.19996203811196994,2.5934052234488925,4308.7998046875,0.4522754414469444,9.872272396741467,68.76176311246431
