VIX_Current,VIX_Momentum,VIX_Volatility,GVZ_Current,GVZ_Momentum,GVZ_Volatility,DXY_Current,DXY_Momentum,DXY_Volatility,GOLD_Current,GOLD_Momentum,GOLD_Volatility,Composite_Score
16.829999923706055,1.0810829387374499,45.459117230290516,24.440000534057617,-2.2008773193195488,71.0074922890759,99.28299713134766,0.6365600930731237,3.1559694837699532,3982.199951171875,-0.6313175003898939,14.743333483554952,54.5176313509191
