VIX_Current,VIX_Momentum,VIX_Volatility,GVZ_Current,GVZ_Momentum,GVZ_Volatility,DXY_Current,DXY_Momentum,DXY_Volatility,GOLD_Current,GOLD_Momentum,GOLD_Volatility,Composite_Score
17.350000381469727,5.343054673971338,60.38259983242511,24.81999969482422,1.2647876909323277,61.368993768402945,99.56800079345703,0.08947066208213247,3.143625112145244,4031.89990234375,0.3359546169639827,14.765519156230797,60.74928305929417
