VIX_Current,VIX_Momentum,VIX_Volatility,GVZ_Current,GVZ_Momentum,GVZ_Volatility,DXY_Current,DXY_Momentum,DXY_Volatility,GOLD_Current,GOLD_Momentum,GOLD_Volatility,Composite_Score
17.540000915527344,3.603075010961903,71.47762076206342,23.25,-0.9373639530927127,59.83299125095263,99.82499694824219,0.08321488018824201,3.053223582333197,4016.60009765625,-0.4066427558579221,14.676887042337622,56.02871583489394
