VIX_Current,VIX_Momentum,VIX_Volatility,GVZ_Current,GVZ_Momentum,GVZ_Volatility,DXY_Current,DXY_Momentum,DXY_Volatility,GOLD_Current,GOLD_Momentum,GOLD_Volatility,Composite_Score
16.440000534057617,0.6736105992987544,44.83432816571536,24.059999465942383,-1.8359884077405513,59.42728622241833,98.9219970703125,-0.04547555956562091,2.440016198565972,4037.800048828125,0.19852101600739266,14.996823503250948,56.66594058733782
