VIX_Current,VIX_Momentum,VIX_Volatility,GVZ_Current,GVZ_Momentum,GVZ_Volatility,DXY_Current,DXY_Momentum,DXY_Volatility,GOLD_Current,GOLD_Momentum,GOLD_Volatility,Composite_Score
27.68000030517578,16.10738308729016,140.15232513312327,32.77000045776367,6.430657627027929,102.53152223176075,98.25499725341797,0.1998787967343119,2.590042907020708,4359.10009765625,-0.4407958413567671,12.179032256550554,67.58217862836906
