VIX_Current,VIX_Momentum,VIX_Volatility,GVZ_Current,GVZ_Momentum,GVZ_Volatility,DXY_Current,DXY_Momentum,DXY_Volatility,GOLD_Current,GOLD_Momentum,GOLD_Volatility,Composite_Score
20.979999542236328,4.222555473953415,163.91707476761826,27.149999618530273,3.4285699753534224,82.78344267776556,98.71099853515625,-0.010131720872403766,2.845969151278093,4225.2998046875,0.23247075524848773,11.956768687687868,62.403191771254356
