VIX_Current,VIX_Momentum,VIX_Volatility,GVZ_Current,GVZ_Momentum,GVZ_Volatility,DXY_Current,DXY_Momentum,DXY_Volatility,GOLD_Current,GOLD_Momentum,GOLD_Volatility,Composite_Score
20.540000915527344,7.595603726293774,115.39803668089841,24.84000015258789,-0.8383197240260605,95.18569581827646,99.3550033569336,0.15928381198849495,2.482052405352345,4171.60009765625,-0.13644476809766326,10.733037532011803,49.55
