VIX_Current,VIX_Momentum,VIX_Volatility,GVZ_Current,GVZ_Momentum,GVZ_Volatility,DXY_Current,DXY_Momentum,DXY_Volatility,GOLD_Current,GOLD_Momentum,GOLD_Volatility,Composite_Score
16.65999984741211,1.9583824469765259,46.88309768660304,17.670000076293945,-0.7860718351853679,54.50915274742458,98.13200378417969,0.09486257300293661,2.982959265210675,3960.5,1.244949909606557,10.562354269813138,56.73895569021744
