VIX_Current,VIX_Momentum,VIX_Volatility,GVZ_Current,GVZ_Momentum,GVZ_Volatility,DXY_Current,DXY_Momentum,DXY_Volatility,GOLD_Current,GOLD_Momentum,GOLD_Volatility,Composite_Score
21.030000686645508,5.6783974360633245,80.15664383216523,24.1299991607666,-0.33044166349169135,71.50001624793597,99.46800231933594,0.02313100164141884,2.801602943745776,4062.699951171875,-0.23084271650850077,14.624047394603423,49.18
