VIX_Current,VIX_Momentum,VIX_Volatility,GVZ_Current,GVZ_Momentum,GVZ_Volatility,DXY_Current,DXY_Momentum,DXY_Volatility,GOLD_Current,GOLD_Momentum,GOLD_Volatility,Composite_Score
17.18000030517578,-0.5787058882874339,90.82442387422903,26.68000030517578,-0.44775722127194817,91.12952468689723,99.01399993896484,0.012122015444973525,1.8414922748753972,4073.89990234375,-0.818018202221546,18.793623984595868,55.86491897396429
