VIX_Current,VIX_Momentum,VIX_Volatility,GVZ_Current,GVZ_Momentum,GVZ_Volatility,DXY_Current,DXY_Momentum,DXY_Volatility,GOLD_Current,GOLD_Momentum,GOLD_Volatility,Composite_Score
20.049999237060547,16.841488434420217,110.28138279617946,21.420000076293945,-3.7735855523397968,61.02110518796733,100.00599670410156,0.17830044595746344,2.489955756362318,3996.89990234375,0.08764461575575813,11.356670230826357,56.889331373376606
