VIX_Current,VIX_Momentum,VIX_Volatility,GVZ_Current,GVZ_Momentum,GVZ_Volatility,DXY_Current,DXY_Momentum,DXY_Volatility,GOLD_Current,GOLD_Momentum,GOLD_Volatility,Composite_Score
17.600000381469727,-0.9566689471843692,94.45138295499574,23.329999923706055,3.230086415551001,81.63710158822697,99.66799926757812,0.014048547031894183,2.3928537098623117,4140.2001953125,-0.3010089679507756,7.8145803262337585,55.82
