VIX_Current,VIX_Momentum,VIX_Volatility,GVZ_Current,GVZ_Momentum,GVZ_Volatility,DXY_Current,DXY_Momentum,DXY_Volatility,GOLD_Current,GOLD_Momentum,GOLD_Volatility,Composite_Score
,,,24.469999313354492,1.0322048186935922,109.16048900550453,99.28900146484375,0.062487116405263124,3.132534794101173,4128.7001953125,0.08242772128067397,12.78647290368338,
