VIX_Current,VIX_Momentum,VIX_Volatility,GVZ_Current,GVZ_Momentum,GVZ_Volatility,DXY_Current,DXY_Momentum,DXY_Volatility,GOLD_Current,GOLD_Momentum,GOLD_Volatility,Composite_Score
18.3700008392334,-3.4682071655166617,114.38155428750723,31.399999618530273,2.4469820859200517,103.81003691763786,98.60299682617188,0.09033932970153481,2.3620170673037637,4388.7001953125,0.5199311798557033,16.76461176880515,63.324553939878754
