VIX_Current,VIX_Momentum,VIX_Volatility,GVZ_Current,GVZ_Momentum,GVZ_Volatility,DXY_Current,DXY_Momentum,DXY_Volatility,GOLD_Current,GOLD_Momentum,GOLD_Volatility,Composite_Score
17.020000457763672,0.7696925566196857,59.896734971468504,24.670000076293945,0.48880180432855497,62.141624735842704,99.55000305175781,0.0020156415315656746,3.310933270635161,4033.89990234375,0.46322449852915504,15.18985863566934,59.54920837828257
