VIX_Current,VIX_Momentum,VIX_Volatility,GVZ_Current,GVZ_Momentum,GVZ_Volatility,DXY_Current,DXY_Momentum,DXY_Volatility,GOLD_Current,GOLD_Momentum,GOLD_Volatility,Composite_Score
20.84000015258789,0.3853560829674596,117.82763513802128,31.209999084472656,0.6125036231630087,102.8319311069337,98.55799865722656,0.035520672109659215,2.439813053186916,4268.60009765625,0.456554209075651,16.17878814473405,63.539090914464936
