VIX_Current,VIX_Momentum,VIX_Volatility,GVZ_Current,GVZ_Momentum,GVZ_Volatility,DXY_Current,DXY_Momentum,DXY_Volatility,GOLD_Current,GOLD_Momentum,GOLD_Volatility,Composite_Score
19.729999542236328,-11.919643400731145,115.55167344507346,20.280000686645508,-1.2658238427111614,36.6150675828815,99.54900360107422,0.06936091858888724,2.179043323326294,4008.800048828125,-0.1743114675752522,7.877435487498205,50.3
