VIX_Current,VIX_Momentum,VIX_Volatility,GVZ_Current,GVZ_Momentum,GVZ_Volatility,DXY_Current,DXY_Momentum,DXY_Volatility,GOLD_Current,GOLD_Momentum,GOLD_Volatility,Composite_Score
15.720000267028809,-0.380224758920738,84.97730089162067,24.739999771118164,-1.7864261746681542,82.13315354953426,98.78299713134766,-0.19096612222602685,1.9182913358363602,4041.5,-0.9848825649306586,17.582739003357105,52.965318037184545
