VIX_Current,VIX_Momentum,VIX_Volatility,GVZ_Current,GVZ_Momentum,GVZ_Volatility,DXY_Current,DXY_Momentum,DXY_Volatility,GOLD_Current,GOLD_Momentum,GOLD_Volatility,Composite_Score
17.139999389648438,-0.9248546501051468,91.57681226562977,26.68000030517578,-0.44775722127194817,91.12952468689723,99.05000305175781,-0.010089346943528615,1.8498273449615177,4083.5,-0.849823965035814,18.901936574649568,55.683309138609545
