VIX_Current,VIX_Momentum,VIX_Volatility,GVZ_Current,GVZ_Momentum,GVZ_Volatility,DXY_Current,DXY_Momentum,DXY_Volatility,GOLD_Current,GOLD_Momentum,GOLD_Volatility,Composite_Score
16.43000030517578,-3.1249929711500006,46.25336445245496,21.829999923706055,2.0570385535894538,86.23489458289238,99.31500244140625,-0.05132024477699034,2.790609501383048,3980.10009765625,-0.6242041245019015,10.633423055859717,52.98446782812797
