VIX_Current,VIX_Momentum,VIX_Volatility,GVZ_Current,GVZ_Momentum,GVZ_Volatility,DXY_Current,DXY_Momentum,DXY_Volatility,GOLD_Current,GOLD_Momentum,GOLD_Volatility,Composite_Score
16.690000534057617,-1.066984565627092,47.938195674403474,21.3799991607666,5.99900386661269,81.92276821962984,98.83300018310547,0.03440984300663571,2.8425010342584742,4070.300048828125,0.27592202464634763,7.220341196138548,57.65826896683557
