VIX_Current,VIX_Momentum,VIX_Volatility,GVZ_Current,GVZ_Momentum,GVZ_Volatility,DXY_Current,DXY_Momentum,DXY_Volatility,GOLD_Current,GOLD_Momentum,GOLD_Volatility,Composite_Score
19.579999923706055,-4.487805250214367,81.42864629863145,24.1299991607666,-0.33044166349169135,71.50001624793597,99.41799926757812,-0.016089909524374755,2.8592021049715735,4075.199951171875,0.37438303379002463,14.96118673864589,50.37
