VIX_Current,VIX_Momentum,VIX_Volatility,GVZ_Current,GVZ_Momentum,GVZ_Volatility,DXY_Current,DXY_Momentum,DXY_Volatility,GOLD_Current,GOLD_Momentum,GOLD_Volatility,Composite_Score
18.940000534057617,2.1574951390389185,105.78609100439719,21.43000030517578,-0.1863018605400293,41.74763241551773,100.19300079345703,0.03594667734326403,1.977126370492142,3974.300048828125,0.12849183006626402,10.079276568684882,56.10762939747508
