VIX_Current,VIX_Momentum,VIX_Volatility,GVZ_Current,GVZ_Momentum,GVZ_Volatility,DXY_Current,DXY_Momentum,DXY_Volatility,GOLD_Current,GOLD_Momentum,GOLD_Volatility,Composite_Score
17.350000381469727,5.343054673971338,60.38259983242511,24.81999969482422,1.2647876909323277,61.368993768402945,99.59400177001953,0.09246333708686892,3.173053515914829,4025.199951171875,0.4040895777469444,14.8195444160026,61.00010596279633
