VIX_Current,VIX_Momentum,VIX_Volatility,GVZ_Current,GVZ_Momentum,GVZ_Volatility,DXY_Current,DXY_Momentum,DXY_Volatility,GOLD_Current,GOLD_Momentum,GOLD_Volatility,Composite_Score
18.239999771118164,-5.295952469585663,101.87837530282697,26.65999984741211,-1.405329346335281,98.57592156125847,99.0009994506836,-0.1170306993138494,1.9026228093025084,4161.89990234375,0.9263453990829023,19.831464841558276,60.4262963557406
