VIX_Current,VIX_Momentum,VIX_Volatility,GVZ_Current,GVZ_Momentum,GVZ_Volatility,DXY_Current,DXY_Momentum,DXY_Volatility,GOLD_Current,GOLD_Momentum,GOLD_Volatility,Composite_Score
19.170000076293945,-1.6418660778971368,167.771653732993,25.719999313354492,2.470115228932366,90.35776572173268,98.86699676513672,0.008087888179080661,2.8394172933894386,4223.2998046875,0.10429027579691325,13.073742470224396,59.13350286838252
