VIX_Current,VIX_Momentum,VIX_Volatility,GVZ_Current,GVZ_Momentum,GVZ_Volatility,DXY_Current,DXY_Momentum,DXY_Volatility,GOLD_Current,GOLD_Momentum,GOLD_Volatility,Composite_Score
20.440000534057617,-12.761415843676541,120.77096074375329,31.209999084472656,0.6125036231630087,102.8319311069337,98.50299835205078,0.03960987373732873,2.49003935861775,4269.39990234375,-0.042149580596239945,16.570353262083167,59.255384622412386
