VIX_Current,VIX_Momentum,VIX_Volatility,GVZ_Current,GVZ_Momentum,GVZ_Volatility,DXY_Current,DXY_Momentum,DXY_Volatility,GOLD_Current,GOLD_Momentum,GOLD_Volatility,Composite_Score
17.809999465942383,-2.7838440904882855,106.20536523514707,20.15999984741211,-1.6585373296970276,43.68271211275811,99.86000061035156,-0.04004095587223949,2.0508049958244863,4014.800048828125,-0.23606589679530474,8.472975288492627,51.70175934505776
