VIX_Current,VIX_Momentum,VIX_Volatility,GVZ_Current,GVZ_Momentum,GVZ_Volatility,DXY_Current,DXY_Momentum,DXY_Volatility,GOLD_Current,GOLD_Momentum,GOLD_Volatility,Composite_Score
18.510000228881836,-5.22273641526875,116.17216352617949,30.3700008392334,-2.6914395061843077,108.34558053692203,98.5770034790039,-0.011151415796440925,2.3713910925034765,4360.2001953125,0.9983576169486783,16.93107393167457,61.409077140028316
