VIX_Current,VIX_Momentum,VIX_Volatility,GVZ_Current,GVZ_Momentum,GVZ_Volatility,DXY_Current,DXY_Momentum,DXY_Volatility,GOLD_Current,GOLD_Momentum,GOLD_Volatility,Composite_Score
,,,24.200000762939453,4.2654102435062216,114.506159862015,99.23899841308594,-0.011084722331549118,3.2044481476225952,4129.39990234375,0.7342741221764483,13.091736988334905,
