VIX_Current,VIX_Momentum,VIX_Volatility,GVZ_Current,GVZ_Momentum,GVZ_Volatility,DXY_Current,DXY_Momentum,DXY_Volatility,GOLD_Current,GOLD_Momentum,GOLD_Volatility,Composite_Score
16.940000534057617,1.3157968285764643,46.17001929668307,21.93000030517578,2.764761707447043,87.68731409272137,99.43599700927734,0.1783156378179497,2.7659083825330724,3968.0,-1.770021042208194,10.59099941649576,50.8786018912256
