VIX_Current,VIX_Momentum,VIX_Volatility,GVZ_Current,GVZ_Momentum,GVZ_Volatility,DXY_Current,DXY_Momentum,DXY_Volatility,GOLD_Current,GOLD_Momentum,GOLD_Volatility,Composite_Score
18.440000534057617,-1.9148867958104072,102.78152984841309,26.600000381469727,-1.9896795148222217,101.09185732928279,99.00299835205078,-0.06057275253523733,1.9117910064169443,4158.7998046875,0.46380584062021957,20.036589352762345,59.52887125331999
