VIX_Current,VIX_Momentum,VIX_Volatility,GVZ_Current,GVZ_Momentum,GVZ_Volatility,DXY_Current,DXY_Momentum,DXY_Volatility,GOLD_Current,GOLD_Momentum,GOLD_Volatility,Composite_Score
16.270000457763672,-1.6324089650454743,38.13322629425453,19.739999771118164,0.9202469841024047,65.09589855704004,98.48500061035156,0.06095763955648511,2.794887563169202,4002.0,0.6109070348799419,9.963172070485063,55.40270930082947
