VIX_Current,VIX_Momentum,VIX_Volatility,GVZ_Current,GVZ_Momentum,GVZ_Volatility,DXY_Current,DXY_Momentum,DXY_Volatility,GOLD_Current,GOLD_Momentum,GOLD_Volatility,Composite_Score
16.799999237060547,5.993683487234904,56.838355257722775,24.59000015258789,0.8613658697709562,64.72774536618853,99.53399658203125,-0.10738778168236263,3.360203979331364,4013.10009765625,1.0194834366513295,15.381250306181721,62.788471126882584
