VIX_Current,VIX_Momentum,VIX_Volatility,GVZ_Current,GVZ_Momentum,GVZ_Volatility,DXY_Current,DXY_Momentum,DXY_Volatility,GOLD_Current,GOLD_Momentum,GOLD_Volatility,Composite_Score
16.270000457763672,-1.9879513019435076,47.09004745320204,18.059999465942383,-1.257525631886112,73.1087708104545,97.80899810791016,-0.13579795495274996,2.6474587534642953,3881.300048828125,0.07735347864347128,9.62280857801747,50.886249769617415
