VIX_Current,VIX_Momentum,VIX_Volatility,GVZ_Current,GVZ_Momentum,GVZ_Volatility,DXY_Current,DXY_Momentum,DXY_Volatility,GOLD_Current,GOLD_Momentum,GOLD_Volatility,Composite_Score
17.3799991607666,-3.390776087339817,77.54007332242426,22.65999984741211,-3.8608394535191186,60.37325742531492,99.85700225830078,-0.03603404063567469,3.3245712461347985,4022.800048828125,-0.176179401168148,13.715363605722795,53.053022767833745
