VIX_Current,VIX_Momentum,VIX_Volatility,GVZ_Current,GVZ_Momentum,GVZ_Volatility,DXY_Current,DXY_Momentum,DXY_Volatility,GOLD_Current,GOLD_Momentum,GOLD_Volatility,Composite_Score
20.829999923706055,4.67336845730285,79.8635284405542,24.1299991607666,-0.33044166349169135,71.50001624793597,99.44000244140625,0.04527974230077431,2.8087612310749583,4085.199951171875,0.04652859993218615,14.67391747972254,50.76
