VIX_Current,VIX_Momentum,VIX_Volatility,GVZ_Current,GVZ_Momentum,GVZ_Volatility,DXY_Current,DXY_Momentum,DXY_Volatility,GOLD_Current,GOLD_Momentum,GOLD_Volatility,Composite_Score
17.040000915527344,-5.96026420356251,78.71692214247247,21.81999969482422,-2.8495076390759535,62.494646310983995,99.85800170898438,-0.08704586132921771,3.265897611336048,4017.39990234375,-0.41397572961073914,13.338160328725818,51.50818693804554
