VIX_Current,VIX_Momentum,VIX_Volatility,GVZ_Current,GVZ_Momentum,GVZ_Volatility,DXY_Current,DXY_Momentum,DXY_Volatility,GOLD_Current,GOLD_Momentum,GOLD_Volatility,Composite_Score
17.860000610351562,2.8801842305342773,113.27073250741392,20.15999984741211,-1.6585373296970276,43.68271211275811,100.06800079345703,0.025990060784559708,1.9635244903806977,4002.10009765625,0.43919087414301716,8.436244402365306,55.444245240515436
