VIX_Current,VIX_Momentum,VIX_Volatility,GVZ_Current,GVZ_Momentum,GVZ_Volatility,DXY_Current,DXY_Momentum,DXY_Volatility,GOLD_Current,GOLD_Momentum,GOLD_Volatility,Composite_Score
18.229999542236328,-2.825163540400968,113.57705870642434,31.549999237060547,2.9363772585046126,103.87541463973908,98.67400360107422,0.08215723208826087,2.3444551908273934,4360.5,-0.565521305088222,16.587682645423506,60.12718480848263
