VIX_Current,VIX_Momentum,VIX_Volatility,GVZ_Current,GVZ_Momentum,GVZ_Volatility,DXY_Current,DXY_Momentum,DXY_Volatility,GOLD_Current,GOLD_Momentum,GOLD_Volatility,Composite_Score
17.729999542236328,-1.335558042786385,127.22511550686446,23.329999923706055,3.230086415551001,81.63710158822697,99.61299896240234,-0.07724293020171785,2.37093469208803,4134.60009765625,-0.2244215571481377,7.764986615510539,55.94
