VIX_Current,VIX_Momentum,VIX_Volatility,GVZ_Current,GVZ_Momentum,GVZ_Volatility,DXY_Current,DXY_Momentum,DXY_Volatility,GOLD_Current,GOLD_Momentum,GOLD_Volatility,Composite_Score
19.100000381469727,-12.585812137249139,115.95130712152601,20.350000381469727,-0.9250269016005014,36.762134121947184,99.56400299072266,0.12469885988736977,2.1683754757213602,4009.0,-0.0897198217772264,7.831412936676689,50.66
