VIX_Current,VIX_Momentum,VIX_Volatility,GVZ_Current,GVZ_Momentum,GVZ_Volatility,DXY_Current,DXY_Momentum,DXY_Volatility,GOLD_Current,GOLD_Momentum,GOLD_Volatility,Composite_Score
19.739999771118164,14.170033116600884,110.81120020614836,21.420000076293945,-3.7735855523397968,61.02110518796733,99.9749984741211,0.14724880806954344,2.4987217367695567,4002.300048828125,0.222871405369431,11.345263339313794,57.25399220254412
