VIX_Current,VIX_Momentum,VIX_Volatility,GVZ_Current,GVZ_Momentum,GVZ_Volatility,DXY_Current,DXY_Momentum,DXY_Volatility,GOLD_Current,GOLD_Momentum,GOLD_Volatility,Composite_Score
18.84000015258789,-7.054762076377126,116.85022723184898,30.56999969482422,-2.0506229042693076,107.9242756745301,98.54299926757812,-0.002028414840254589,2.3791152885169566,4363.60009765625,0.5229375434398672,17.024466406813115,59.88527116471956
