VIX_Current,VIX_Momentum,VIX_Volatility,GVZ_Current,GVZ_Momentum,GVZ_Volatility,DXY_Current,DXY_Momentum,DXY_Volatility,GOLD_Current,GOLD_Momentum,GOLD_Volatility,Composite_Score
18.940000534057617,1.9924655105757707,120.03736072414168,27.239999771118164,-1.1252249529116802,113.89839828720471,98.9000015258789,0.04046218418003457,2.1178637478127498,4110.89990234375,1.4260640816870862,21.88007286522909,65.01827419712622
