VIX_Current,VIX_Momentum,VIX_Volatility,GVZ_Current,GVZ_Momentum,GVZ_Volatility,DXY_Current,DXY_Momentum,DXY_Volatility,GOLD_Current,GOLD_Momentum,GOLD_Volatility,Composite_Score
20.639999389648438,1.4250565245334237,162.0433091363103,27.1200008392334,3.3142889113653276,82.8641227490654,98.61199951171875,-0.05878043812999338,2.670728445040689,4237.2001953125,0.3315021631117361,9.799897357777008,61.36712660214417
