VIX_Current,VIX_Momentum,VIX_Volatility,GVZ_Current,GVZ_Momentum,GVZ_Volatility,DXY_Current,DXY_Momentum,DXY_Volatility,GOLD_Current,GOLD_Momentum,GOLD_Volatility,Composite_Score
16.360000610351562,-1.1480280088685377,85.00416271445215,24.739999771118164,-1.7864261746681542,82.13315354953426,98.93800354003906,-0.030311594246470883,1.929968822051706,4115.2998046875,-0.19644220420255348,18.84630532192226,55.935240223866856
