VIX_Current,VIX_Momentum,VIX_Volatility,GVZ_Current,GVZ_Momentum,GVZ_Volatility,DXY_Current,DXY_Momentum,DXY_Volatility,GOLD_Current,GOLD_Momentum,GOLD_Volatility,Composite_Score
17.709999084472656,-4.784953111526467,108.64743073987377,29.350000381469727,-5.808727454447361,116.20785771808637,98.85399627685547,-0.05257714805535133,2.287285490147497,4129.0,-2.235163719432852,19.69461416830343,49.05869980250968
