VIX_Current,VIX_Momentum,VIX_Volatility,GVZ_Current,GVZ_Momentum,GVZ_Volatility,DXY_Current,DXY_Momentum,DXY_Volatility,GOLD_Current,GOLD_Momentum,GOLD_Volatility,Composite_Score
16.81999969482422,0.537956694862289,47.174645037377566,17.670000076293945,-0.7860718351853679,50.61976242727355,98.2699966430664,-0.14328323588465924,3.024143227100196,3954.39990234375,-0.30505729626244804,10.060420909575948,51.048560671409334
