VIX_Current,VIX_Momentum,VIX_Volatility,GVZ_Current,GVZ_Momentum,GVZ_Volatility,DXY_Current,DXY_Momentum,DXY_Volatility,GOLD_Current,GOLD_Momentum,GOLD_Volatility,Composite_Score
,,,23.799999237060547,4.385965059044991,108.94042902085208,99.21099853515625,0.3002578663426729,3.2617294846005307,4088.5,0.36576742897081804,13.615268328918958,
