VIX_Current,VIX_Momentum,VIX_Volatility,GVZ_Current,GVZ_Momentum,GVZ_Volatility,DXY_Current,DXY_Momentum,DXY_Volatility,GOLD_Current,GOLD_Momentum,GOLD_Volatility,Composite_Score
,,,23.799999237060547,4.385965059044991,108.94042902085208,98.9489974975586,0.029315941316288077,3.22646722840828,4082.300048828125,0.2529481539323428,13.905206430639094,
