VIX_Current,VIX_Momentum,VIX_Volatility,GVZ_Current,GVZ_Momentum,GVZ_Volatility,DXY_Current,DXY_Momentum,DXY_Volatility,GOLD_Current,GOLD_Momentum,GOLD_Volatility,Composite_Score
16.299999237060547,0.4932177995851575,46.43191824601838,24.059999465942383,-1.8359884077405513,59.42728622241833,98.88300323486328,0.03541160393803587,2.3485098045302117,4019.0,1.3414683170321542,15.211082971566833,60.45396235078943
