VIX_Current,VIX_Momentum,VIX_Volatility,GVZ_Current,GVZ_Momentum,GVZ_Volatility,DXY_Current,DXY_Momentum,DXY_Volatility,GOLD_Current,GOLD_Momentum,GOLD_Volatility,Composite_Score
,,,23.65999984741211,3.0487839322818107,116.25743993073718,99.33999633789062,0.1805076789048375,3.230515131566075,4119.60009765625,0.487852461790945,13.241438135445401,
