VIX_Current,VIX_Momentum,VIX_Volatility,GVZ_Current,GVZ_Momentum,GVZ_Volatility,DXY_Current,DXY_Momentum,DXY_Volatility,GOLD_Current,GOLD_Momentum,GOLD_Volatility,Composite_Score
15.670000076293945,-4.509444107245763,86.3979144264887,24.739999771118164,-1.7864261746681542,82.13315354953426,98.83799743652344,-0.08896049945594119,1.9275596506791004,4053.89990234375,-0.9262462982576445,17.676682150828523,52.201053610976686
