VIX_Current,VIX_Momentum,VIX_Volatility,GVZ_Current,GVZ_Momentum,GVZ_Volatility,DXY_Current,DXY_Momentum,DXY_Volatility,GOLD_Current,GOLD_Momentum,GOLD_Volatility,Composite_Score
16.43000030517578,2.2402029694344705,74.67549165760978,24.059999465942383,-1.8359884077405513,59.42728622241833,98.9229965209961,0.1944614233818901,2.578395149937238,3969.300048828125,0.519145050306706,15.317214561804255,58.17769537220681
