VIX_Current,VIX_Momentum,VIX_Volatility,GVZ_Current,GVZ_Momentum,GVZ_Volatility,DXY_Current,DXY_Momentum,DXY_Volatility,GOLD_Current,GOLD_Momentum,GOLD_Volatility,Composite_Score
15.970000267028809,-0.374300792555082,81.16180759760195,24.049999237060547,1.9067747810044566,82.01188145125874,98.9010009765625,0.03641644016680103,1.9084741710266127,4020.300048828125,0.45225370738786175,17.667717642997545,59.479905256938444
