VIX_Current,VIX_Momentum,VIX_Volatility,GVZ_Current,GVZ_Momentum,GVZ_Volatility,DXY_Current,DXY_Momentum,DXY_Volatility,GOLD_Current,GOLD_Momentum,GOLD_Volatility,Composite_Score
16.350000381469727,0.8014862738508254,46.34919224998907,24.059999465942383,-1.8359884077405513,59.42728622241833,98.83699798583984,0.016189717236590524,2.3692632617385527,4008.800048828125,0.7919945594570161,15.187873981008321,58.68965541935746
