VIX_Current,VIX_Momentum,VIX_Volatility,GVZ_Current,GVZ_Momentum,GVZ_Volatility,DXY_Current,DXY_Momentum,DXY_Volatility,GOLD_Current,GOLD_Momentum,GOLD_Volatility,Composite_Score
20.309999465942383,-0.8300785160827304,176.07626661344025,27.1200008392334,3.3142889113653276,82.8641227490654,98.63999938964844,0.05883290742291434,2.5562857633544245,4238.7001953125,0.4788478206115918,10.206196022703889,61.339987647693
