VIX_Current,VIX_Momentum,VIX_Volatility,GVZ_Current,GVZ_Momentum,GVZ_Volatility,DXY_Current,DXY_Momentum,DXY_Volatility,GOLD_Current,GOLD_Momentum,GOLD_Volatility,Composite_Score
15.649999618530273,-0.19133090600518002,83.5799362253393,23.969999313354492,-4.425839767656341,83.58510130531685,98.86900329589844,0.048576872128100884,1.9301168813432534,4052.199951171875,-0.02714079004755782,17.597457155529472,54.62899448885692
