VIX_Current,VIX_Momentum,VIX_Volatility,GVZ_Current,GVZ_Momentum,GVZ_Volatility,DXY_Current,DXY_Momentum,DXY_Volatility,GOLD_Current,GOLD_Momentum,GOLD_Volatility,Composite_Score
17.100000381469727,2.7027073468436242,47.07642020410934,24.579999923706055,-1.601279527063048,70.54960430326216,99.177001953125,0.457840958207146,3.1325951005144916,3956.5,-1.277539531294099,14.855280915280275,52.980398359946136
