VIX_Current,VIX_Momentum,VIX_Volatility,GVZ_Current,GVZ_Momentum,GVZ_Volatility,DXY_Current,DXY_Momentum,DXY_Volatility,GOLD_Current,GOLD_Momentum,GOLD_Volatility,Composite_Score
17.520000457763672,-0.34129389193839244,80.55320824927898,25.780000686645508,0.11650752095342841,88.44741102649448,99.48600006103516,0.01909898944869041,2.3871075876703785,4201.39990234375,-0.10461511598450707,8.958279670796365,56.46
