VIX_Current,VIX_Momentum,VIX_Volatility,GVZ_Current,GVZ_Momentum,GVZ_Volatility,DXY_Current,DXY_Momentum,DXY_Volatility,GOLD_Current,GOLD_Momentum,GOLD_Volatility,Composite_Score
20.709999084472656,6.314166176284841,165.31553527517227,26.829999923706055,4.275166735483431,84.92698079902955,98.81099700927734,-0.04147651772295307,2.8597652792216466,4213.7998046875,-0.05693255808082153,12.091568795112503,62.19580175019868
