VIX_Current,VIX_Momentum,VIX_Volatility,GVZ_Current,GVZ_Momentum,GVZ_Volatility,DXY_Current,DXY_Momentum,DXY_Volatility,GOLD_Current,GOLD_Momentum,GOLD_Volatility,Composite_Score
19.350000381469727,-0.7183139625065555,110.24067004490348,21.420000076293945,-3.7735855523397968,61.02110518796733,100.09400177001953,0.17614694422581018,2.499646762331749,4006.300048828125,-0.012478785911621312,11.197967020650204,53.707308026148915
