VIX_Current,VIX_Momentum,VIX_Volatility,GVZ_Current,GVZ_Momentum,GVZ_Volatility,DXY_Current,DXY_Momentum,DXY_Volatility,GOLD_Current,GOLD_Momentum,GOLD_Volatility,Composite_Score
16.809999465942383,2.750604149159321,46.140726867586615,24.809999465942383,-0.08054956836538993,68.60984868481077,98.85399627685547,0.006066591258782954,2.421042601194898,4026.10009765625,-0.2749394047823431,14.965418382559722,56.951534311510464
