VIX_Current,VIX_Momentum,VIX_Volatility,GVZ_Current,GVZ_Momentum,GVZ_Volatility,DXY_Current,DXY_Momentum,DXY_Volatility,GOLD_Current,GOLD_Momentum,GOLD_Volatility,Composite_Score
16.209999084472656,-3.454447882241052,47.34308392223278,24.670000076293945,-1.2409906790359782,70.87397624930276,99.12300109863281,0.04238937470474703,3.141452744552102,3981.60009765625,0.8689496213572111,15.056482784050587,58.54470870157156
