VIX_Current,VIX_Momentum,VIX_Volatility,GVZ_Current,GVZ_Momentum,GVZ_Volatility,DXY_Current,DXY_Momentum,DXY_Volatility,GOLD_Current,GOLD_Momentum,GOLD_Volatility,Composite_Score
16.530000686645508,-0.8398283683725213,57.414229984004464,24.530000686645508,-0.5674884037919669,63.628463460666914,99.51000213623047,-0.13146867818083185,3.364948523827427,4015.0,1.0673085964219013,15.380751967713376,60.41023588488247
