VIX_Current,VIX_Momentum,VIX_Volatility,GVZ_Current,GVZ_Momentum,GVZ_Volatility,DXY_Current,DXY_Momentum,DXY_Volatility,GOLD_Current,GOLD_Momentum,GOLD_Volatility,Composite_Score
16.360000610351562,-0.6678731486876178,45.23192030491084,17.850000381469727,-1.1627856626943613,56.577021359407844,97.72799682617188,0.0010226966042491247,2.575674752839019,3908.60009765625,0.26165082002920115,9.474165822771234,51.93843195805477
