VIX_Current,VIX_Momentum,VIX_Volatility,GVZ_Current,GVZ_Momentum,GVZ_Volatility,DXY_Current,DXY_Momentum,DXY_Volatility,GOLD_Current,GOLD_Momentum,GOLD_Volatility,Composite_Score
16.299999237060547,-1.271962379830395,47.09198724613973,21.799999237060547,-0.8640315417700247,87.33891135343357,98.76399993896484,-0.058690026563374686,2.7946391433803224,4032.0,-0.19554698222019976,7.754694961029299,52.751536942114235
