VIX_Current,VIX_Momentum,VIX_Volatility,GVZ_Current,GVZ_Momentum,GVZ_Volatility,DXY_Current,DXY_Momentum,DXY_Volatility,GOLD_Current,GOLD_Momentum,GOLD_Volatility,Composite_Score
16.469999313354492,-3.4017592355391084,47.476654871753794,22.110000610351562,10.938285357725958,80.09955013463987,98.99700164794922,0.20852231577233726,2.8544579625591178,4073.800048828125,0.3448445694767935,7.208717762862331,59.742540339091406
