VIX_Current,VIX_Momentum,VIX_Volatility,GVZ_Current,GVZ_Momentum,GVZ_Volatility,DXY_Current,DXY_Momentum,DXY_Volatility,GOLD_Current,GOLD_Momentum,GOLD_Volatility,Composite_Score
17.959999084472656,-8.22688112140016,112.71767590529132,20.59000015258789,-3.6499796725019156,46.14267832251674,100.26699829101562,0.10182935611841026,2.0608291034750037,3990.300048828125,0.27643052459035905,9.780025018988434,51.69336582877623
