VIX_Current,VIX_Momentum,VIX_Volatility,GVZ_Current,GVZ_Momentum,GVZ_Volatility,DXY_Current,DXY_Momentum,DXY_Volatility,GOLD_Current,GOLD_Momentum,GOLD_Volatility,Composite_Score
16.309999465942383,-0.0612759134119803,46.44017105566461,18.059999465942383,-1.257525631886112,73.1087708104545,97.7969970703125,0.005110084083898062,2.610819677030942,3884.199951171875,-0.0797493791914664,9.508090861949167,50.90714539189695
