VIX_Current,VIX_Momentum,VIX_Volatility,GVZ_Current,GVZ_Momentum,GVZ_Volatility,DXY_Current,DXY_Momentum,DXY_Volatility,GOLD_Current,GOLD_Momentum,GOLD_Volatility,Composite_Score
17.8700008392334,2.289648206071395,77.59558153347345,22.270000457763672,-2.580927982655977,63.87310345081142,99.79499816894531,-0.07610219848418966,3.3033465190433575,4019.199951171875,-0.15154392423555868,13.502531344624783,55.041064549854596
