VIX_Current,VIX_Momentum,VIX_Volatility,GVZ_Current,GVZ_Momentum,GVZ_Volatility,DXY_Current,DXY_Momentum,DXY_Volatility,GOLD_Current,GOLD_Momentum,GOLD_Volatility,Composite_Score
19.81999969482422,-3.4583583442504966,75.64975477622252,24.219999313354492,-0.900168641144459,72.1748305429717,99.30899810791016,-0.005039453311500824,2.7642025460667496,4091.39990234375,-0.38226960481093325,12.806952798848654,44.94
