VIX_Current,VIX_Momentum,VIX_Volatility,GVZ_Current,GVZ_Momentum,GVZ_Volatility,DXY_Current,DXY_Momentum,DXY_Volatility,GOLD_Current,GOLD_Momentum,GOLD_Volatility,Composite_Score
15.789999961853027,-1.2507805636519465,80.07125431066153,23.940000534057617,0.9700609804560713,80.77321048261638,98.62000274658203,-0.09724934971308234,2.103383567134162,3976.89990234375,-0.5426948127475766,13.9180708520699,54.40590651942591
