VIX_Current,VIX_Momentum,VIX_Volatility,GVZ_Current,GVZ_Momentum,GVZ_Volatility,DXY_Current,DXY_Momentum,DXY_Volatility,GOLD_Current,GOLD_Momentum,GOLD_Volatility,Composite_Score
21.969999313354492,4.073892364461696,65.90333633574139,24.84000015258789,-0.8383197240260605,95.18569581827646,99.29100036621094,0.06651740297789747,2.471702462511006,4143.39990234375,-0.8542555688609041,11.214237135479472,44.26
