VIX_Current,VIX_Momentum,VIX_Volatility,GVZ_Current,GVZ_Momentum,GVZ_Volatility,DXY_Current,DXY_Momentum,DXY_Volatility,GOLD_Current,GOLD_Momentum,GOLD_Volatility,Composite_Score
16.780000686645508,3.7724218149253743,68.48450698808863,23.969999313354492,-1.6413685355108465,60.78322285645547,99.72699737548828,0.22411116907684508,3.107686578089436,4028.5,0.21642746072435265,14.512128637247997,57.988024302270716
