VIX_Current,VIX_Momentum,VIX_Volatility,GVZ_Current,GVZ_Momentum,GVZ_Volatility,DXY_Current,DXY_Momentum,DXY_Volatility,GOLD_Current,GOLD_Momentum,GOLD_Volatility,Composite_Score
16.670000076293945,1.4607411239217039,46.63391620698021,21.010000228881836,-4.456569133408847,96.92434420628884,99.06900024414062,0.2012718640947678,2.6558696799468198,4035.10009765625,-0.5447070339543338,8.572809443508644,50.518803563051364
