VIX_Current,VIX_Momentum,VIX_Volatility,GVZ_Current,GVZ_Momentum,GVZ_Volatility,DXY_Current,DXY_Momentum,DXY_Volatility,GOLD_Current,GOLD_Momentum,GOLD_Volatility,Composite_Score
20.329999923706055,0.9935458086319989,163.20877783459548,27.299999237060547,5.731988999724905,83.6685981808804,98.75800323486328,0.017222755362697784,2.8329238744841336,4227.7001953125,0.49204172361540294,12.72000267077526,63.70128632982816
