VIX_Current,VIX_Momentum,VIX_Volatility,GVZ_Current,GVZ_Momentum,GVZ_Volatility,DXY_Current,DXY_Momentum,DXY_Volatility,GOLD_Current,GOLD_Momentum,GOLD_Volatility,Composite_Score
18.670000076293945,-10.369658450905094,102.36934407829597,20.350000381469727,-0.9250269016005014,36.762134121947184,99.54100036621094,-0.07428349058420952,2.3470984906984276,4088.39990234375,0.2550245792974497,7.450234016797317,51.55
