VIX_Current,VIX_Momentum,VIX_Volatility,GVZ_Current,GVZ_Momentum,GVZ_Volatility,DXY_Current,DXY_Momentum,DXY_Volatility,GOLD_Current,GOLD_Momentum,GOLD_Volatility,Composite_Score
18.59000015258789,-3.6288270073434403,104.55863712409534,27.190000534057617,0.44329826592625554,112.2498693276724,99.04399871826172,0.03736597681783667,1.882692914595997,4133.10009765625,0.20608058475365923,20.227214840594034,59.88278575734107
