VIX_Current,VIX_Momentum,VIX_Volatility,GVZ_Current,GVZ_Momentum,GVZ_Volatility,DXY_Current,DXY_Momentum,DXY_Volatility,GOLD_Current,GOLD_Momentum,GOLD_Volatility,Composite_Score
16.25,2.653190640038971,77.03039053673825,24.3700008392334,1.6687590210152905,60.95190251653854,98.66899871826172,-0.16391877181810652,2.2837897231865205,3977.0,1.2732365673542145,14.706663786276314,62.28155415275753
