VIX_Current,VIX_Momentum,VIX_Volatility,GVZ_Current,GVZ_Momentum,GVZ_Volatility,DXY_Current,DXY_Momentum,DXY_Volatility,GOLD_Current,GOLD_Momentum,GOLD_Volatility,Composite_Score
19.829999923706055,-1.5392228169665012,81.79080016009515,24.1299991607666,-0.33044166349169135,71.50001624793597,99.30500030517578,-0.1056265497087154,2.8528457366749116,4092.0,0.32362339447523203,15.023055922810483,50.78
