VIX_Current,VIX_Momentum,VIX_Volatility,GVZ_Current,GVZ_Momentum,GVZ_Volatility,DXY_Current,DXY_Momentum,DXY_Volatility,GOLD_Current,GOLD_Momentum,GOLD_Volatility,Composite_Score
17.299999237060547,-1.9274385734242747,72.3487526206965,22.65999984741211,-3.8608394535191186,60.37325742531492,99.71600341796875,-0.06914891176861875,3.053425844886181,4013.39990234375,0.5411055977607415,14.522070659818976,55.85415052677741
