VIX_Current,VIX_Momentum,VIX_Volatility,GVZ_Current,GVZ_Momentum,GVZ_Volatility,DXY_Current,DXY_Momentum,DXY_Volatility,GOLD_Current,GOLD_Momentum,GOLD_Volatility,Composite_Score
18.229999542236328,-2.825163540400968,113.57705870642434,31.549999237060547,2.9363772585046126,103.87541463973908,98.72899627685547,0.1958605565131184,2.279568232625831,4358.60009765625,-0.6247127757352942,18.52667493930225,60.377463703225615
