VIX_Current,VIX_Momentum,VIX_Volatility,GVZ_Current,GVZ_Momentum,GVZ_Volatility,DXY_Current,DXY_Momentum,DXY_Volatility,GOLD_Current,GOLD_Momentum,GOLD_Volatility,Composite_Score
17.860000610351562,2.8801842305342773,113.27073250741392,20.15999984741211,-1.6585373296970276,43.68271211275811,99.98600006103516,-0.08094704613043842,2.027994348231435,4017.60009765625,0.4224297420611273,8.392619060324582,55.31642597157982
