VIX_Current,VIX_Momentum,VIX_Volatility,GVZ_Current,GVZ_Momentum,GVZ_Volatility,DXY_Current,DXY_Momentum,DXY_Volatility,GOLD_Current,GOLD_Momentum,GOLD_Volatility,Composite_Score
15.789999961853027,-1.2507805636519465,80.07125431066153,23.940000534057617,0.9700609804560713,80.77321048261638,98.69400024414062,-0.07289816033532072,1.8889151343836321,4000.39990234375,-0.301560066199377,17.208294114548988,55.97816437898376
