VIX_Current,VIX_Momentum,VIX_Volatility,GVZ_Current,GVZ_Momentum,GVZ_Volatility,DXY_Current,DXY_Momentum,DXY_Volatility,GOLD_Current,GOLD_Momentum,GOLD_Volatility,Composite_Score
18.59000015258789,0.10770305919416008,112.83201301074592,31.549999237060547,2.9363772585046126,103.87541463973908,98.73400115966797,0.024315748574541413,2.3220318174338233,4344.0,-0.43319587354266303,18.46041099867611,61.748373472431
