VIX_Current,VIX_Momentum,VIX_Volatility,GVZ_Current,GVZ_Momentum,GVZ_Volatility,DXY_Current,DXY_Momentum,DXY_Volatility,GOLD_Current,GOLD_Momentum,GOLD_Volatility,Composite_Score
20.540000915527344,7.595603726293774,115.39803668089841,24.84000015258789,-0.8383197240260605,95.18569581827646,99.3010025024414,0.10484581965365346,2.4701601732673093,4172.7001953125,-0.11010963038464731,10.732287840958698,49.68
