VIX_Current,VIX_Momentum,VIX_Volatility,GVZ_Current,GVZ_Momentum,GVZ_Volatility,DXY_Current,DXY_Momentum,DXY_Volatility,GOLD_Current,GOLD_Momentum,GOLD_Volatility,Composite_Score
16.43000030517578,-3.1249929711500006,46.25336445245496,21.829999923706055,2.0570385535894538,86.23489458289238,99.33000183105469,-0.036225151833907905,2.7945020301070844,3973.300048828125,-0.7939888655150995,10.31898583324625,52.333577151424976
