VIX_Current,VIX_Momentum,VIX_Volatility,GVZ_Current,GVZ_Momentum,GVZ_Volatility,DXY_Current,DXY_Momentum,DXY_Volatility,GOLD_Current,GOLD_Momentum,GOLD_Volatility,Composite_Score
16.75,0.2993966154271376,87.66148954468385,25.1200008392334,-5.847074393172893,85.58212442682567,98.9729995727539,0.11835069375038879,1.9442942914911179,4147.39990234375,1.252406031699598,18.67964475702663,59.435902389269884
