VIX_Current,VIX_Momentum,VIX_Volatility,GVZ_Current,GVZ_Momentum,GVZ_Volatility,DXY_Current,DXY_Momentum,DXY_Volatility,GOLD_Current,GOLD_Momentum,GOLD_Volatility,Composite_Score
17.25,-0.17361507785525276,46.83080965996536,19.93000030517578,-2.30391824580021,64.3082029810888,98.90699768066406,0.337817468662277,2.8655549495696206,4055.300048828125,1.0717044955937192,8.414139425402178,56.21056411004223
