VIX_Current,VIX_Momentum,VIX_Volatility,GVZ_Current,GVZ_Momentum,GVZ_Volatility,DXY_Current,DXY_Momentum,DXY_Volatility,GOLD_Current,GOLD_Momentum,GOLD_Volatility,Composite_Score
20.799999237060547,5.6373726404068645,159.15732702422437,26.09000015258789,4.863348201913712,94.11698142288708,98.9020004272461,-0.1413535569831623,3.017897341624914,4198.7998046875,0.9423912422094927,13.044268186817852,65.4939811432703
