VIX_Current,VIX_Momentum,VIX_Volatility,GVZ_Current,GVZ_Momentum,GVZ_Volatility,DXY_Current,DXY_Momentum,DXY_Volatility,GOLD_Current,GOLD_Momentum,GOLD_Volatility,Composite_Score
20.209999084472656,3.854059790775803,168.02868158018083,26.420000076293945,4.179808519049118,88.01176955341812,98.74800109863281,-0.16176248367699986,2.869627506017865,4207.0,-0.17321512530694996,12.290468104090174,60.7810191701012
