VIX_Current,VIX_Momentum,VIX_Volatility,GVZ_Current,GVZ_Momentum,GVZ_Volatility,DXY_Current,DXY_Momentum,DXY_Volatility,GOLD_Current,GOLD_Momentum,GOLD_Volatility,Composite_Score
17.5,-4.632154571114219,100.45503744673903,26.8799991607666,-1.1401300742996106,95.47649027158805,99.03600311279297,0.03333713250261761,1.8845849273148814,4143.89990234375,-0.415752479014069,19.63002184038272,56.21682550415328
