VIX_Current,VIX_Momentum,VIX_Volatility,GVZ_Current,GVZ_Momentum,GVZ_Volatility,DXY_Current,DXY_Momentum,DXY_Volatility,GOLD_Current,GOLD_Momentum,GOLD_Volatility,Composite_Score
20.0,-3.1007723283626447,174.85639192159513,27.1200008392334,3.3142889113653276,82.8641227490654,98.5999984741211,-0.030415472100031322,2.512885005798283,4262.2001953125,0.5995183108934621,10.939068784933456,61.18176596995357
