VIX_Current,VIX_Momentum,VIX_Volatility,GVZ_Current,GVZ_Momentum,GVZ_Volatility,DXY_Current,DXY_Momentum,DXY_Volatility,GOLD_Current,GOLD_Momentum,GOLD_Volatility,Composite_Score
17.530000686645508,-1.4060741864187556,107.7722101809908,25.780000686645508,0.11650752095342841,88.44741102649448,99.48799896240234,-0.08335778873141231,2.36871754715269,4216.7001953125,0.17581049030432291,9.125613817898486,57.12
