VIX_Current,VIX_Momentum,VIX_Volatility,GVZ_Current,GVZ_Momentum,GVZ_Volatility,DXY_Current,DXY_Momentum,DXY_Volatility,GOLD_Current,GOLD_Momentum,GOLD_Volatility,Composite_Score
17.420000076293945,-1.969613801089196,108.36477037525536,30.3799991607666,1.6733601540943683,110.74877007960842,98.91999816894531,-0.018198640006378778,2.279039811266923,4127.89990234375,-0.5828422904871771,19.516672444751915,59.45054327100243
