VIX_Current,VIX_Momentum,VIX_Volatility,GVZ_Current,GVZ_Momentum,GVZ_Volatility,DXY_Current,DXY_Momentum,DXY_Volatility,GOLD_Current,GOLD_Momentum,GOLD_Volatility,Composite_Score
20.540000915527344,7.595603726293774,115.39803668089841,24.84000015258789,-0.8383197240260605,95.18569581827646,99.1729965209961,0.04438531533353713,2.5087874530022236,4174.5,-0.7560042356482127,10.966248291175225,45.37
