VIX_Current,VIX_Momentum,VIX_Volatility,GVZ_Current,GVZ_Momentum,GVZ_Volatility,DXY_Current,DXY_Momentum,DXY_Volatility,GOLD_Current,GOLD_Momentum,GOLD_Volatility,Composite_Score
20.0,-3.1007723283626447,174.85639192159513,27.1200008392334,3.3142889113653276,82.8641227490654,98.55899810791016,-0.07198534673522164,2.5162632469295434,4251.5,0.34696459568932275,10.945327864731926,60.31070007988435
