VIX_Current,VIX_Momentum,VIX_Volatility,GVZ_Current,GVZ_Momentum,GVZ_Volatility,DXY_Current,DXY_Momentum,DXY_Volatility,GOLD_Current,GOLD_Momentum,GOLD_Volatility,Composite_Score
18.270000457763672,2.2383861205651345,109.38336412378122,28.350000381469727,-5.751328280000809,111.72586661753543,99.00700378417969,-0.022211215485077,2.079505012551079,4089.0,0.12242899118511265,21.140865623732868,58.64993196440785
