VIX_Current,VIX_Momentum,VIX_Volatility,GVZ_Current,GVZ_Momentum,GVZ_Volatility,DXY_Current,DXY_Momentum,DXY_Volatility,GOLD_Current,GOLD_Momentum,GOLD_Volatility,Composite_Score
19.6200008392334,0.20429476855571138,168.90004549859896,25.540000915527344,1.7529901488864161,91.4823751030038,98.85199737548828,0.03541499158980808,2.8557544465786346,4209.39990234375,-0.22517718409774098,13.002268237321374,58.15909838205605
