VIX_Current,VIX_Momentum,VIX_Volatility,GVZ_Current,GVZ_Momentum,GVZ_Volatility,DXY_Current,DXY_Momentum,DXY_Volatility,GOLD_Current,GOLD_Momentum,GOLD_Volatility,Composite_Score
16.34000015258789,0.3685470725538753,46.08259196491173,24.059999465942383,-1.8359884077405513,59.42728622241833,98.97200012207031,0.07381070116308941,2.389112964181585,4029.699951171875,1.350602393658828,15.21846237350251,60.51293366407901
