VIX_Current,VIX_Momentum,VIX_Volatility,GVZ_Current,GVZ_Momentum,GVZ_Volatility,DXY_Current,DXY_Momentum,DXY_Volatility,GOLD_Current,GOLD_Momentum,GOLD_Volatility,Composite_Score
18.59000015258789,-2.77196999676888,120.01076574572052,27.190000534057617,0.44329826592625554,112.2498693276724,99.01899719238281,-0.017171452679474616,1.876770634437429,4133.2998046875,1.0957516127552893,20.55416420898287,63.093453834089765
