VIX_Current,VIX_Momentum,VIX_Volatility,GVZ_Current,GVZ_Momentum,GVZ_Volatility,DXY_Current,DXY_Momentum,DXY_Volatility,GOLD_Current,GOLD_Momentum,GOLD_Volatility,Composite_Score
24.450000762939453,12.46550607337888,166.3225009242877,32.95000076293945,7.015263992158004,102.65756326506002,98.35399627685547,-0.06300204146149851,2.5671465027332054,4324.5,0.6423258228844355,10.661016044624937,70.3532776524287
