VIX_Current,VIX_Momentum,VIX_Volatility,GVZ_Current,GVZ_Momentum,GVZ_Volatility,DXY_Current,DXY_Momentum,DXY_Volatility,GOLD_Current,GOLD_Momentum,GOLD_Volatility,Composite_Score
16.489999771118164,0.7330416965964257,47.756118233575805,21.829999923706055,2.0570385535894538,86.23489458289238,99.34400177001953,0.040281272842124606,2.7209989840460818,4010.699951171875,0.6423892220594659,10.582502755064244,58.31671847305443
