VIX_Current,VIX_Momentum,VIX_Volatility,GVZ_Current,GVZ_Momentum,GVZ_Volatility,DXY_Current,DXY_Momentum,DXY_Volatility,GOLD_Current,GOLD_Momentum,GOLD_Volatility,Composite_Score
15.970000267028809,1.9144874873913544,83.05358521474831,23.579999923706055,-5.110665747557461,84.05757529814369,98.9000015258789,0.0819693394369107,1.922961259265669,4003.5,-1.3940567053734267,17.813900648029815,50.20819206610634
