VIX_Current,VIX_Momentum,VIX_Volatility,GVZ_Current,GVZ_Momentum,GVZ_Volatility,DXY_Current,DXY_Momentum,DXY_Volatility,GOLD_Current,GOLD_Momentum,GOLD_Volatility,Composite_Score
20.799999237060547,5.6373726404068645,177.16739221193694,26.09000015258789,4.863348201913712,94.11698142288708,98.75900268554688,-0.11630748541642409,2.9108312650030927,4215.7998046875,0.23299583184736092,13.317709389794775,63.14294727024684
