VIX_Current,VIX_Momentum,VIX_Volatility,GVZ_Current,GVZ_Momentum,GVZ_Volatility,DXY_Current,DXY_Momentum,DXY_Volatility,GOLD_Current,GOLD_Momentum,GOLD_Volatility,Composite_Score
20.260000228881836,2.014096708143015,77.76280516654039,24.139999389648438,-0.2891354707613922,71.50566683487722,99.28800201416016,-0.026180574520723792,2.763936375844375,4087.300048828125,-0.48209316445499,12.814563751782194,46.0
