VIX_Current,VIX_Momentum,VIX_Volatility,GVZ_Current,GVZ_Momentum,GVZ_Volatility,DXY_Current,DXY_Momentum,DXY_Volatility,GOLD_Current,GOLD_Momentum,GOLD_Volatility,Composite_Score
19.190000534057617,-5.000000944231961,109.33565134203242,21.420000076293945,-3.7735855523397968,61.02110518796733,100.06400299072266,0.0549953541169847,2.490971135662916,3986.10009765625,-0.3748968942013384,11.245044515134783,51.259220517420204
