VIX_Current,VIX_Momentum,VIX_Volatility,GVZ_Current,GVZ_Momentum,GVZ_Volatility,DXY_Current,DXY_Momentum,DXY_Volatility,GOLD_Current,GOLD_Momentum,GOLD_Volatility,Composite_Score
15.960000038146973,1.785712547969574,82.40115445915983,23.809999465942383,-3.75909585197926,83.46550918557321,98.87300109863281,0.05464622629127381,1.9285416729538385,4013.89990234375,-1.1379077904795922,17.856166442564227,51.807084273721046
