VIX_Current,VIX_Momentum,VIX_Volatility,GVZ_Current,GVZ_Momentum,GVZ_Volatility,DXY_Current,DXY_Momentum,DXY_Volatility,GOLD_Current,GOLD_Momentum,GOLD_Volatility,Composite_Score
17.280000686645508,-0.9174302896359119,98.58445406809113,26.68000030517578,-0.44775722127194817,91.12952468689723,98.91500091552734,-0.021221895351225067,1.8673946280755422,4137.89990234375,-0.38518020116402757,19.302167836245296,57.312635423792095
