VIX_Current,VIX_Momentum,VIX_Volatility,GVZ_Current,GVZ_Momentum,GVZ_Volatility,DXY_Current,DXY_Momentum,DXY_Volatility,GOLD_Current,GOLD_Momentum,GOLD_Volatility,Composite_Score
18.0,2.9159533193591964,109.69242407689784,20.15999984741211,-1.6585373296970276,43.68271211275811,100.16300201416016,-0.040916894771629436,2.018089791252084,3978.39990234375,-0.3431826601878882,9.620621099398697,53.00854147436577
