VIX_Current,VIX_Momentum,VIX_Volatility,GVZ_Current,GVZ_Momentum,GVZ_Volatility,DXY_Current,DXY_Momentum,DXY_Volatility,GOLD_Current,GOLD_Momentum,GOLD_Volatility,Composite_Score
16.3799991607666,-0.5464490366730929,86.87213344165966,24.899999618530273,-1.4641900772887542,84.16836920785386,98.95999908447266,-0.005049516094465268,1.9293537240920526,4119.5,-0.3266392451004113,18.610148334217396,55.868558451905855
