VIX_Current,VIX_Momentum,VIX_Volatility,GVZ_Current,GVZ_Momentum,GVZ_Volatility,DXY_Current,DXY_Momentum,DXY_Volatility,GOLD_Current,GOLD_Momentum,GOLD_Volatility,Composite_Score
24.170000076293945,-0.2476247093517077,139.45196829582483,30.40999984741211,-7.201710642004112,108.70375247441358,98.41799926757812,-0.045700588156806485,2.5863349468948527,4220.5,-1.5466037069191558,13.487775861499053,52.639653274307456
