VIX_Current,VIX_Momentum,VIX_Volatility,GVZ_Current,GVZ_Momentum,GVZ_Volatility,DXY_Current,DXY_Momentum,DXY_Volatility,GOLD_Current,GOLD_Momentum,GOLD_Volatility,Composite_Score
17.600000381469727,-2.0589813356854116,96.15492217871228,23.329999923706055,3.230086415551001,81.63710158822697,99.6709976196289,0.05219317801848504,2.313204052295049,4140.5,0.4147086884910257,7.231739159792787,57.82
