VIX_Current,VIX_Momentum,VIX_Volatility,GVZ_Current,GVZ_Momentum,GVZ_Volatility,DXY_Current,DXY_Momentum,DXY_Volatility,GOLD_Current,GOLD_Momentum,GOLD_Volatility,Composite_Score
18.09000015258789,-3.519999186197917,102.27428549216482,26.959999084472656,-0.29586474980016575,98.60642481439936,98.96600341796875,-0.15838673055090535,1.9097696209229944,4166.0,1.0257730359637471,19.832876932056916,61.84098867459485
