VIX_Current,VIX_Momentum,VIX_Volatility,GVZ_Current,GVZ_Momentum,GVZ_Volatility,DXY_Current,DXY_Momentum,DXY_Volatility,GOLD_Current,GOLD_Momentum,GOLD_Volatility,Composite_Score
19.799999237060547,-1.2468828404636465,121.91617211815291,20.1200008392334,-1.0816092020849928,34.41298475052655,99.70500183105469,-0.0491168000871284,2.1506551276222723,3984.699951171875,-0.2453385612248091,8.513091554920248,52.02755545329046
