VIX_Current,VIX_Momentum,VIX_Volatility,GVZ_Current,GVZ_Momentum,GVZ_Volatility,DXY_Current,DXY_Momentum,DXY_Volatility,GOLD_Current,GOLD_Momentum,GOLD_Volatility,Composite_Score
19.520000457763672,0.15392861466301924,110.82213542715817,20.1200008392334,-1.0816092020849928,34.41298475052655,99.86100006103516,0.08518990903696635,2.1468207388196276,4015.300048828125,0.31729253140506203,8.079361999427022,54.27846377797952
