VIX_Current,VIX_Momentum,VIX_Volatility,GVZ_Current,GVZ_Momentum,GVZ_Volatility,DXY_Current,DXY_Momentum,DXY_Volatility,GOLD_Current,GOLD_Momentum,GOLD_Volatility,Composite_Score
16.489999771118164,0.1214356927595908,86.7979323461221,25.190000534057617,-5.584706724419009,85.66462536783304,98.94100189208984,0.018201400813741442,1.9393880768389353,4138.2998046875,0.4222355008878972,18.59835503011708,56.65021096600765
