VIX_Current,VIX_Momentum,VIX_Volatility,GVZ_Current,GVZ_Momentum,GVZ_Volatility,DXY_Current,DXY_Momentum,DXY_Volatility,GOLD_Current,GOLD_Momentum,GOLD_Volatility,Composite_Score
16.399999618530273,0.9230745755709134,46.73416846675361,21.799999237060547,-0.8640315417700247,87.33891135343357,98.94200134277344,0.16298996333092694,2.596445868112484,4057.699951171875,-0.012320733478290454,7.829378324962874,54.0732952449464
