VIX_Current,VIX_Momentum,VIX_Volatility,GVZ_Current,GVZ_Momentum,GVZ_Volatility,DXY_Current,DXY_Momentum,DXY_Volatility,GOLD_Current,GOLD_Momentum,GOLD_Volatility,Composite_Score
19.420000076293945,-1.7703610185415122,170.2190786862076,26.09000015258789,4.863348201913712,94.11698142288708,98.8949966430664,0.07285611407706427,2.8575062719704873,4216.10009765625,-0.2224565694888179,12.388083680722145,59.36160704267083
