VIX_Current,VIX_Momentum,VIX_Volatility,GVZ_Current,GVZ_Momentum,GVZ_Volatility,DXY_Current,DXY_Momentum,DXY_Volatility,GOLD_Current,GOLD_Momentum,GOLD_Volatility,Composite_Score
20.31999969482422,-0.7812492724042223,80.57701996796952,24.309999465942383,-0.28711934878515266,68.45296904090344,99.53299713134766,0.146896568188802,2.793791999006034,4073.60009765625,-0.15930981702468094,14.599909587271032,48.06
