VIX_Current,VIX_Momentum,VIX_Volatility,GVZ_Current,GVZ_Momentum,GVZ_Volatility,DXY_Current,DXY_Momentum,DXY_Volatility,GOLD_Current,GOLD_Momentum,GOLD_Volatility,Composite_Score
27.34000015258789,8.063244968557393,138.25865315019809,32.77000045776367,6.430657627027929,102.53152223176075,98.26399993896484,0.12839007322004636,2.5981062324511717,4354.2001953125,-0.4185204045168668,11.530193915647576,66.92532381751518
