VIX_Current,VIX_Momentum,VIX_Volatility,GVZ_Current,GVZ_Momentum,GVZ_Volatility,DXY_Current,DXY_Momentum,DXY_Volatility,GOLD_Current,GOLD_Momentum,GOLD_Volatility,Composite_Score
20.760000228881836,-12.219870766442051,141.60181442008025,31.209999084472656,0.6125036231630087,102.8319311069337,98.52300262451172,0.09143678290100382,2.620567989114824,4260.39990234375,0.2541369644041644,16.05804887687981,60.27321478019237
