VIX_Current,VIX_Momentum,VIX_Volatility,GVZ_Current,GVZ_Momentum,GVZ_Volatility,DXY_Current,DXY_Momentum,DXY_Volatility,GOLD_Current,GOLD_Momentum,GOLD_Volatility,Composite_Score
20.510000228881836,1.7361130164624248,81.74021278887191,24.1299991607666,-0.33044166349169135,71.50001624793597,99.44599914550781,0.06540731484087367,2.8463729739845003,4072.199951171875,0.12785717167137942,14.916175848733873,50.55
