VIX_Current,VIX_Momentum,VIX_Volatility,GVZ_Current,GVZ_Momentum,GVZ_Volatility,DXY_Current,DXY_Momentum,DXY_Volatility,GOLD_Current,GOLD_Momentum,GOLD_Volatility,Composite_Score
17.829999923706055,-7.424715930332061,101.54638122791224,26.81999969482422,-1.722246994999937,96.98694709925418,98.9729995727539,-0.04847875560304467,1.8921986781034332,4161.5,0.4635153469763999,19.726115820752028,58.174848630731574
