VIX_Current,VIX_Momentum,VIX_Volatility,GVZ_Current,GVZ_Momentum,GVZ_Volatility,DXY_Current,DXY_Momentum,DXY_Volatility,GOLD_Current,GOLD_Momentum,GOLD_Volatility,Composite_Score
16.979999542236328,2.909088134765625,47.24704157879947,21.399999618530273,1.8077980613280629,91.88380404358558,99.24299621582031,0.31840814283304814,2.7346772102677406,4027.300048828125,-0.9054907099691624,8.970150702794458,53.27763119359089
