VIX_Current,VIX_Momentum,VIX_Volatility,GVZ_Current,GVZ_Momentum,GVZ_Volatility,DXY_Current,DXY_Momentum,DXY_Volatility,GOLD_Current,GOLD_Momentum,GOLD_Volatility,Composite_Score
19.520000457763672,0.15392861466301924,117.65659256470846,20.1200008392334,-1.0816092020849928,34.41298475052655,99.83699798583984,0.03506546164402662,2.1401215692183455,4015.39990234375,0.39754725200025,8.035750489230232,54.505077940495276
