VIX_Current,VIX_Momentum,VIX_Volatility,GVZ_Current,GVZ_Momentum,GVZ_Volatility,DXY_Current,DXY_Momentum,DXY_Volatility,GOLD_Current,GOLD_Momentum,GOLD_Volatility,Composite_Score
17.729999542236328,-1.335558042786385,127.22511550686446,23.329999923706055,3.230086415551001,81.63710158822697,99.62699890136719,0.029116376571497248,2.348448782897046,4123.39990234375,0.308942672241865,7.291678696243747,57.68
