VIX_Current,VIX_Momentum,VIX_Volatility,GVZ_Current,GVZ_Momentum,GVZ_Volatility,DXY_Current,DXY_Momentum,DXY_Volatility,GOLD_Current,GOLD_Momentum,GOLD_Volatility,Composite_Score
15.789999961853027,-1.2507805636519465,80.07125431066153,23.940000534057617,0.9700609804560713,80.77321048261638,98.65699768066406,-0.2547785439903735,2.5421243656021644,4006.60009765625,-2.16350494657218,17.845857704996966,49.907871535003764
