VIX_Current,VIX_Momentum,VIX_Volatility,GVZ_Current,GVZ_Momentum,GVZ_Volatility,DXY_Current,DXY_Momentum,DXY_Volatility,GOLD_Current,GOLD_Momentum,GOLD_Volatility,Composite_Score
17.260000228881836,-1.8760654965514834,77.31475640572255,21.489999771118164,-3.2417800226649023,61.94757176965741,99.87699890136719,0.08216918074696893,3.226927887706062,4023.800048828125,0.09950743697229673,13.200461267145258,53.990032897645555
