VIX_Current,VIX_Momentum,VIX_Volatility,GVZ_Current,GVZ_Momentum,GVZ_Volatility,DXY_Current,DXY_Momentum,DXY_Volatility,GOLD_Current,GOLD_Momentum,GOLD_Volatility,Composite_Score
17.25,-0.17361507785525276,46.83080965996536,19.93000030517578,-2.30391824580021,64.3082029810888,98.69499969482422,0.10751991699282873,2.7056497707281553,4020.199951171875,0.44222239030293564,9.754208150967823,54.18550503541782
