VIX_Current,VIX_Momentum,VIX_Volatility,GVZ_Current,GVZ_Momentum,GVZ_Volatility,DXY_Current,DXY_Momentum,DXY_Volatility,GOLD_Current,GOLD_Momentum,GOLD_Volatility,Composite_Score
17.389999389648438,6.621704224829984,47.5083841177419,20.170000076293945,3.065919217302859,65.93837168723783,98.51399993896484,0.02437006367744261,2.7372717266722764,3998.199951171875,-0.2693950817691444,8.784127513782343,56.06762417416202
