VIX_Current,VIX_Momentum,VIX_Volatility,GVZ_Current,GVZ_Momentum,GVZ_Volatility,DXY_Current,DXY_Momentum,DXY_Volatility,GOLD_Current,GOLD_Momentum,GOLD_Volatility,Composite_Score
17.209999084472656,6.894401718651393,67.78516015250608,23.5,-4.393815813906713,63.179224268303294,99.78199768066406,0.2119076206596138,3.0810378007255297,4029.5,0.17900084738762007,14.3832187360915,57.11746506295477
