VIX_Current,VIX_Momentum,VIX_Volatility,GVZ_Current,GVZ_Momentum,GVZ_Volatility,DXY_Current,DXY_Momentum,DXY_Volatility,GOLD_Current,GOLD_Momentum,GOLD_Volatility,Composite_Score
20.020000457763672,1.7276430249773502,60.134415594536215,24.84000015258789,-0.8383197240260605,95.18569581827646,99.26499938964844,0.08872766346075735,2.4934380869440145,4182.7998046875,-0.6106735253059284,10.884494563831272,44.77
