VIX_Current,VIX_Momentum,VIX_Volatility,GVZ_Current,GVZ_Momentum,GVZ_Volatility,DXY_Current,DXY_Momentum,DXY_Volatility,GOLD_Current,GOLD_Momentum,GOLD_Volatility,Composite_Score
19.290000915527344,2.442915526739701,114.47101717908714,21.43000030517578,-0.1863018605400293,41.74763241551773,100.1510009765625,0.011984379317719304,1.9633543316871227,3988.39990234375,0.3825619490252901,10.0778228329258,57.158817063686854
