VIX_Current,VIX_Momentum,VIX_Volatility,GVZ_Current,GVZ_Momentum,GVZ_Volatility,DXY_Current,DXY_Momentum,DXY_Volatility,GOLD_Current,GOLD_Momentum,GOLD_Volatility,Composite_Score
19.030000686645508,0.8479058839226286,108.40561861514573,21.43000030517578,-0.1863018605400293,41.74763241551773,100.14299774169922,-0.06885427446559331,2.0745689854291745,3979.60009765625,0.7825397438770858,11.20380991654939,58.1856379452382
