VIX_Current,VIX_Momentum,VIX_Volatility,GVZ_Current,GVZ_Momentum,GVZ_Volatility,DXY_Current,DXY_Momentum,DXY_Volatility,GOLD_Current,GOLD_Momentum,GOLD_Volatility,Composite_Score
16.389999389648438,-0.7268372960012107,37.97986832419791,19.969999313354492,1.887749615732512,65.13221139983038,98.48600006103516,0.09350455442160466,2.7792916346413685,4009.5,0.662797863384963,8.506521881935916,56.13424668106027
