VIX_Current,VIX_Momentum,VIX_Volatility,GVZ_Current,GVZ_Momentum,GVZ_Volatility,DXY_Current,DXY_Momentum,DXY_Volatility,GOLD_Current,GOLD_Momentum,GOLD_Volatility,Composite_Score
,,,23.030000686645508,-2.949847741652557,109.90262785886851,98.96700286865234,-0.015153653498840621,2.9047403285682396,4023.0,0.23920112348245495,10.158472774171923,
