VIX_Current,VIX_Momentum,VIX_Volatility,GVZ_Current,GVZ_Momentum,GVZ_Volatility,DXY_Current,DXY_Momentum,DXY_Volatility,GOLD_Current,GOLD_Momentum,GOLD_Volatility,Composite_Score
18.719999313354492,2.2392127764652963,111.03961130600388,31.549999237060547,2.9363772585046126,103.87541463973908,98.84200286865234,0.02631251625712795,2.3214300320001224,4282.5,-1.3135153819564467,19.05611473727756,59.52639159179656
