VIX_Current,VIX_Momentum,VIX_Volatility,GVZ_Current,GVZ_Momentum,GVZ_Volatility,DXY_Current,DXY_Momentum,DXY_Volatility,GOLD_Current,GOLD_Momentum,GOLD_Volatility,Composite_Score
17.299999237060547,-1.592722911607844,115.95173041585767,23.329999923706055,3.230086415551001,82.04047674723549,99.45700073242188,0.06841883256576764,2.500359085645055,4133.2001953125,0.3228304882160768,7.892379602583377,57.68
