VIX_Current,VIX_Momentum,VIX_Volatility,GVZ_Current,GVZ_Momentum,GVZ_Volatility,DXY_Current,DXY_Momentum,DXY_Volatility,GOLD_Current,GOLD_Momentum,GOLD_Volatility,Composite_Score
18.709999084472656,1.2445862983419482,112.00428648695313,31.549999237060547,2.9363772585046126,103.87541463973908,98.78600311279297,0.08003726157707491,2.3111060262160645,4280.60009765625,-1.785054295858964,19.307829025297643,57.76492315903866
