VIX_Current,VIX_Momentum,VIX_Volatility,GVZ_Current,GVZ_Momentum,GVZ_Volatility,DXY_Current,DXY_Momentum,DXY_Volatility,GOLD_Current,GOLD_Momentum,GOLD_Volatility,Composite_Score
18.579999923706055,-0.8537878834913274,108.28708069877702,31.549999237060547,2.9363772585046126,103.87541463973908,98.93299865722656,0.09409381098923085,2.284256858176557,4224.2998046875,-1.4763572051262925,19.295535316949987,58.273663683635974
