VIX_Current,VIX_Momentum,VIX_Volatility,GVZ_Current,GVZ_Momentum,GVZ_Volatility,DXY_Current,DXY_Momentum,DXY_Volatility,GOLD_Current,GOLD_Momentum,GOLD_Volatility,Composite_Score
20.8799991607666,9.376631712263523,113.90663092574265,25.079999923706055,0.11976322378933611,94.50097823741108,99.18000030517578,0.14135640988921738,2.5355534203142867,4166.7001953125,-1.047297696886656,11.019983644451276,44.62
