VIX_Current,VIX_Momentum,VIX_Volatility,GVZ_Current,GVZ_Momentum,GVZ_Volatility,DXY_Current,DXY_Momentum,DXY_Volatility,GOLD_Current,GOLD_Momentum,GOLD_Volatility,Composite_Score
17.530000686645508,-1.4060741864187556,107.7722101809908,25.780000686645508,0.11650752095342841,88.44741102649448,99.29399871826172,-0.2471390345619847,2.482040326311399,4228.2001953125,0.32745570635276583,9.472686469921355,50.16
