VIX_Current,VIX_Momentum,VIX_Volatility,GVZ_Current,GVZ_Momentum,GVZ_Volatility,DXY_Current,DXY_Momentum,DXY_Volatility,GOLD_Current,GOLD_Momentum,GOLD_Volatility,Composite_Score
16.43000030517578,1.1076941856971154,46.7288989450583,21.799999237060547,-0.8640315417700247,87.33891135343357,98.86199951171875,-0.13838628353566976,2.639375596721297,4057.89990234375,0.32386900112455097,7.410005708844124,55.00017461816288
