VIX_Current,VIX_Momentum,VIX_Volatility,GVZ_Current,GVZ_Momentum,GVZ_Volatility,DXY_Current,DXY_Momentum,DXY_Volatility,GOLD_Current,GOLD_Momentum,GOLD_Volatility,Composite_Score
17.459999084472656,-1.7445209077390693,81.7459146467593,26.06999969482422,5.889515865816556,88.89002391197477,99.50299835205078,0.035183206557714036,2.414123604897282,4201.89990234375,-0.02617410554960742,9.005654102197614,59.42
