VIX_Current,VIX_Momentum,VIX_Volatility,GVZ_Current,GVZ_Momentum,GVZ_Volatility,DXY_Current,DXY_Momentum,DXY_Volatility,GOLD_Current,GOLD_Momentum,GOLD_Volatility,Composite_Score
16.43000030517578,-3.1249929711500006,46.866528767648575,21.829999923706055,2.0570385535894538,86.23489458289238,99.3759994506836,0.02818363535259993,2.764353199186182,3980.60009765625,-0.3005560213016145,10.625259600480097,54.114787289737656
