VIX_Current,VIX_Momentum,VIX_Volatility,GVZ_Current,GVZ_Momentum,GVZ_Volatility,DXY_Current,DXY_Momentum,DXY_Volatility,GOLD_Current,GOLD_Momentum,GOLD_Volatility,Composite_Score
16.940000534057617,-2.866972389270158,49.05612688681895,19.93000030517578,-2.30391824580021,64.3082029810888,98.80699920654297,-0.07686258086214325,2.767959700735323,4056.199951171875,0.17782047843603357,7.1395290463603756,51.97658393127074
