VIX_Current,VIX_Momentum,VIX_Volatility,GVZ_Current,GVZ_Momentum,GVZ_Volatility,DXY_Current,DXY_Momentum,DXY_Volatility,GOLD_Current,GOLD_Momentum,GOLD_Volatility,Composite_Score
16.229999542236328,-1.0968940088330814,45.49077696229484,17.790000915527344,-2.9459847813765356,57.316499054812674,97.66600036621094,-0.062415720236425595,2.562800686883803,3913.0,0.37451513497813044,9.453122615988635,51.221718436132875
