VIX_Current,VIX_Momentum,VIX_Volatility,GVZ_Current,GVZ_Momentum,GVZ_Volatility,DXY_Current,DXY_Momentum,DXY_Volatility,GOLD_Current,GOLD_Momentum,GOLD_Volatility,Composite_Score
16.8700008392334,4.135802745310336,67.77587404218235,23.81999969482422,-2.256877823014802,63.02255861682309,99.83100128173828,0.2832752418036452,3.116256401038162,4030.39990234375,0.28863972764724877,14.443942704336898,58.00269680657494
