VIX_Current,VIX_Momentum,VIX_Volatility,GVZ_Current,GVZ_Momentum,GVZ_Volatility,DXY_Current,DXY_Momentum,DXY_Volatility,GOLD_Current,GOLD_Momentum,GOLD_Volatility,Composite_Score
17.780000686645508,-3.995679010947069,109.50794405292814,29.520000457763672,-5.263155961743826,115.65956489389342,98.81300354003906,-0.09402330657961816,2.2925051590935266,4148.2998046875,-1.7781905429929488,19.569855524278196,51.09949538671588
