VIX_Current,VIX_Momentum,VIX_Volatility,GVZ_Current,GVZ_Momentum,GVZ_Volatility,DXY_Current,DXY_Momentum,DXY_Volatility,GOLD_Current,GOLD_Momentum,GOLD_Volatility,Composite_Score
18.93000030517578,-6.472329450377319,109.89726946332412,20.09000015258789,-0.9368862308901872,34.68384125134884,99.73799896240234,-0.05411341048508109,2.157374595802928,3990.10009765625,0.025068310534186358,8.54772796116956,51.537067414588066
