VIX_Current,VIX_Momentum,VIX_Volatility,GVZ_Current,GVZ_Momentum,GVZ_Volatility,DXY_Current,DXY_Momentum,DXY_Volatility,GOLD_Current,GOLD_Momentum,GOLD_Volatility,Composite_Score
16.360000610351562,-1.1480280088685377,86.88140371717489,24.739999771118164,-1.7864261746681542,82.13315354953426,98.9229965209961,0.014154363555020748,1.9022101163754226,4089.89990234375,0.02689917585821358,17.877462790943834,56.49979775773434
