VIX_Current,VIX_Momentum,VIX_Volatility,GVZ_Current,GVZ_Momentum,GVZ_Volatility,DXY_Current,DXY_Momentum,DXY_Volatility,GOLD_Current,GOLD_Momentum,GOLD_Volatility,Composite_Score
,,,23.760000228881836,3.484325680788911,116.09936322435443,99.26300048828125,0.016120225363364254,3.211310616654331,4115.7998046875,0.5521316765665139,13.153457783673709,
