VIX_Current,VIX_Momentum,VIX_Volatility,GVZ_Current,GVZ_Momentum,GVZ_Volatility,DXY_Current,DXY_Momentum,DXY_Volatility,GOLD_Current,GOLD_Momentum,GOLD_Volatility,Composite_Score
16.520000457763672,0.609015718666775,45.59765549150241,21.799999237060547,-0.8640315417700247,87.33891135343357,98.96199798583984,-0.0373767040790777,2.6222798892015207,4063.10009765625,0.13061384899080059,7.345343188923821,54.313543818794315
