VIX_Current,VIX_Momentum,VIX_Volatility,GVZ_Current,GVZ_Momentum,GVZ_Volatility,DXY_Current,DXY_Momentum,DXY_Volatility,GOLD_Current,GOLD_Momentum,GOLD_Volatility,Composite_Score
16.84000015258789,-0.05934853801447615,47.51112285601669,17.670000076293945,-0.7860718351853679,54.50915274742458,98.26100158691406,-0.1402458209645172,3.024018902512886,3959.300048828125,-0.1865505945707807,8.399244011640189,50.990771392095446
