VIX_Current,VIX_Momentum,VIX_Volatility,GVZ_Current,GVZ_Momentum,GVZ_Volatility,DXY_Current,DXY_Momentum,DXY_Volatility,GOLD_Current,GOLD_Momentum,GOLD_Volatility,Composite_Score
19.059999465942383,4.552934418802712,110.91018925719256,21.25,-0.1878859267599658,41.72820130266804,100.18299865722656,0.03294770928099262,2.472949009874726,3945.300048828125,-0.5344750074845581,11.534732332106232,54.660535547345894
