VIX_Current,VIX_Momentum,VIX_Volatility,GVZ_Current,GVZ_Momentum,GVZ_Volatility,DXY_Current,DXY_Momentum,DXY_Volatility,GOLD_Current,GOLD_Momentum,GOLD_Volatility,Composite_Score
17.139999389648438,0.1168139569783722,92.35532708629457,26.68000030517578,-0.44775722127194817,91.12952468689723,99.04399871826172,-0.01615065690120573,1.849191573910886,4077.800048828125,-0.9882226823327668,18.89077206525865,55.47552663065111
