VIX_Current,VIX_Momentum,VIX_Volatility,GVZ_Current,GVZ_Momentum,GVZ_Volatility,DXY_Current,DXY_Momentum,DXY_Volatility,GOLD_Current,GOLD_Momentum,GOLD_Volatility,Composite_Score
20.540000915527344,7.595603726293774,115.39803668089841,24.84000015258789,-0.8383197240260605,95.18569581827646,99.20099639892578,0.020161767995512565,2.4677954836347635,4196.7998046875,0.5341910333572883,10.820605532831182,53.95
