VIX_Current,VIX_Momentum,VIX_Volatility,GVZ_Current,GVZ_Momentum,GVZ_Volatility,DXY_Current,DXY_Momentum,DXY_Volatility,GOLD_Current,GOLD_Momentum,GOLD_Volatility,Composite_Score
16.739999771118164,1.3317149349781174,46.27669121644638,21.5,2.380952380952381,90.30608965810517,99.38600158691406,0.4436748935804042,2.800820664146287,4035.10009765625,-0.9280808660617489,8.912519863360417,53.182447240342945
