VIX_Current,VIX_Momentum,VIX_Volatility,GVZ_Current,GVZ_Momentum,GVZ_Volatility,DXY_Current,DXY_Momentum,DXY_Volatility,GOLD_Current,GOLD_Momentum,GOLD_Volatility,Composite_Score
,,,23.799999237060547,4.385965059044991,108.94042902085208,99.23300170898438,0.05343960843467333,3.213708877578983,4093.699951171875,-0.08054793332011227,13.298172272088344,
