VIX_Current,VIX_Momentum,VIX_Volatility,GVZ_Current,GVZ_Momentum,GVZ_Volatility,DXY_Current,DXY_Momentum,DXY_Volatility,GOLD_Current,GOLD_Momentum,GOLD_Volatility,Composite_Score
17.100000381469727,-0.40768604841688394,89.33457664764641,26.68000030517578,-0.44775722127194817,91.12952468689723,99.0270004272461,-0.002018501025698985,1.8226683410644144,4076.39990234375,-0.06374350714023046,18.63444630904838,58.36312994303344
