VIX_Current,VIX_Momentum,VIX_Volatility,GVZ_Current,GVZ_Momentum,GVZ_Volatility,DXY_Current,DXY_Momentum,DXY_Volatility,GOLD_Current,GOLD_Momentum,GOLD_Volatility,Composite_Score
19.829999923706055,-1.5392228169665012,77.22282218525898,24.1299991607666,-0.33044166349169135,71.50001624793597,99.29900360107422,-0.03221318646864902,2.901765657812189,4094.199951171875,-0.1779848550073144,13.962229904083948,47.27
