VIX_Current,VIX_Momentum,VIX_Volatility,GVZ_Current,GVZ_Momentum,GVZ_Volatility,DXY_Current,DXY_Momentum,DXY_Volatility,GOLD_Current,GOLD_Momentum,GOLD_Volatility,Composite_Score
18.200000762939453,2.4198103213211515,111.02401027488162,29.850000381469727,1.2550910616646858,110.79159833024707,99.08999633789062,0.10506160142984285,2.05836903907627,4054.699951171875,-2.209195133744766,20.801697632725705,55.17194563172856
