VIX_Current,VIX_Momentum,VIX_Volatility,GVZ_Current,GVZ_Momentum,GVZ_Volatility,DXY_Current,DXY_Momentum,DXY_Volatility,GOLD_Current,GOLD_Momentum,GOLD_Volatility,Composite_Score
18.809999465942383,4.210527761803952,109.24904437993912,21.489999771118164,-0.046512692473655526,42.26376504674428,100.2239990234375,0.11187421314628697,2.4486032373066586,3948.60009765625,-0.7739811389491118,11.359924153057687,53.93196093730488
