VIX_Current,VIX_Momentum,VIX_Volatility,GVZ_Current,GVZ_Momentum,GVZ_Volatility,DXY_Current,DXY_Momentum,DXY_Volatility,GOLD_Current,GOLD_Momentum,GOLD_Volatility,Composite_Score
16.59000015258789,1.4678884741199627,47.58647064628217,21.829999923706055,2.0570385535894538,86.23489458289238,99.30000305175781,0.035262844229690546,2.74364422075159,3999.300048828125,-0.14481657603312184,10.198305805354881,55.81133710227214
