VIX_Current,VIX_Momentum,VIX_Volatility,GVZ_Current,GVZ_Momentum,GVZ_Volatility,DXY_Current,DXY_Momentum,DXY_Volatility,GOLD_Current,GOLD_Momentum,GOLD_Volatility,Composite_Score
17.299999237060547,-1.592722911607844,115.95173041585767,23.329999923706055,3.230086415551001,82.04047674723549,99.51100158691406,0.04725800407994358,2.450961902158161,4125.39990234375,-0.5616287480853966,7.976487512842849,54.74
