VIX_Current,VIX_Momentum,VIX_Volatility,GVZ_Current,GVZ_Momentum,GVZ_Volatility,DXY_Current,DXY_Momentum,DXY_Volatility,GOLD_Current,GOLD_Momentum,GOLD_Volatility,Composite_Score
17.299999237060547,-1.9274385734242747,72.3487526206965,22.65999984741211,-3.8608394535191186,60.37325742531492,99.89800262451172,0.005010243886605045,3.3161993963782934,4017.800048828125,-0.30025196180649166,13.72504369092978,53.01659490582084
