VIX_Current,VIX_Momentum,VIX_Volatility,GVZ_Current,GVZ_Momentum,GVZ_Volatility,DXY_Current,DXY_Momentum,DXY_Volatility,GOLD_Current,GOLD_Momentum,GOLD_Volatility,Composite_Score
18.719999313354492,0.6992961791261983,103.22446273176584,27.190000534057617,0.44329826592625554,112.2498693276724,99.06900024414062,0.008079097833561805,1.8721622285541968,4125.0,-0.06541645915966467,20.175223556096668,60.071779768510204
