VIX_Current,VIX_Momentum,VIX_Volatility,GVZ_Current,GVZ_Momentum,GVZ_Volatility,DXY_Current,DXY_Momentum,DXY_Volatility,GOLD_Current,GOLD_Momentum,GOLD_Volatility,Composite_Score
20.530000686645508,-0.6773071559346547,178.94462800898864,27.1200008392334,3.3142889113653276,82.8641227490654,98.66300201416016,0.16243532154982754,2.5930183107637426,4244.5,-0.07298468747000403,11.147302688101048,59.84563438680618
