VIX_Current,VIX_Momentum,VIX_Volatility,GVZ_Current,GVZ_Momentum,GVZ_Volatility,DXY_Current,DXY_Momentum,DXY_Volatility,GOLD_Current,GOLD_Momentum,GOLD_Volatility,Composite_Score
19.25,-11.575564560289125,121.75471200794053,20.350000381469727,-0.9250269016005014,36.762134121947184,99.61599731445312,-0.023085964858950116,2.3530923448032315,4077.0,0.5946383635656327,7.804858538867901,52.95
