VIX_Current,VIX_Momentum,VIX_Volatility,GVZ_Current,GVZ_Momentum,GVZ_Volatility,DXY_Current,DXY_Momentum,DXY_Volatility,GOLD_Current,GOLD_Momentum,GOLD_Volatility,Composite_Score
16.809999465942383,1.7554418894850827,46.27211917964436,21.420000076293945,2.0000003633045016,90.38525760278216,99.44200134277344,0.47285380398251103,2.8342670901296314,4023.0,-1.0015491217588073,9.098573729854348,52.90188331813716
