VIX_Current,VIX_Momentum,VIX_Volatility,GVZ_Current,GVZ_Momentum,GVZ_Volatility,DXY_Current,DXY_Momentum,DXY_Volatility,GOLD_Current,GOLD_Momentum,GOLD_Volatility,Composite_Score
15.670000076293945,-1.2602382527244167,77.17216853032018,23.940000534057617,0.9700609804560713,59.966366272794225,98.90499877929688,0.2229327923654255,2.022434753076379,3939.89990234375,0.5332968191821893,14.526767454379874,58.11476882953758
