VIX_Current,VIX_Momentum,VIX_Volatility,GVZ_Current,GVZ_Momentum,GVZ_Volatility,DXY_Current,DXY_Momentum,DXY_Volatility,GOLD_Current,GOLD_Momentum,GOLD_Volatility,Composite_Score
16.899999618530273,0.11848613008321712,47.965341649940676,17.670000076293945,-0.7860718351853679,54.50915274742458,98.38600158691406,0.0010158567483790298,2.9834170783272955,3960.0,-0.14373127674953445,10.190641013469293,51.649854009393664
