VIX_Current,VIX_Momentum,VIX_Volatility,GVZ_Current,GVZ_Momentum,GVZ_Volatility,DXY_Current,DXY_Momentum,DXY_Volatility,GOLD_Current,GOLD_Momentum,GOLD_Volatility,Composite_Score
16.299999237060547,-1.271962379830395,47.90703589469169,21.799999237060547,-0.8640315417700247,87.33891135343357,98.99800109863281,0.20852020621112355,2.641078027197382,4044.800048828125,0.06432382582895745,8.188088765013068,53.870963616681934
