VIX_Current,VIX_Momentum,VIX_Volatility,GVZ_Current,GVZ_Momentum,GVZ_Volatility,DXY_Current,DXY_Momentum,DXY_Volatility,GOLD_Current,GOLD_Momentum,GOLD_Volatility,Composite_Score
16.219999313354492,-1.9347133280533373,38.135218481275416,19.510000228881836,0.41173403216439597,65.73462441632724,98.44000244140625,0.015239409889121277,2.7943720232563316,3999.89990234375,0.5581102507577185,8.558301044735984,54.45396714603835
