VIX_Current,VIX_Momentum,VIX_Volatility,GVZ_Current,GVZ_Momentum,GVZ_Volatility,DXY_Current,DXY_Momentum,DXY_Volatility,GOLD_Current,GOLD_Momentum,GOLD_Volatility,Composite_Score
19.950000762939453,-1.917401114664285,173.40227504797537,27.1200008392334,3.3142889113653276,82.8641227490654,98.6510009765625,0.015206810299605102,2.526481975758341,4260.5,0.37695841677464953,10.02358797422993,60.57797441671312
