VIX_Current,VIX_Momentum,VIX_Volatility,GVZ_Current,GVZ_Momentum,GVZ_Volatility,DXY_Current,DXY_Momentum,DXY_Volatility,GOLD_Current,GOLD_Momentum,GOLD_Volatility,Composite_Score
21.350000381469727,-9.725155493273027,141.45921943356484,31.389999389648438,1.1927753914399521,102.56934981938248,98.41699981689453,-0.0253972141340883,2.543197394573561,4244.5,0.656900886821987,13.960284741872286,61.6947427632933
