VIX_Current,VIX_Momentum,VIX_Volatility,GVZ_Current,GVZ_Momentum,GVZ_Volatility,DXY_Current,DXY_Momentum,DXY_Volatility,GOLD_Current,GOLD_Momentum,GOLD_Volatility,Composite_Score
16.170000076293945,-4.432624093488039,67.8583604480889,24.81999969482422,1.2647876909323277,61.368993768402945,99.5469970703125,-0.048199357198909526,3.124365184062433,4019.0,-0.1465850701110458,14.649927344435772,56.30148337675249
