VIX_Current,VIX_Momentum,VIX_Volatility,GVZ_Current,GVZ_Momentum,GVZ_Volatility,DXY_Current,DXY_Momentum,DXY_Volatility,GOLD_Current,GOLD_Momentum,GOLD_Volatility,Composite_Score
17.15999984741211,-5.662455505248669,77.86572231771738,21.530000686645508,-3.061676838620608,61.8864671963003,99.86699676513672,0.07214649783300574,3.22770650188405,4017.300048828125,-0.062192148107685453,13.1789168593889,52.57779774492016
