VIX_Current,VIX_Momentum,VIX_Volatility,GVZ_Current,GVZ_Momentum,GVZ_Volatility,DXY_Current,DXY_Momentum,DXY_Volatility,GOLD_Current,GOLD_Momentum,GOLD_Volatility,Composite_Score
19.399999618530273,2.7542398351598116,113.58089561083776,21.43000030517578,-0.1863018605400293,41.74763241551773,100.14299774169922,0.003992253504440505,1.9628999362704302,3975.0,0.04530476316939662,10.225159028960503,56.09635232031925
