VIX_Current,VIX_Momentum,VIX_Volatility,GVZ_Current,GVZ_Momentum,GVZ_Volatility,DXY_Current,DXY_Momentum,DXY_Volatility,GOLD_Current,GOLD_Momentum,GOLD_Volatility,Composite_Score
24.81999969482422,0.935337701541749,140.2649987684534,32.7599983215332,5.541228593023185,103.31013119311407,98.4990005493164,0.1627062174458584,2.5952350241205417,4254.7001953125,-1.0235652174110588,13.157601043552017,62.447726373782025
