VIX_Current,VIX_Momentum,VIX_Volatility,GVZ_Current,GVZ_Momentum,GVZ_Volatility,DXY_Current,DXY_Momentum,DXY_Volatility,GOLD_Current,GOLD_Momentum,GOLD_Volatility,Composite_Score
16.40999984741211,-2.263258173880208,47.28733687658711,21.780000686645508,0.4149384526135556,89.5550409295216,99.3290023803711,0.004032652657410564,2.733545587330911,3993.199951171875,-0.41895383611284287,10.52989468588656,53.09947874664968
