VIX_Current,VIX_Momentum,VIX_Volatility,GVZ_Current,GVZ_Momentum,GVZ_Volatility,DXY_Current,DXY_Momentum,DXY_Volatility,GOLD_Current,GOLD_Momentum,GOLD_Volatility,Composite_Score
16.329999923706055,0.0,44.61693768247993,24.059999465942383,-1.8359884077405513,59.42728622241833,98.83599853515625,-0.1323717296662615,2.4249395191035736,4031.5,0.04218450422544785,14.965697697889397,55.87523041916333
