VIX_Current,VIX_Momentum,VIX_Volatility,GVZ_Current,GVZ_Momentum,GVZ_Volatility,DXY_Current,DXY_Momentum,DXY_Volatility,GOLD_Current,GOLD_Momentum,GOLD_Volatility,Composite_Score
16.8700008392334,-0.41322132595855243,47.524917724418714,19.93000030517578,-2.30391824580021,64.3082029810888,98.83200073242188,0.022268165541727947,2.865186351524115,4056.5,0.0,7.322440600052738,52.08838935248074
