VIX_Current,VIX_Momentum,VIX_Volatility,GVZ_Current,GVZ_Momentum,GVZ_Volatility,DXY_Current,DXY_Momentum,DXY_Volatility,GOLD_Current,GOLD_Momentum,GOLD_Volatility,Composite_Score
16.65999984741211,1.9583824469765259,46.88309768660304,17.670000076293945,-0.7860718351853679,54.50915274742458,98.12300109863281,0.08567981368025694,2.9805063728115977,3955.199951171875,0.30177521863410894,8.869844226094752,53.22278693431041
