VIX_Current,VIX_Momentum,VIX_Volatility,GVZ_Current,GVZ_Momentum,GVZ_Volatility,DXY_Current,DXY_Momentum,DXY_Volatility,GOLD_Current,GOLD_Momentum,GOLD_Volatility,Composite_Score
,,,22.989999771118164,-3.1184146034266043,109.9423899955186,98.9520034790039,-0.2932123655190684,2.9280606182507416,4018.89990234375,0.3295292042034584,10.223368979161398,
