VIX_Current,VIX_Momentum,VIX_Volatility,GVZ_Current,GVZ_Momentum,GVZ_Volatility,DXY_Current,DXY_Momentum,DXY_Volatility,GOLD_Current,GOLD_Momentum,GOLD_Volatility,Composite_Score
17.25,-0.17361507785525276,46.83080965996536,19.93000030517578,-2.30391824580021,64.3082029810888,98.58499908447266,0.09544199224565766,2.7324830859470515,4007.89990234375,0.2000050050080599,8.645065864909656,53.1272183981316
