VIX_Current,VIX_Momentum,VIX_Volatility,GVZ_Current,GVZ_Momentum,GVZ_Volatility,DXY_Current,DXY_Momentum,DXY_Volatility,GOLD_Current,GOLD_Momentum,GOLD_Volatility,Composite_Score
20.75,3.8538562332593873,168.25327961105455,29.479999542236328,9.38775030676818,102.72587699323455,98.46399688720703,-0.1581888613163792,2.5744708958424645,4286.89990234375,0.7236626014613905,10.002837914166438,67.46359851097235
