VIX_Current,VIX_Momentum,VIX_Volatility,GVZ_Current,GVZ_Momentum,GVZ_Volatility,DXY_Current,DXY_Momentum,DXY_Volatility,GOLD_Current,GOLD_Momentum,GOLD_Volatility,Composite_Score
18.489999771118164,3.4694958185092215,110.03570183429458,27.600000381469727,-8.244679350154652,119.82729530099374,98.99400329589844,-0.09385155654296418,2.069235795551563,4088.300048828125,0.9581441863964688,21.051489554789143,60.11809395697217
