VIX_Current,VIX_Momentum,VIX_Volatility,GVZ_Current,GVZ_Momentum,GVZ_Volatility,DXY_Current,DXY_Momentum,DXY_Volatility,GOLD_Current,GOLD_Momentum,GOLD_Volatility,Composite_Score
17.530000686645508,-7.248671743578063,100.91545830570605,26.75,-1.618243933119758,95.34304771423778,99.00900268554688,-0.012119688900761167,1.8903485525232917,4149.2998046875,0.16898825121442623,19.7394093220869,57.20863522336268
