VIX_Current,VIX_Momentum,VIX_Volatility,GVZ_Current,GVZ_Momentum,GVZ_Volatility,DXY_Current,DXY_Momentum,DXY_Volatility,GOLD_Current,GOLD_Momentum,GOLD_Volatility,Composite_Score
17.440000534057617,-3.7527608922812274,78.48831005321408,22.65999984741211,-3.8608394535191186,60.37325742531492,99.7750015258789,0.02506418634476817,3.3284094275270224,4037.699951171875,0.6029637765510154,13.842647849842816,55.61081631175915
