VIX_Current,VIX_Momentum,VIX_Volatility,GVZ_Current,GVZ_Momentum,GVZ_Volatility,DXY_Current,DXY_Momentum,DXY_Volatility,GOLD_Current,GOLD_Momentum,GOLD_Volatility,Composite_Score
22.6200008392334,10.719532556750856,86.91736210765033,23.979999542236328,-0.7039340744482017,62.511469349508666,99.552001953125,0.09954352359525186,2.7556295025743593,4041.39990234375,-0.7295373388042836,15.729133394190727,47.33
