VIX_Current,VIX_Momentum,VIX_Volatility,GVZ_Current,GVZ_Momentum,GVZ_Volatility,DXY_Current,DXY_Momentum,DXY_Volatility,GOLD_Current,GOLD_Momentum,GOLD_Volatility,Composite_Score
17.350000381469727,5.343054673971338,60.38259983242511,24.81999969482422,1.2647876909323277,61.368993768402945,99.51300048828125,0.015075066315722804,3.1735169185366736,4013.199951171875,-0.4662710522848462,14.95719539935986,58.06756683731198
