VIX_Current,VIX_Momentum,VIX_Volatility,GVZ_Current,GVZ_Momentum,GVZ_Volatility,DXY_Current,DXY_Momentum,DXY_Volatility,GOLD_Current,GOLD_Momentum,GOLD_Volatility,Composite_Score
26.950000762939453,9.597399738540433,139.9495846525776,32.77000045776367,6.430657627027929,102.53152223176075,98.23600006103516,0.18050556964717931,2.591650338343631,4347.7998046875,-0.6988876836003449,11.642054841477565,66.3171590471998
