VIX_Current,VIX_Momentum,VIX_Volatility,GVZ_Current,GVZ_Momentum,GVZ_Volatility,DXY_Current,DXY_Momentum,DXY_Volatility,GOLD_Current,GOLD_Momentum,GOLD_Volatility,Composite_Score
25.299999237060547,12.745091956046325,165.63140479816923,32.77000045776367,6.430657627027929,102.53152223176075,98.21800231933594,-0.03866876937806176,2.5308311102680587,4355.7001953125,-0.5275328949789369,11.222299059580537,66.36831706050354
