VIX_Current,VIX_Momentum,VIX_Volatility,GVZ_Current,GVZ_Momentum,GVZ_Volatility,DXY_Current,DXY_Momentum,DXY_Volatility,GOLD_Current,GOLD_Momentum,GOLD_Volatility,Composite_Score
18.739999771118164,1.4069276803151503,112.02648322124004,31.549999237060547,2.9363772585046126,103.87541463973908,98.84600067138672,0.03035822004783659,2.32146291490445,4290.89990234375,-1.1199469444924532,19.048095301163574,59.96997245292012
