VIX_Current,VIX_Momentum,VIX_Volatility,GVZ_Current,GVZ_Momentum,GVZ_Volatility,DXY_Current,DXY_Momentum,DXY_Volatility,GOLD_Current,GOLD_Momentum,GOLD_Volatility,Composite_Score
15.960000038146973,1.785712547969574,82.40115445915983,23.729999542236328,-4.0824585215272515,83.2433137773055,98.87899780273438,0.06071459784608325,1.926610958570768,4005.300048828125,-1.3497216204043614,17.815745787406712,50.89548432238558
