VIX_Current,VIX_Momentum,VIX_Volatility,GVZ_Current,GVZ_Momentum,GVZ_Volatility,DXY_Current,DXY_Momentum,DXY_Volatility,GOLD_Current,GOLD_Momentum,GOLD_Volatility,Composite_Score
19.06999969482422,-2.405328550059797,108.57455119879691,21.420000076293945,-3.7735855523397968,43.46247901977756,100.16600036621094,0.17301626807663684,2.506785692471735,3955.10009765625,-1.2212762823114387,11.717442144457134,49.08324886530574
