VIX_Current,VIX_Momentum,VIX_Volatility,GVZ_Current,GVZ_Momentum,GVZ_Volatility,DXY_Current,DXY_Momentum,DXY_Volatility,GOLD_Current,GOLD_Momentum,GOLD_Volatility,Composite_Score
16.920000076293945,3.296709054911033,62.970945397588316,24.81999969482422,1.2647876909323277,61.368993768402945,99.50399780273438,0.0020089057398424127,3.15043760101148,4021.300048828125,-0.06461029296754366,14.833066460742003,58.7498934616582
