VIX_Current,VIX_Momentum,VIX_Volatility,GVZ_Current,GVZ_Momentum,GVZ_Volatility,DXY_Current,DXY_Momentum,DXY_Volatility,GOLD_Current,GOLD_Momentum,GOLD_Volatility,Composite_Score
16.479999542236328,0.9185524753893041,45.98583303662792,21.799999237060547,-0.8640315417700247,87.33891135343357,98.97100067138672,-0.07571931228377533,2.6351420102884164,4054.5,0.08145855222896138,7.860131324927007,54.305257471219804
