VIX_Current,VIX_Momentum,VIX_Volatility,GVZ_Current,GVZ_Momentum,GVZ_Volatility,DXY_Current,DXY_Momentum,DXY_Volatility,GOLD_Current,GOLD_Momentum,GOLD_Volatility,Composite_Score
18.3700008392334,-5.987717612460354,111.12065088361958,21.239999771118164,-3.102191162449805,42.6871550740834,100.16200256347656,0.06094308741827063,2.480739689038186,3966.5,-0.9786042801435236,11.319180189672801,48.9832256812349
