VIX_Current,VIX_Momentum,VIX_Volatility,GVZ_Current,GVZ_Momentum,GVZ_Volatility,DXY_Current,DXY_Momentum,DXY_Volatility,GOLD_Current,GOLD_Momentum,GOLD_Volatility,Composite_Score
16.43000030517578,2.2402029694344705,74.67549165760978,24.059999465942383,-1.8359884077405513,59.42728622241833,98.73100280761719,0.06486767697551615,2.0678192246001306,3967.0,-0.11582479462030036,14.531989848217933,55.694692746488144
