VIX_Current,VIX_Momentum,VIX_Volatility,GVZ_Current,GVZ_Momentum,GVZ_Volatility,DXY_Current,DXY_Momentum,DXY_Volatility,GOLD_Current,GOLD_Momentum,GOLD_Volatility,Composite_Score
16.93000030517578,1.3772427049628753,47.03868865062315,24.670000076293945,-1.2409906790359782,70.87397624930276,99.01599884033203,-0.12306244562965553,3.0476188879714603,3944.699951171875,-0.2099683488015431,14.74307192267221,55.96394006414908
