VIX_Current,VIX_Momentum,VIX_Volatility,GVZ_Current,GVZ_Momentum,GVZ_Volatility,DXY_Current,DXY_Momentum,DXY_Volatility,GOLD_Current,GOLD_Momentum,GOLD_Volatility,Composite_Score
16.43000030517578,-3.1249929711500006,46.25336445245496,21.829999923706055,2.0570385535894538,86.23489458289238,99.33599853515625,-0.012079797931781933,2.76281607218142,3985.699951171875,-0.17282338114517273,10.582264492371744,54.5270748695241
