VIX_Current,VIX_Momentum,VIX_Volatility,GVZ_Current,GVZ_Momentum,GVZ_Volatility,DXY_Current,DXY_Momentum,DXY_Volatility,GOLD_Current,GOLD_Momentum,GOLD_Volatility,Composite_Score
20.639999389648438,1.4250565245334237,162.0433091363103,27.1200008392334,3.3142889113653276,82.8641227490654,98.60299682617188,-0.06385537044697986,2.6842983932307005,4246.0,0.43998907332939463,9.773654201535406,61.72097452544116
