VIX_Current,VIX_Momentum,VIX_Volatility,GVZ_Current,GVZ_Momentum,GVZ_Volatility,DXY_Current,DXY_Momentum,DXY_Volatility,GOLD_Current,GOLD_Momentum,GOLD_Volatility,Composite_Score
17.520000457763672,-0.34129389193839244,80.55320824927898,25.780000686645508,0.11650752095342841,88.44741102649448,99.51599884033203,0.028143975375631965,2.3704322610176223,4202.2998046875,-0.02379083211920322,8.905571301385743,56.73
