VIX_Current,VIX_Momentum,VIX_Volatility,GVZ_Current,GVZ_Momentum,GVZ_Volatility,DXY_Current,DXY_Momentum,DXY_Volatility,GOLD_Current,GOLD_Momentum,GOLD_Volatility,Composite_Score
20.110000610351562,-3.363762006512482,115.79404479138586,31.209999084472656,0.6125036231630087,113.14968662730296,98.5780029296875,0.07715988423383921,2.3992819291878025,4325.39990234375,1.1694812448442609,16.856322863905724,64.95030738977638
