VIX_Current,VIX_Momentum,VIX_Volatility,GVZ_Current,GVZ_Momentum,GVZ_Volatility,DXY_Current,DXY_Momentum,DXY_Volatility,GOLD_Current,GOLD_Momentum,GOLD_Volatility,Composite_Score
23.3799991607666,-3.508049515180779,139.35438399563387,31.200000762939453,1.10175031063947,105.20421540282389,98.4800033569336,-0.018272189789106864,2.564596258267733,4232.7001953125,-0.7037792625667095,13.994754609986881,59.11018044901107
