VIX_Current,VIX_Momentum,VIX_Volatility,GVZ_Current,GVZ_Momentum,GVZ_Volatility,DXY_Current,DXY_Momentum,DXY_Volatility,GOLD_Current,GOLD_Momentum,GOLD_Volatility,Composite_Score
16.420000076293945,-0.4848480224609375,47.1436947573114,21.799999237060547,-0.8640315417700247,87.33891135343357,98.98899841308594,0.21056699854480695,2.5800005034799205,4057.89990234375,-0.007393643283603011,7.828697326618069,53.77539903527232
