VIX_Current,VIX_Momentum,VIX_Volatility,GVZ_Current,GVZ_Momentum,GVZ_Volatility,DXY_Current,DXY_Momentum,DXY_Volatility,GOLD_Current,GOLD_Momentum,GOLD_Volatility,Composite_Score
16.280000686645508,0.9925548330164871,75.64134020500872,24.600000381469727,0.9437814292810799,59.57548541775206,98.68499755859375,0.005064099516127224,2.276579819717131,3970.10009765625,0.13872773708630617,14.55172951879719,57.86651337697863
