VIX_Current,VIX_Momentum,VIX_Volatility,GVZ_Current,GVZ_Momentum,GVZ_Volatility,DXY_Current,DXY_Momentum,DXY_Volatility,GOLD_Current,GOLD_Momentum,GOLD_Volatility,Composite_Score
17.299999237060547,-1.592722911607844,115.95173041585767,23.329999923706055,3.230086415551001,82.04047674723549,99.53399658203125,0.08244489820122523,2.4636687063435745,4139.5,0.15241953909333175,7.941042207433193,57.14
