VIX_Current,VIX_Momentum,VIX_Volatility,GVZ_Current,GVZ_Momentum,GVZ_Volatility,DXY_Current,DXY_Momentum,DXY_Volatility,GOLD_Current,GOLD_Momentum,GOLD_Volatility,Composite_Score
16.43000030517578,-4.142351865551724,89.51316540497695,26.68000030517578,-0.44775722127194817,82.5428956881857,98.90799713134766,-0.11916450634290779,1.9597292332740748,4131.7001953125,1.3789766976444608,19.029203393005943,62.08450189115179
