VIX_Current,VIX_Momentum,VIX_Volatility,GVZ_Current,GVZ_Momentum,GVZ_Volatility,DXY_Current,DXY_Momentum,DXY_Volatility,GOLD_Current,GOLD_Momentum,GOLD_Volatility,Composite_Score
19.93000030517578,-2.3517861137916167,171.97073806331892,27.1200008392334,3.3142889113653276,82.8641227490654,98.58100128173828,-0.007096355506826044,2.4903629702853713,4253.2001953125,0.13184145229067193,10.824794755985218,59.77289151970674
