VIX_Current,VIX_Momentum,VIX_Volatility,GVZ_Current,GVZ_Momentum,GVZ_Volatility,DXY_Current,DXY_Momentum,DXY_Volatility,GOLD_Current,GOLD_Momentum,GOLD_Volatility,Composite_Score
25.299999237060547,12.745091956046325,130.95916042496606,32.77000045776367,6.430657627027929,102.53152223176075,98.13400268554688,-0.047867785446639076,2.5784064905896,4370.60009765625,-0.009148989790665751,11.480635765323143,68.13026056585169
