VIX_Current,VIX_Momentum,VIX_Volatility,GVZ_Current,GVZ_Momentum,GVZ_Volatility,DXY_Current,DXY_Momentum,DXY_Volatility,GOLD_Current,GOLD_Momentum,GOLD_Volatility,Composite_Score
17.729999542236328,-1.335558042786385,127.22511550686446,23.329999923706055,3.230086415551001,81.63710158822697,99.51000213623047,-0.12245226766039517,2.358689834683005,4147.0,-0.024108003857280617,7.536784176194583,56.52
