VIX_Current,VIX_Momentum,VIX_Volatility,GVZ_Current,GVZ_Momentum,GVZ_Volatility,DXY_Current,DXY_Momentum,DXY_Volatility,GOLD_Current,GOLD_Momentum,GOLD_Volatility,Composite_Score
19.3700008392334,8.454648249041199,111.94177617787298,27.299999237060547,-9.722224061871767,120.72724912340188,98.95099639892578,-0.13725472532077113,2.0884677967967678,4039.800048828125,-0.2395345393721447,21.698754645953112,56.8035520274837
