VIX_Current,VIX_Momentum,VIX_Volatility,GVZ_Current,GVZ_Momentum,GVZ_Volatility,DXY_Current,DXY_Momentum,DXY_Volatility,GOLD_Current,GOLD_Momentum,GOLD_Volatility,Composite_Score
15.789999961853027,-1.2507805636519465,81.52793304081594,23.940000534057617,0.9700609804560713,80.77321048261638,98.677001953125,0.02331646427743669,1.8957422074413472,3957.699951171875,-1.220489824102491,14.043430107250959,52.11558772543524
