VIX_Current,VIX_Momentum,VIX_Volatility,GVZ_Current,GVZ_Momentum,GVZ_Volatility,DXY_Current,DXY_Momentum,DXY_Volatility,GOLD_Current,GOLD_Momentum,GOLD_Volatility,Composite_Score
18.079999923706055,-5.882348852790805,111.21863735619877,21.260000228881836,-3.010948198517054,42.66334174385505,100.14299774169922,0.04195744075007252,2.4826888907347806,3959.89990234375,-1.1433719296605356,11.34279560244896,48.401267287173596
