VIX_Current,VIX_Momentum,VIX_Volatility,GVZ_Current,GVZ_Momentum,GVZ_Volatility,DXY_Current,DXY_Momentum,DXY_Volatility,GOLD_Current,GOLD_Momentum,GOLD_Volatility,Composite_Score
16.25,-1.6343852922642237,47.42060528628394,21.790000915527344,-0.909499125386533,87.25106350143989,98.86299896240234,-0.1373767271986885,2.8613719729059928,4064.0,-0.35307725305394283,8.748231302147696,52.290833361406314
