VIX_Current,VIX_Momentum,VIX_Volatility,GVZ_Current,GVZ_Momentum,GVZ_Volatility,DXY_Current,DXY_Momentum,DXY_Volatility,GOLD_Current,GOLD_Momentum,GOLD_Volatility,Composite_Score
16.010000228881836,2.169752079977672,83.05116988558527,23.770000457763672,-3.8819211574714156,85.9200286670265,98.88700103759766,0.12048770717176852,1.929001584947652,3997.0,-1.0153541357107478,17.92456710688154,52.27787174017806
