VIX_Current,VIX_Momentum,VIX_Volatility,GVZ_Current,GVZ_Momentum,GVZ_Volatility,DXY_Current,DXY_Momentum,DXY_Volatility,GOLD_Current,GOLD_Momentum,GOLD_Volatility,Composite_Score
17.889999389648438,-2.34716327695827,106.11704964014694,20.15999984741211,-1.6585373296970276,43.68271211275811,99.95600128173828,0.05605581081484605,2.039609922301962,4024.60009765625,0.00745592586249562,8.369490415189478,52.69215466916862
