VIX_Current,VIX_Momentum,VIX_Volatility,GVZ_Current,GVZ_Momentum,GVZ_Volatility,DXY_Current,DXY_Momentum,DXY_Volatility,GOLD_Current,GOLD_Momentum,GOLD_Volatility,Composite_Score
17.309999465942383,-1.029161278052284,78.86135104647873,22.100000381469727,-2.471312752485908,62.89141833092632,99.81099700927734,-0.1340764279914391,3.265137491805017,4017.199951171875,-0.4189322544126688,13.338414552450603,53.08569604420344
