VIX_Current,VIX_Momentum,VIX_Volatility,GVZ_Current,GVZ_Momentum,GVZ_Volatility,DXY_Current,DXY_Momentum,DXY_Volatility,GOLD_Current,GOLD_Momentum,GOLD_Volatility,Composite_Score
19.579999923706055,-3.260868848199831,110.52897856526131,20.110000610351562,-1.1307745354518344,34.376212498715944,99.70099639892578,-0.09119309978327876,2.1612358621333376,3987.699951171875,-0.035099306863661806,8.55697998313506,52.13917895846878
