VIX_Current,VIX_Momentum,VIX_Volatility,GVZ_Current,GVZ_Momentum,GVZ_Volatility,DXY_Current,DXY_Momentum,DXY_Volatility,GOLD_Current,GOLD_Momentum,GOLD_Volatility,Composite_Score
17.299999237060547,-1.9274385734242747,72.3487526206965,22.65999984741211,-3.8608394535191186,60.37325742531492,99.87699890136719,0.15141585915876984,3.340959573402598,4013.5,-0.5550163008438789,13.780716167310459,52.25059351065967
