VIX_Current,VIX_Momentum,VIX_Volatility,GVZ_Current,GVZ_Momentum,GVZ_Volatility,DXY_Current,DXY_Momentum,DXY_Volatility,GOLD_Current,GOLD_Momentum,GOLD_Volatility,Composite_Score
16.309999465942383,-1.6877678364688273,46.20484648749466,19.56999969482422,0.7205321021592795,62.59723284776718,98.11900329589844,0.015297051712978158,2.9750969761680204,3983.699951171875,0.14076703396488757,8.250100334287044,53.37181592098565
