VIX_Current,VIX_Momentum,VIX_Volatility,GVZ_Current,GVZ_Momentum,GVZ_Volatility,DXY_Current,DXY_Momentum,DXY_Volatility,GOLD_Current,GOLD_Momentum,GOLD_Volatility,Composite_Score
15.9399995803833,-0.25031265956738274,80.55392338052182,24.020000457763672,1.779661311462187,81.97408428022067,98.80899810791016,-0.09706351809471325,1.9469516657487065,4012.89990234375,0.20725676684564787,17.57415320848502,58.50614885822104
