VIX_Current,VIX_Momentum,VIX_Volatility,GVZ_Current,GVZ_Momentum,GVZ_Volatility,DXY_Current,DXY_Momentum,DXY_Volatility,GOLD_Current,GOLD_Momentum,GOLD_Volatility,Composite_Score
16.329999923706055,-1.2696552611683674,47.791362072934064,18.059999465942383,-1.257525631886112,73.1087708104545,97.76699829101562,-0.16237179846263722,2.628326669811122,3887.10009765625,0.5145879896472556,9.640862908305941,52.543907569920286
