VIX_Current,VIX_Momentum,VIX_Volatility,GVZ_Current,GVZ_Momentum,GVZ_Volatility,DXY_Current,DXY_Momentum,DXY_Volatility,GOLD_Current,GOLD_Momentum,GOLD_Volatility,Composite_Score
17.40999984741211,-2.4103155913561185,110.36351344990814,20.170000076293945,-2.654436560266005,44.7053176614415,100.2300033569336,-0.042882198051994745,2.050266173435717,3992.60009765625,0.11786141647481231,9.668704597188716,52.67508638710969
