VIX_Current,VIX_Momentum,VIX_Volatility,GVZ_Current,GVZ_Momentum,GVZ_Volatility,DXY_Current,DXY_Momentum,DXY_Volatility,GOLD_Current,GOLD_Momentum,GOLD_Volatility,Composite_Score
16.770000457763672,0.6602677752644128,48.25835930408496,17.670000076293945,-0.7860718351853679,54.50915274742458,98.43800354003906,0.217873960263518,2.991979144683298,3964.0,0.13894151825186307,8.485949200675522,52.49696046904137
