VIX_Current,VIX_Momentum,VIX_Volatility,GVZ_Current,GVZ_Momentum,GVZ_Volatility,DXY_Current,DXY_Momentum,DXY_Volatility,GOLD_Current,GOLD_Momentum,GOLD_Volatility,Composite_Score
17.280000686645508,-1.929626199737929,86.53125837442055,23.329999923706055,3.230086415551001,82.04047674723549,99.47699737548828,0.08853840623960102,2.49889014090945,4133.2001953125,0.3228304882160768,7.921205560144873,57.61
