VIX_Current,VIX_Momentum,VIX_Volatility,GVZ_Current,GVZ_Momentum,GVZ_Volatility,DXY_Current,DXY_Momentum,DXY_Volatility,GOLD_Current,GOLD_Momentum,GOLD_Volatility,Composite_Score
16.790000915527344,-0.5331649864559032,45.73206268066885,25.190000534057617,-0.395414700868315,71.49538555815468,98.82099914550781,0.06885947221026235,2.4719359178950917,4009.60009765625,-0.30582075601464687,14.57875301043029,56.009518823031016
