VIX_Current,VIX_Momentum,VIX_Volatility,GVZ_Current,GVZ_Momentum,GVZ_Volatility,DXY_Current,DXY_Momentum,DXY_Volatility,GOLD_Current,GOLD_Momentum,GOLD_Volatility,Composite_Score
19.100000381469727,6.052193996310482,108.5306936841844,27.170000076293945,-8.978225363238089,117.45048472163614,98.80899810791016,-0.2845922438277137,2.1454632584376854,4075.5,0.6569709871279417,22.083244101156286,59.40801867643401
