VIX_Current,VIX_Momentum,VIX_Volatility,GVZ_Current,GVZ_Momentum,GVZ_Volatility,DXY_Current,DXY_Momentum,DXY_Volatility,GOLD_Current,GOLD_Momentum,GOLD_Volatility,Composite_Score
21.690000534057617,11.344974557261095,168.0115336288461,26.770000457763672,2.606363745491705,86.49493662733401,98.78800201416016,-0.06473856171569228,2.8456245269392344,4204.39990234375,-0.07605749686816951,12.939089974679693,62.58387721768954
