VIX_Current,VIX_Momentum,VIX_Volatility,GVZ_Current,GVZ_Momentum,GVZ_Volatility,DXY_Current,DXY_Momentum,DXY_Volatility,GOLD_Current,GOLD_Momentum,GOLD_Volatility,Composite_Score
20.579999923706055,2.3371422132755253,170.98518309893404,28.06999969482422,5.131081995272347,90.87026383147186,98.5989990234375,0.004054772234776884,2.4893335603227875,4263.60009765625,0.20447473529771223,10.836869619848882,62.745448822953065
