VIX_Current,VIX_Momentum,VIX_Volatility,GVZ_Current,GVZ_Momentum,GVZ_Volatility,DXY_Current,DXY_Momentum,DXY_Volatility,GOLD_Current,GOLD_Momentum,GOLD_Volatility,Composite_Score
,,,24.559999465942383,1.4037991834311092,109.01338107341093,99.24400329589844,-0.058406332285164266,3.036720448640089,4163.5,0.4245181521700597,12.488387758491738,
