VIX_Current,VIX_Momentum,VIX_Volatility,GVZ_Current,GVZ_Momentum,GVZ_Volatility,DXY_Current,DXY_Momentum,DXY_Volatility,GOLD_Current,GOLD_Momentum,GOLD_Volatility,Composite_Score
19.43000030517578,-0.7660858994624647,168.84092962196294,26.09000015258789,4.863348201913712,90.48527920731951,98.90499877929688,0.0890509075641697,2.833222512460737,4203.7001953125,-0.12116540609321384,12.378602954038662,59.957467583192575
