VIX_Current,VIX_Momentum,VIX_Volatility,GVZ_Current,GVZ_Momentum,GVZ_Volatility,DXY_Current,DXY_Momentum,DXY_Volatility,GOLD_Current,GOLD_Momentum,GOLD_Volatility,Composite_Score
18.34000015258789,4.145369204628066,101.32028624925675,25.75,-1.3031818727458524,96.21760173923651,99.2229995727539,-0.13687897958586623,2.515748848293852,4199.2001953125,-0.8453318698347108,10.183541405766823,43.37
