VIX_Current,VIX_Momentum,VIX_Volatility,GVZ_Current,GVZ_Momentum,GVZ_Volatility,DXY_Current,DXY_Momentum,DXY_Volatility,GOLD_Current,GOLD_Momentum,GOLD_Volatility,Composite_Score
16.969999313354492,-1.4518002901784057,48.21322896135975,19.93000030517578,-2.30391824580021,64.3082029810888,98.95600128173828,0.05358927825648398,2.7871334870466606,4071.199951171875,0.476320967775172,7.174382586125364,53.44552106936138
