VIX_Current,VIX_Momentum,VIX_Volatility,GVZ_Current,GVZ_Momentum,GVZ_Volatility,DXY_Current,DXY_Momentum,DXY_Volatility,GOLD_Current,GOLD_Momentum,GOLD_Volatility,Composite_Score
16.3700008392334,-1.444911272119961,39.058296815370916,19.510000228881836,0.41173403216439597,62.70382066602309,98.2969970703125,0.13752216062283687,2.819374930094471,3984.39990234375,0.15836214607097526,8.53981209327455,53.345168544405034
