VIX_Current,VIX_Momentum,VIX_Volatility,GVZ_Current,GVZ_Momentum,GVZ_Volatility,DXY_Current,DXY_Momentum,DXY_Volatility,GOLD_Current,GOLD_Momentum,GOLD_Volatility,Composite_Score
20.639999389648438,1.4250565245334237,162.0433091363103,27.1200008392334,3.3142889113653276,82.8641227490654,98.58300018310547,-0.08817065719499008,2.6053296951774283,4251.7998046875,0.6772023122830847,10.677666254080673,62.66216947864636
