VIX_Current,VIX_Momentum,VIX_Volatility,GVZ_Current,GVZ_Momentum,GVZ_Volatility,DXY_Current,DXY_Momentum,DXY_Volatility,GOLD_Current,GOLD_Momentum,GOLD_Volatility,Composite_Score
17.360000610351562,-10.469308113442294,113.0516292254166,20.520000457763672,-4.602509347205283,46.01087462518068,100.20500183105469,-0.09372153924221484,2.0726862711312837,3997.39990234375,0.28851702957311803,9.770264691943503,50.55135898988271
