VIX_Current,VIX_Momentum,VIX_Volatility,GVZ_Current,GVZ_Momentum,GVZ_Volatility,DXY_Current,DXY_Momentum,DXY_Volatility,GOLD_Current,GOLD_Momentum,GOLD_Volatility,Composite_Score
,,,24.559999465942383,1.4037991834311092,109.01338107341093,99.24700164794922,0.008064606647849764,3.1188081319962584,4130.0,0.11393584793908207,12.787724588843904,
