VIX_Current,VIX_Momentum,VIX_Volatility,GVZ_Current,GVZ_Momentum,GVZ_Volatility,DXY_Current,DXY_Momentum,DXY_Volatility,GOLD_Current,GOLD_Momentum,GOLD_Volatility,Composite_Score
16.34000015258789,-1.2091943885667948,47.72231469492711,18.059999465942383,-1.257525631886112,73.1087708104545,97.87300109863281,-0.03779242374891493,2.6008613135329295,3885.0,0.4992640161395416,9.681813604143183,52.59234541436642
