VIX_Current,VIX_Momentum,VIX_Volatility,GVZ_Current,GVZ_Momentum,GVZ_Volatility,DXY_Current,DXY_Momentum,DXY_Volatility,GOLD_Current,GOLD_Momentum,GOLD_Volatility,Composite_Score
27.969999313354492,19.734582973255968,140.61886096779682,32.77000045776367,6.430657627027929,102.53152223176075,98.1520004272461,-0.015279462218887235,2.572374806804973,4346.0,-0.9661813710529235,11.637615942348548,65.65883699919729
