VIX_Current,VIX_Momentum,VIX_Volatility,GVZ_Current,GVZ_Momentum,GVZ_Volatility,DXY_Current,DXY_Momentum,DXY_Volatility,GOLD_Current,GOLD_Momentum,GOLD_Volatility,Composite_Score
15.859999656677246,0.4433166244036138,78.97829693339622,23.940000534057617,0.9700609804560713,80.77321048261638,98.66999816894531,-0.0040592577403666275,2.099085162374796,3926.800048828125,-0.7907846708237373,14.441256856532728,53.93247998065705
