VIX_Current,VIX_Momentum,VIX_Volatility,GVZ_Current,GVZ_Momentum,GVZ_Volatility,DXY_Current,DXY_Momentum,DXY_Volatility,GOLD_Current,GOLD_Momentum,GOLD_Volatility,Composite_Score
16.399999618530273,-0.9661826846140192,86.2027244537377,24.739999771118164,-3.1702524075518173,83.15984134874151,98.95600128173828,-0.009089128970037483,1.9291612940651526,4126.2001953125,-0.16452467184853617,18.612989112906547,55.37349280330883
