VIX_Current,VIX_Momentum,VIX_Volatility,GVZ_Current,GVZ_Momentum,GVZ_Volatility,DXY_Current,DXY_Momentum,DXY_Volatility,GOLD_Current,GOLD_Momentum,GOLD_Volatility,Composite_Score
17.290000915527344,-1.9285210517529812,71.55739620251688,22.670000076293945,-3.8184116681507896,60.346504425415624,99.80400085449219,0.019038123651466243,3.027214214386832,4012.60009765625,0.5210694066259978,14.521700981778146,55.87245736630404
