VIX_Current,VIX_Momentum,VIX_Volatility,GVZ_Current,GVZ_Momentum,GVZ_Volatility,DXY_Current,DXY_Momentum,DXY_Volatility,GOLD_Current,GOLD_Momentum,GOLD_Volatility,Composite_Score
17.1200008392334,-5.518763541306253,78.51864542209383,21.940000534057617,-3.177402110339025,63.41473217002782,99.85399627685547,-0.09105349767034192,3.26531676196144,4018.300048828125,-0.3916622901178031,13.337475130209958,51.60575437602933
