VIX_Current,VIX_Momentum,VIX_Volatility,GVZ_Current,GVZ_Momentum,GVZ_Volatility,DXY_Current,DXY_Momentum,DXY_Volatility,GOLD_Current,GOLD_Momentum,GOLD_Volatility,Composite_Score
19.079999923706055,7.251258807147014,69.84657914300361,25.979999542236328,-0.23042001221757835,94.85596450073035,99.10800170898438,-0.1269720551536162,2.5349795009369323,4212.60009765625,-0.8193201838210993,10.137111006607508,45.13
