VIX_Current,VIX_Momentum,VIX_Volatility,GVZ_Current,GVZ_Momentum,GVZ_Volatility,DXY_Current,DXY_Momentum,DXY_Volatility,GOLD_Current,GOLD_Momentum,GOLD_Volatility,Composite_Score
17.690000534057617,-6.0042464351227816,108.9887223949419,30.030000686645508,-0.6944414221630507,112.6338867460479,98.91200256347656,-0.02628006997531308,2.280763017293851,4132.89990234375,-0.46242130153215716,19.539320522030817,57.55066569837104
