VIX_Current,VIX_Momentum,VIX_Volatility,GVZ_Current,GVZ_Momentum,GVZ_Volatility,DXY_Current,DXY_Momentum,DXY_Volatility,GOLD_Current,GOLD_Momentum,GOLD_Volatility,Composite_Score
16.579999923706055,1.1592467427278694,47.327515029352455,17.81999969482422,0.4509578621094437,54.86057645999141,97.73300170898438,0.015349668732912172,2.5596248295963386,3914.199951171875,0.2535640760171968,9.411958414157175,53.236424870368715
