VIX_Current,VIX_Momentum,VIX_Volatility,GVZ_Current,GVZ_Momentum,GVZ_Volatility,DXY_Current,DXY_Momentum,DXY_Volatility,GOLD_Current,GOLD_Momentum,GOLD_Volatility,Composite_Score
19.420000076293945,2.8601744678542538,113.57642142341298,21.43000030517578,-0.1863018605400293,41.74763241551773,100.197998046875,0.026954335973192814,1.9654891793155624,3980.800048828125,0.14591317806603774,10.049090548813227,56.48264668206959
