VIX_Current,VIX_Momentum,VIX_Volatility,GVZ_Current,GVZ_Momentum,GVZ_Volatility,DXY_Current,DXY_Momentum,DXY_Volatility,GOLD_Current,GOLD_Momentum,GOLD_Volatility,Composite_Score
20.020000457763672,1.7276430249773502,73.79369295824964,24.84000015258789,-0.8383197240260605,95.18569581827646,99.18499755859375,0.002015366942166815,2.4957804979350424,4176.5,-0.7910068467013932,10.925054792416269,43.51
