VIX_Current,VIX_Momentum,VIX_Volatility,GVZ_Current,GVZ_Momentum,GVZ_Volatility,DXY_Current,DXY_Momentum,DXY_Volatility,GOLD_Current,GOLD_Momentum,GOLD_Volatility,Composite_Score
18.829999923706055,4.553024344270811,107.77378775955881,27.059999465942383,-9.346736615987849,117.379292264489,98.81600189208984,-0.27752421147552797,2.14176893830904,4075.60009765625,0.6594432057222334,22.08471797133167,58.739674962314794
