VIX_Current,VIX_Momentum,VIX_Volatility,GVZ_Current,GVZ_Momentum,GVZ_Volatility,DXY_Current,DXY_Momentum,DXY_Volatility,GOLD_Current,GOLD_Momentum,GOLD_Volatility,Composite_Score
19.030000686645508,0.8479058839226286,108.40561861514573,21.43000030517578,-0.1863018605400293,41.74763241551773,100.177001953125,0.019972915446924835,1.9763396434020661,3974.0,0.12093240167222676,10.126920550228542,55.77344486715143
