VIX_Current,VIX_Momentum,VIX_Volatility,GVZ_Current,GVZ_Momentum,GVZ_Volatility,DXY_Current,DXY_Momentum,DXY_Volatility,GOLD_Current,GOLD_Momentum,GOLD_Volatility,Composite_Score
17.760000228881836,-3.109654649190927,97.71562457867127,22.81999969482422,12.137588535888288,83.3396990411803,99.57599639892578,-0.014057575539358914,2.3863061929462837,4111.60009765625,0.4937233170712147,7.417414783166067,60.99
