VIX_Current,VIX_Momentum,VIX_Volatility,GVZ_Current,GVZ_Momentum,GVZ_Volatility,DXY_Current,DXY_Momentum,DXY_Volatility,GOLD_Current,GOLD_Momentum,GOLD_Volatility,Composite_Score
16.170000076293945,2.147821568076743,76.91571690753382,24.389999389648438,1.2873732015139976,62.193068207423885,98.6729965209961,-0.025331340426005586,2.297724808130323,3972.5,0.8991364574353471,14.731289740723868,60.76255877432757
