VIX_Current,VIX_Momentum,VIX_Volatility,GVZ_Current,GVZ_Momentum,GVZ_Volatility,DXY_Current,DXY_Momentum,DXY_Volatility,GOLD_Current,GOLD_Momentum,GOLD_Volatility,Composite_Score
17.760000228881836,2.658965387905116,78.36315296316035,22.65999984741211,-3.8608394535191186,60.37325742531492,99.89399719238281,0.1674569788416971,3.3594587689323476,4009.39990234375,-0.47165128737456463,13.862780533133714,53.82184433219337
