VIX_Current,VIX_Momentum,VIX_Volatility,GVZ_Current,GVZ_Momentum,GVZ_Volatility,DXY_Current,DXY_Momentum,DXY_Volatility,GOLD_Current,GOLD_Momentum,GOLD_Volatility,Composite_Score
16.440000534057617,-0.06079166211569825,45.76166272974995,21.829999923706055,2.0570385535894538,86.23489458289238,99.33699798583984,0.0,2.747700507416491,4006.199951171875,0.4009824118037239,10.687549007558218,57.30463887852
