VIX_Current,VIX_Momentum,VIX_Volatility,GVZ_Current,GVZ_Momentum,GVZ_Volatility,DXY_Current,DXY_Momentum,DXY_Volatility,GOLD_Current,GOLD_Momentum,GOLD_Volatility,Composite_Score
18.100000381469727,4.382930923840911,108.7688269092699,20.15999984741211,-1.6585373296970276,43.68271211275811,99.9800033569336,-0.08693973504995661,2.0273527526782127,4019.5,0.469918990616083,8.399221524238337,55.9071281225746
