VIX_Current,VIX_Momentum,VIX_Volatility,GVZ_Current,GVZ_Momentum,GVZ_Volatility,DXY_Current,DXY_Momentum,DXY_Volatility,GOLD_Current,GOLD_Momentum,GOLD_Volatility,Composite_Score
,,,24.559999465942383,1.4037991834311092,109.01338107341093,99.12699890136719,-0.19432218490742598,3.1754621837567276,4176.89990234375,0.8377119741947227,13.616593347056138,
