VIX_Current,VIX_Momentum,VIX_Volatility,GVZ_Current,GVZ_Momentum,GVZ_Volatility,DXY_Current,DXY_Momentum,DXY_Volatility,GOLD_Current,GOLD_Momentum,GOLD_Volatility,Composite_Score
16.920000076293945,3.296709054911033,62.970945397588316,24.81999969482422,1.2647876909323277,61.368993768402945,99.45899963378906,-0.08338207315318749,3.235992466173284,4040.800048828125,0.13878116881478594,14.95623126174577,59.41281207364418
