VIX_Current,VIX_Momentum,VIX_Volatility,GVZ_Current,GVZ_Momentum,GVZ_Volatility,DXY_Current,DXY_Momentum,DXY_Volatility,GOLD_Current,GOLD_Momentum,GOLD_Volatility,Composite_Score
18.0,2.9159533193591964,109.69242407689784,20.15999984741211,-1.6585373296970276,43.68271211275811,100.15699768066406,-0.07582734930056463,2.029807925587145,3990.39990234375,-0.02255271398699503,9.543800092782995,54.10494047212964
