VIX_Current,VIX_Momentum,VIX_Volatility,GVZ_Current,GVZ_Momentum,GVZ_Volatility,DXY_Current,DXY_Momentum,DXY_Volatility,GOLD_Current,GOLD_Momentum,GOLD_Volatility,Composite_Score
18.510000228881836,-10.881079340742454,105.29579954083097,27.190000534057617,0.44329826592625554,112.2498693276724,99.01300048828125,-0.02019189931198857,1.890574233541134,4122.10009765625,0.4263509132105854,20.244337222110733,58.972436490340996
