VIX_Current,VIX_Momentum,VIX_Volatility,GVZ_Current,GVZ_Momentum,GVZ_Volatility,DXY_Current,DXY_Momentum,DXY_Volatility,GOLD_Current,GOLD_Momentum,GOLD_Volatility,Composite_Score
17.280000686645508,-0.11559856241032428,47.138348475822994,20.049999237060547,-1.134129397423631,65.10397101066211,98.62699890136719,0.20522818729622327,2.747637539316545,4002.300048828125,0.3409656735963383,8.692549207715347,54.34140094661745
