VIX_Current,VIX_Momentum,VIX_Volatility,GVZ_Current,GVZ_Momentum,GVZ_Volatility,DXY_Current,DXY_Momentum,DXY_Volatility,GOLD_Current,GOLD_Momentum,GOLD_Volatility,Composite_Score
18.6299991607666,2.194183371225715,110.09057115147871,31.549999237060547,2.9363772585046126,103.87541463973908,98.9469985961914,0.21268530086103357,2.3428775785558775,4272.0,-1.9868787160083228,18.961433575186255,57.35216343836118
