VIX_Current,VIX_Momentum,VIX_Volatility,GVZ_Current,GVZ_Momentum,GVZ_Volatility,DXY_Current,DXY_Momentum,DXY_Volatility,GOLD_Current,GOLD_Momentum,GOLD_Volatility,Composite_Score
15.880000114440918,0.5063286249386676,79.6733984046263,23.940000534057617,0.9700609804560713,80.77321048261638,98.68199920654297,0.008103051641722335,2.098532353979977,3919.0,-0.9878501475847653,14.392595288224646,53.25660489425072
