VIX_Current,VIX_Momentum,VIX_Volatility,GVZ_Current,GVZ_Momentum,GVZ_Volatility,DXY_Current,DXY_Momentum,DXY_Volatility,GOLD_Current,GOLD_Momentum,GOLD_Volatility,Composite_Score
16.65999984741211,1.9583824469765259,46.88309768660304,17.670000076293945,-0.7860718351853679,54.50915274742458,98.08899688720703,0.37452525613547427,3.0474993999244355,3933.800048828125,0.5624009337233542,9.684435453223836,54.29454522453826
