VIX_Current,VIX_Momentum,VIX_Volatility,GVZ_Current,GVZ_Momentum,GVZ_Volatility,DXY_Current,DXY_Momentum,DXY_Volatility,GOLD_Current,GOLD_Momentum,GOLD_Volatility,Composite_Score
16.15999984741211,-6.858792552699712,68.44940189892267,24.81999969482422,1.2647876909323277,61.368993768402945,99.55400085449219,0.04421537264312781,3.1321327179682577,4014.199951171875,-0.05975567460090248,14.743107963232987,56.04976154680595
