VIX_Current,VIX_Momentum,VIX_Volatility,GVZ_Current,GVZ_Momentum,GVZ_Volatility,DXY_Current,DXY_Momentum,DXY_Volatility,GOLD_Current,GOLD_Momentum,GOLD_Volatility,Composite_Score
17.18000030517578,-0.6362093957599277,76.86579807075232,21.420000076293945,-3.7735855523397968,61.02110518796733,99.91899871826172,-0.047020685132824085,2.4498485645467847,3992.39990234375,-0.10009008351877244,11.476223408498386,52.74731300211038
