VIX_Current,VIX_Momentum,VIX_Volatility,GVZ_Current,GVZ_Momentum,GVZ_Volatility,DXY_Current,DXY_Momentum,DXY_Volatility,GOLD_Current,GOLD_Momentum,GOLD_Volatility,Composite_Score
18.600000381469727,-0.4282651092028549,107.40891250862306,31.549999237060547,2.9363772585046126,114.21429061591026,98.8759994506836,0.020228051406571176,2.2716194317165574,4216.5,-1.4514115888107295,19.206777916512348,58.39715614677628
