VIX_Current,VIX_Momentum,VIX_Volatility,GVZ_Current,GVZ_Momentum,GVZ_Volatility,DXY_Current,DXY_Momentum,DXY_Volatility,GOLD_Current,GOLD_Momentum,GOLD_Volatility,Composite_Score
17.440000534057617,-3.7527608922812274,71.07829934072497,22.65999984741211,-3.8608394535191186,60.37325742531492,99.71800231933594,-0.06714570357717933,3.0524196088966424,4014.199951171875,0.5611479049489453,14.52285548553417,55.50111855052207
