VIX_Current,VIX_Momentum,VIX_Volatility,GVZ_Current,GVZ_Momentum,GVZ_Volatility,DXY_Current,DXY_Momentum,DXY_Volatility,GOLD_Current,GOLD_Momentum,GOLD_Volatility,Composite_Score
16.290000915527344,-1.511487219842329,47.23751736395703,21.56999969482422,0.5594355599842006,88.7037095017274,99.2509994506836,-0.11070803462524702,2.7497137839613566,4007.800048828125,-0.007486061246336002,10.516261031681347,54.55332619619245
