VIX_Current,VIX_Momentum,VIX_Volatility,GVZ_Current,GVZ_Momentum,GVZ_Volatility,DXY_Current,DXY_Momentum,DXY_Volatility,GOLD_Current,GOLD_Momentum,GOLD_Volatility,Composite_Score
18.75,-2.5974025974025974,100.71710491393718,20.350000381469727,-0.9250269016005014,36.762134121947184,99.61799621582031,-0.066211120483345,2.351172109366261,4088.699951171875,0.1273405454114118,7.401296592287082,53.01
