VIX_Current,VIX_Momentum,VIX_Volatility,GVZ_Current,GVZ_Momentum,GVZ_Volatility,DXY_Current,DXY_Momentum,DXY_Volatility,GOLD_Current,GOLD_Momentum,GOLD_Volatility,Composite_Score
18.1299991607666,4.555934263130951,108.70910086475185,20.15999984741211,-1.6585373296970276,43.68271211275811,99.95700073242188,-0.07197772313494599,2.0315487463674757,4022.0,0.6330234727955186,8.442516219727398,56.51264888069505
