VIX_Current,VIX_Momentum,VIX_Volatility,GVZ_Current,GVZ_Momentum,GVZ_Volatility,DXY_Current,DXY_Momentum,DXY_Volatility,GOLD_Current,GOLD_Momentum,GOLD_Volatility,Composite_Score
19.1299991607666,3.0711191337595065,102.99103544555382,27.190000534057617,0.44329826592625554,112.2498693276724,98.98600006103516,-0.05754996008246645,1.9622609900611543,4142.7001953125,0.27109270997216506,20.070884418668122,61.82951675749206
