VIX_Current,VIX_Momentum,VIX_Volatility,GVZ_Current,GVZ_Momentum,GVZ_Volatility,DXY_Current,DXY_Momentum,DXY_Volatility,GOLD_Current,GOLD_Momentum,GOLD_Volatility,Composite_Score
15.859999656677246,0.06308690830827807,77.68489735209381,23.940000534057617,0.9700609804560713,80.77321048261638,98.802001953125,0.06887272131012251,1.963180742830152,3922.5,0.2684049079754601,14.557035655548983,57.41652619560589
