VIX_Current,VIX_Momentum,VIX_Volatility,GVZ_Current,GVZ_Momentum,GVZ_Volatility,DXY_Current,DXY_Momentum,DXY_Volatility,GOLD_Current,GOLD_Momentum,GOLD_Volatility,Composite_Score
17.280000686645508,-0.9174302896359119,93.91414593502684,26.68000030517578,-0.44775722127194817,91.12952468689723,99.00800323486328,-0.03230783558993884,1.8509139569017015,4107.5,-0.39285579807463,19.03217416813364,57.24801219832008
