VIX_Current,VIX_Momentum,VIX_Volatility,GVZ_Current,GVZ_Momentum,GVZ_Volatility,DXY_Current,DXY_Momentum,DXY_Volatility,GOLD_Current,GOLD_Momentum,GOLD_Volatility,Composite_Score
24.639999389648438,18.689783805342394,168.87675933260346,31.06999969482422,5.250674840870138,102.37090536173045,98.375,-0.061966161902738626,2.6145758972128057,4303.2001953125,0.5702624974009989,9.95010789118823,68.20976325341769
