VIX_Current,VIX_Momentum,VIX_Volatility,GVZ_Current,GVZ_Momentum,GVZ_Volatility,DXY_Current,DXY_Momentum,DXY_Volatility,GOLD_Current,GOLD_Momentum,GOLD_Volatility,Composite_Score
17.280000686645508,-1.929626199737929,86.53125837442055,23.329999923706055,3.230086415551001,82.04047674723549,99.5530014038086,0.02712901852898934,2.4405487667168653,4113.2998046875,-0.40194915249227514,7.7597852917489805,55.14
