VIX_Current,VIX_Momentum,VIX_Volatility,GVZ_Current,GVZ_Momentum,GVZ_Volatility,DXY_Current,DXY_Momentum,DXY_Volatility,GOLD_Current,GOLD_Momentum,GOLD_Volatility,Composite_Score
16.93000030517578,1.3772427049628753,47.03868865062315,24.670000076293945,-1.2409906790359782,70.87397624930276,99.1520004272461,0.43251654568212583,3.0227278724921636,3942.800048828125,-1.6193802713392473,14.94172651530633,51.60377311896933
