VIX_Current,VIX_Momentum,VIX_Volatility,GVZ_Current,GVZ_Momentum,GVZ_Volatility,DXY_Current,DXY_Momentum,DXY_Volatility,GOLD_Current,GOLD_Momentum,GOLD_Volatility,Composite_Score
19.489999771118164,0.15416592012815503,166.40742072731447,25.75,2.1420108494170518,88.79736919310209,98.74099731445312,-0.16884359378216823,2.874703687528109,4220.2998046875,0.14237240533590642,12.21984109543652,59.35553456403731
