VIX_Current,VIX_Momentum,VIX_Volatility,GVZ_Current,GVZ_Momentum,GVZ_Volatility,DXY_Current,DXY_Momentum,DXY_Volatility,GOLD_Current,GOLD_Momentum,GOLD_Volatility,Composite_Score
15.960000038146973,-0.37453444383406115,51.34174610219928,24.670000076293945,-1.2409906790359782,70.87397624930276,99.25,0.14125657227956392,3.088788676305368,3981.199951171875,0.21143531616265857,15.262172940461252,57.17201622722504
