VIX_Current,VIX_Momentum,VIX_Volatility,GVZ_Current,GVZ_Momentum,GVZ_Volatility,DXY_Current,DXY_Momentum,DXY_Volatility,GOLD_Current,GOLD_Momentum,GOLD_Volatility,Composite_Score
16.43000030517578,2.2402029694344705,74.67549165760978,24.059999465942383,-1.8359884077405513,59.42728622241833,98.8479995727539,0.18750448984635504,2.3037250254952677,3967.199951171875,0.46596186477485707,15.30702057930313,57.919872744417205
