VIX_Current,VIX_Momentum,VIX_Volatility,GVZ_Current,GVZ_Momentum,GVZ_Volatility,DXY_Current,DXY_Momentum,DXY_Volatility,GOLD_Current,GOLD_Momentum,GOLD_Volatility,Composite_Score
17.860000610351562,2.8801842305342773,113.27073250741392,20.15999984741211,-1.6585373296970276,43.68271211275811,100.0469970703125,-0.0339766898714931,1.9709710296077205,3995.60009765625,0.2735499941763328,8.483284804360757,54.84552432639718
