VIX_Current,VIX_Momentum,VIX_Volatility,GVZ_Current,GVZ_Momentum,GVZ_Volatility,DXY_Current,DXY_Momentum,DXY_Volatility,GOLD_Current,GOLD_Momentum,GOLD_Volatility,Composite_Score
16.6299991607666,-1.4810427276623532,46.90407740834365,19.479999542236328,10.243347244636837,65.4185347071339,98.12200164794922,-0.12214238425382132,3.0447840542611826,3975.0,0.4396579218313261,10.10863638287775,59.36638579097812
