VIX_Current,VIX_Momentum,VIX_Volatility,GVZ_Current,GVZ_Momentum,GVZ_Volatility,DXY_Current,DXY_Momentum,DXY_Volatility,GOLD_Current,GOLD_Momentum,GOLD_Volatility,Composite_Score
18.0,3.686632299233984,110.15552334560483,20.15999984741211,-1.6585373296970276,43.68271211275811,100.03399658203125,-0.12580578621303865,2.030273801382678,3986.5,-0.09773211806313957,9.410577034525364,53.945206232992376
