VIX_Current,VIX_Momentum,VIX_Volatility,GVZ_Current,GVZ_Momentum,GVZ_Volatility,DXY_Current,DXY_Momentum,DXY_Volatility,GOLD_Current,GOLD_Momentum,GOLD_Volatility,Composite_Score
16.809999465942383,1.9405682187133226,46.98562561358604,17.790000915527344,0.45173255330560447,55.68994248033866,97.7699966430664,0.05320854141139189,2.556489830839166,3907.39990234375,0.07939588343256099,9.38641152261354,52.88262848654256
