VIX_Current,VIX_Momentum,VIX_Volatility,GVZ_Current,GVZ_Momentum,GVZ_Volatility,DXY_Current,DXY_Momentum,DXY_Volatility,GOLD_Current,GOLD_Momentum,GOLD_Volatility,Composite_Score
17.440000534057617,-3.7527608922812274,71.07829934072497,22.65999984741211,-3.8608394535191186,60.37325742531492,99.73200225830078,-0.06012261374041786,3.417210145204271,4022.699951171875,1.05001506828934,14.164240462701617,57.12676270946775
