VIX_Current,VIX_Momentum,VIX_Volatility,GVZ_Current,GVZ_Momentum,GVZ_Volatility,DXY_Current,DXY_Momentum,DXY_Volatility,GOLD_Current,GOLD_Momentum,GOLD_Volatility,Composite_Score
16.530000686645508,-0.8398283683725213,57.414229984004464,24.5,-0.6890963752258067,63.617298433200254,99.53299713134766,-0.1083908333330143,3.360336770364362,4012.5,1.0043775200853995,15.381977197037372,60.14142539287862
