VIX_Current,VIX_Momentum,VIX_Volatility,GVZ_Current,GVZ_Momentum,GVZ_Volatility,DXY_Current,DXY_Momentum,DXY_Volatility,GOLD_Current,GOLD_Momentum,GOLD_Volatility,Composite_Score
18.399999618530273,-1.2875524623216772,97.75921129018886,22.030000686645508,7.358675415187589,84.4543411939358,99.71099853515625,0.15870654738653792,2.3560940240259765,4090.0,-0.3921019281882555,7.4027541047314935,57.05
