VIX_Current,VIX_Momentum,VIX_Volatility,GVZ_Current,GVZ_Momentum,GVZ_Volatility,DXY_Current,DXY_Momentum,DXY_Volatility,GOLD_Current,GOLD_Momentum,GOLD_Volatility,Composite_Score
16.739999771118164,-0.475623811876001,48.921634559860614,17.670000076293945,-0.7860718351853679,54.50915274742458,98.15799713134766,0.1285289024651244,3.0131653109800363,3954.39990234375,0.2027164047730904,8.81933013608854,52.32560295111107
