VIX_Current,VIX_Momentum,VIX_Volatility,GVZ_Current,GVZ_Momentum,GVZ_Volatility,DXY_Current,DXY_Momentum,DXY_Volatility,GOLD_Current,GOLD_Momentum,GOLD_Volatility,Composite_Score
17.1200008392334,0.7651622711392103,47.36657535724101,19.93000030517578,-2.30391824580021,64.3082029810888,98.77899932861328,-0.13951139696584308,2.876342382204949,4057.800048828125,-0.014780542333410295,7.267309582052574,52.292909779951316
