VIX_Current,VIX_Momentum,VIX_Volatility,GVZ_Current,GVZ_Momentum,GVZ_Volatility,DXY_Current,DXY_Momentum,DXY_Volatility,GOLD_Current,GOLD_Momentum,GOLD_Volatility,Composite_Score
18.0,2.9159533193591964,109.69242407689784,20.15999984741211,-1.6585373296970276,43.68271211275811,100.06700134277344,-0.01398860801305583,2.0124116279727446,3995.10009765625,0.26100199793754564,9.347426670399132,55.03987004053252
