VIX_Current,VIX_Momentum,VIX_Volatility,GVZ_Current,GVZ_Momentum,GVZ_Volatility,DXY_Current,DXY_Momentum,DXY_Volatility,GOLD_Current,GOLD_Momentum,GOLD_Volatility,Composite_Score
16.780000686645508,-0.533492282813546,47.37880354025633,21.489999771118164,6.018743393206075,82.68665146770297,98.77300262451172,-0.026317043304895534,2.8420128831731386,4065.800048828125,0.16506001356664238,7.172552955369735,57.45447026775387
