VIX_Current,VIX_Momentum,VIX_Volatility,GVZ_Current,GVZ_Momentum,GVZ_Volatility,DXY_Current,DXY_Momentum,DXY_Volatility,GOLD_Current,GOLD_Momentum,GOLD_Volatility,Composite_Score
19.030000686645508,0.8479058839226286,108.40561861514573,21.43000030517578,-0.1863018605400293,41.74763241551773,100.1520004272461,-0.008988214242160621,2.3659412793184327,3969.300048828125,0.5395149145928319,11.116970720693686,57.38743284812557
