VIX_Current,VIX_Momentum,VIX_Volatility,GVZ_Current,GVZ_Momentum,GVZ_Volatility,DXY_Current,DXY_Momentum,DXY_Volatility,GOLD_Current,GOLD_Momentum,GOLD_Volatility,Composite_Score
16.549999237060547,-2.5897618598299688,48.1459248586294,21.440000534057617,6.296482166384915,81.72639118618793,98.89900207519531,0.04957369937344802,2.8348523798480447,4065.0,0.12315270935960591,7.217053114401699,56.934233113734834
