VIX_Current,VIX_Momentum,VIX_Volatility,GVZ_Current,GVZ_Momentum,GVZ_Volatility,DXY_Current,DXY_Momentum,DXY_Volatility,GOLD_Current,GOLD_Momentum,GOLD_Volatility,Composite_Score
23.90999984741211,-12.192433898776173,142.3806718580929,32.77000045776367,6.430657627027929,82.68837487420964,98.4010009765625,0.19652247586468297,2.6115714952831213,4322.10009765625,-0.7166909799700704,12.418026935558531,60.80623785608045
