VIX_Current,VIX_Momentum,VIX_Volatility,GVZ_Current,GVZ_Momentum,GVZ_Volatility,DXY_Current,DXY_Momentum,DXY_Volatility,GOLD_Current,GOLD_Momentum,GOLD_Volatility,Composite_Score
16.040000915527344,-5.256936642678913,51.80865573284162,24.670000076293945,-1.2409906790359782,70.87397624930276,99.25499725341797,0.16448793045557475,3.1051717170432873,3995.199951171875,0.14789317102089433,15.289854221420379,55.850740501810364
