VIX_Current,VIX_Momentum,VIX_Volatility,GVZ_Current,GVZ_Momentum,GVZ_Volatility,DXY_Current,DXY_Momentum,DXY_Volatility,GOLD_Current,GOLD_Momentum,GOLD_Volatility,Composite_Score
17.299999237060547,-1.9274385734242747,72.3487526206965,22.65999984741211,-3.8608394535191186,60.37325742531492,99.76499938964844,-0.04108006163079436,3.198990967578568,4017.10009765625,0.5154534631865383,14.6408120089757,55.842935953132304
