VIX_Current,VIX_Momentum,VIX_Volatility,GVZ_Current,GVZ_Momentum,GVZ_Volatility,DXY_Current,DXY_Momentum,DXY_Volatility,GOLD_Current,GOLD_Momentum,GOLD_Volatility,Composite_Score
16.809999465942383,-0.41469015583197294,45.78070970737741,25.15999984741211,4.5719052613729625,72.70766342283788,98.76799774169922,-0.08699550690434221,2.473065196990464,4000.60009765625,-0.6531030153541413,14.677532965121781,57.2839556385684
