VIX_Current,VIX_Momentum,VIX_Volatility,GVZ_Current,GVZ_Momentum,GVZ_Volatility,DXY_Current,DXY_Momentum,DXY_Volatility,GOLD_Current,GOLD_Momentum,GOLD_Volatility,Composite_Score
17.18000030517578,-0.6362093957599277,76.86579807075232,21.420000076293945,-3.7735855523397968,61.02110518796733,99.9219970703125,-0.048018555371072316,2.46522085742916,3994.199951171875,-0.05504832413254752,11.45795508688226,52.90561148158916
