VIX_Current,VIX_Momentum,VIX_Volatility,GVZ_Current,GVZ_Momentum,GVZ_Volatility,DXY_Current,DXY_Momentum,DXY_Volatility,GOLD_Current,GOLD_Momentum,GOLD_Volatility,Composite_Score
17.489999771118164,-1.6863469869039454,76.80389836838994,22.65999984741211,-3.8608394535191186,60.37325742531492,99.94300079345703,0.0390389424906433,3.310031153259496,4028.10009765625,0.41130719908098545,13.635680987621537,55.50559511594714
