VIX_Current,VIX_Momentum,VIX_Volatility,GVZ_Current,GVZ_Momentum,GVZ_Volatility,DXY_Current,DXY_Momentum,DXY_Volatility,GOLD_Current,GOLD_Momentum,GOLD_Volatility,Composite_Score
16.5,-4.069771697032321,88.74301178979248,25.270000457763672,-6.094386469519633,88.94043650402313,98.97599792480469,-0.055538473971607966,1.9664111817694088,4141.0,1.784487744541191,18.87674489800927,59.9629709724467
