VIX_Current,VIX_Momentum,VIX_Volatility,GVZ_Current,GVZ_Momentum,GVZ_Volatility,DXY_Current,DXY_Momentum,DXY_Volatility,GOLD_Current,GOLD_Momentum,GOLD_Volatility,Composite_Score
18.979999542236328,-7.54993225800248,117.5894388297329,30.81999969482422,-1.627833482680416,109.3704577533296,98.51399993896484,-0.03145591410669617,2.3743502964393643,4363.5,0.5206316239646,17.024754586327052,60.10248666803886
