VIX_Current,VIX_Momentum,VIX_Volatility,GVZ_Current,GVZ_Momentum,GVZ_Volatility,DXY_Current,DXY_Momentum,DXY_Volatility,GOLD_Current,GOLD_Momentum,GOLD_Volatility,Composite_Score
20.68000030517578,7.484410349210359,164.0327930124332,26.959999084472656,4.415179717747857,83.73199789394813,98.79299926757812,-0.05968327345582361,2.846839978444587,4216.2998046875,0.002362539025322944,12.782045845415658,62.93585787378172
