VIX_Current,VIX_Momentum,VIX_Volatility,GVZ_Current,GVZ_Momentum,GVZ_Volatility,DXY_Current,DXY_Momentum,DXY_Volatility,GOLD_Current,GOLD_Momentum,GOLD_Volatility,Composite_Score
18.459999084472656,1.76405570888181,108.4218225306416,27.549999237060547,-9.760895455493648,118.81850866466037,98.84100341796875,-0.2522933378174532,2.1323211267606714,4047.699951171875,-0.02963647412425274,21.889220151221377,55.66911241232908
