VIX_Current,VIX_Momentum,VIX_Volatility,GVZ_Current,GVZ_Momentum,GVZ_Volatility,DXY_Current,DXY_Momentum,DXY_Volatility,GOLD_Current,GOLD_Momentum,GOLD_Volatility,Composite_Score
17.079999923706055,1.4854426686470756,46.31354146465423,24.559999465942383,-1.7206895122614128,70.70669442309107,99.21399688720703,0.4668197855753274,3.032760119969171,3971.89990234375,-1.243193545688759,15.10540115014172,52.839986015630956
