VIX_Current,VIX_Momentum,VIX_Volatility,GVZ_Current,GVZ_Momentum,GVZ_Volatility,DXY_Current,DXY_Momentum,DXY_Volatility,GOLD_Current,GOLD_Momentum,GOLD_Volatility,Composite_Score
17.110000610351562,3.1344210547373414,61.596636288605936,24.670000076293945,-1.2409906790359782,70.87397624930276,99.14199829101562,0.11410694157109798,3.0706508315890773,3993.10009765625,0.4250326113352058,15.089596986545354,59.03013355374652
