VIX_Current,VIX_Momentum,VIX_Volatility,GVZ_Current,GVZ_Momentum,GVZ_Volatility,DXY_Current,DXY_Momentum,DXY_Volatility,GOLD_Current,GOLD_Momentum,GOLD_Volatility,Composite_Score
19.959999084472656,-10.613528201213066,74.11727336338788,24.5,-2.5457414685219186,74.86633542220649,99.302001953125,0.28884535443020903,2.814700510588785,4106.10009765625,-0.29623163950725834,13.00808187566829,43.44
