VIX_Current,VIX_Momentum,VIX_Volatility,GVZ_Current,GVZ_Momentum,GVZ_Volatility,DXY_Current,DXY_Momentum,DXY_Volatility,GOLD_Current,GOLD_Momentum,GOLD_Volatility,Composite_Score
15.970000267028809,-0.374300792555082,81.16180759760195,23.979999542236328,1.6101659094250258,81.93828538255423,98.7959976196289,-0.06979238924953349,1.9428134546563243,4022.800048828125,0.5147193520458201,17.66988567493399,59.43162135564715
