VIX_Current,VIX_Momentum,VIX_Volatility,GVZ_Current,GVZ_Momentum,GVZ_Volatility,DXY_Current,DXY_Momentum,DXY_Volatility,GOLD_Current,GOLD_Momentum,GOLD_Volatility,Composite_Score
17.18000030517578,-0.6362093957599277,76.86579807075232,21.420000076293945,-3.7735855523397968,61.02110518796733,99.91799926757812,-0.05201755775734725,3.111707981194355,4003.39990234375,0.18267321911634304,12.818820175968252,54.103938789794086
