VIX_Current,VIX_Momentum,VIX_Volatility,GVZ_Current,GVZ_Momentum,GVZ_Volatility,DXY_Current,DXY_Momentum,DXY_Volatility,GOLD_Current,GOLD_Momentum,GOLD_Volatility,Composite_Score
16.549999237060547,1.1613607556271446,39.061831560566134,19.510000228881836,0.41173403216439597,62.70382066602309,98.43699645996094,0.18421242665163398,2.8096684897438466,3983.10009765625,-0.002506866761625227,8.689718819160053,53.58615751328034
