VIX_Current,VIX_Momentum,VIX_Volatility,GVZ_Current,GVZ_Momentum,GVZ_Volatility,DXY_Current,DXY_Momentum,DXY_Volatility,GOLD_Current,GOLD_Momentum,GOLD_Volatility,Composite_Score
19.829999923706055,-1.5392228169665012,77.22282218525898,24.1299991607666,-0.33044166349169135,71.50001624793597,99.37100219726562,-0.008045568626704348,2.884915498020537,4070.199951171875,-0.537608138959581,15.316785731494884,45.15
