VIX_Current,VIX_Momentum,VIX_Volatility,GVZ_Current,GVZ_Momentum,GVZ_Volatility,DXY_Current,DXY_Momentum,DXY_Volatility,GOLD_Current,GOLD_Momentum,GOLD_Volatility,Composite_Score
19.739999771118164,6.760411116675788,109.01607629710388,27.299999237060547,-8.542717292533666,117.63023003076898,98.83999633789062,-0.16868245670085472,2.133510302735514,4065.0,-0.6282531468609097,21.959319178592217,55.782673280305495
