VIX_Current,VIX_Momentum,VIX_Volatility,GVZ_Current,GVZ_Momentum,GVZ_Volatility,DXY_Current,DXY_Momentum,DXY_Volatility,GOLD_Current,GOLD_Momentum,GOLD_Volatility,Composite_Score
20.760000228881836,-12.219870766442051,121.62115767422965,31.209999084472656,0.6125036231630087,102.8319311069337,98.53399658203125,0.07109166501173535,2.4902493728471726,4249.5,-0.5080584922316506,16.424079983712268,57.77662564049679
