VIX_Current,VIX_Momentum,VIX_Volatility,GVZ_Current,GVZ_Momentum,GVZ_Volatility,DXY_Current,DXY_Momentum,DXY_Volatility,GOLD_Current,GOLD_Momentum,GOLD_Volatility,Composite_Score
17.6299991607666,-1.4533272093473522,88.9461561863672,22.56999969482422,-3.2576092214624714,84.36959714593813,99.38300323486328,0.0523521885956871,2.536241867432055,4121.2001953125,-0.24206040683640995,7.991657140485511,52.29
