VIX_Current,VIX_Momentum,VIX_Volatility,GVZ_Current,GVZ_Momentum,GVZ_Volatility,DXY_Current,DXY_Momentum,DXY_Volatility,GOLD_Current,GOLD_Momentum,GOLD_Volatility,Composite_Score
23.450000762939453,14.056426906938176,168.66059103327456,31.420000076293945,7.162347896751288,102.10574341586045,98.3479995727539,-0.0893955861646263,2.6084774238776998,4308.89990234375,0.7034705765685699,9.913730110091798,69.45837045859018
