VIX_Current,VIX_Momentum,VIX_Volatility,GVZ_Current,GVZ_Momentum,GVZ_Volatility,DXY_Current,DXY_Momentum,DXY_Volatility,GOLD_Current,GOLD_Momentum,GOLD_Volatility,Composite_Score
18.299999237060547,1.7797536316534166,105.11701375835467,20.15999984741211,-1.6585373296970276,36.21299698914541,99.87200164794922,-0.12200896446579515,2.058475643519016,4005.0,-0.31610004047640994,8.607556800496827,52.21521386186478
