VIX_Current,VIX_Momentum,VIX_Volatility,GVZ_Current,GVZ_Momentum,GVZ_Volatility,DXY_Current,DXY_Momentum,DXY_Volatility,GOLD_Current,GOLD_Momentum,GOLD_Volatility,Composite_Score
15.9399995803833,-0.31269663196103237,81.02025817618365,23.940000534057617,0.9700609804560713,80.77321048261638,98.70700073242188,0.13187381319179284,1.8892400265036198,3945.800048828125,-1.0581732991944583,13.983182052208088,52.91780924574843
