VIX_Current,VIX_Momentum,VIX_Volatility,GVZ_Current,GVZ_Momentum,GVZ_Volatility,DXY_Current,DXY_Momentum,DXY_Volatility,GOLD_Current,GOLD_Momentum,GOLD_Volatility,Composite_Score
16.459999084472656,-3.460411606972059,47.486602717094826,21.809999465942383,1.4418579811273617,79.59064968981762,99.01699829101562,0.17907927932322854,2.837160571871869,4072.300048828125,0.0638891733406857,8.787538763853455,54.66294656454383
