VIX_Current,VIX_Momentum,VIX_Volatility,GVZ_Current,GVZ_Momentum,GVZ_Volatility,DXY_Current,DXY_Momentum,DXY_Volatility,GOLD_Current,GOLD_Momentum,GOLD_Volatility,Composite_Score
16.93000030517578,5.417190959927269,57.555129440616824,24.59000015258789,-0.7667495108666913,65.806173099182,99.50599670410156,0.16811103607594174,3.3761707707777484,4006.89990234375,0.5319003294676458,15.4548566554661,60.38564538898139
