VIX_Current,VIX_Momentum,VIX_Volatility,GVZ_Current,GVZ_Momentum,GVZ_Volatility,DXY_Current,DXY_Momentum,DXY_Volatility,GOLD_Current,GOLD_Momentum,GOLD_Volatility,Composite_Score
19.979999542236328,-2.1068118980427295,171.949534002047,27.1200008392334,3.3142889113653276,82.8641227490654,98.64399719238281,0.0568017987133077,2.5047405074819813,4258.89990234375,0.2660279788046674,9.978391832856754,60.174737030967364
