VIX_Current,VIX_Momentum,VIX_Volatility,GVZ_Current,GVZ_Momentum,GVZ_Volatility,DXY_Current,DXY_Momentum,DXY_Volatility,GOLD_Current,GOLD_Momentum,GOLD_Volatility,Composite_Score
16.389999389648438,-0.1827082004026341,45.7918848717308,21.799999237060547,-0.8640315417700247,87.33891135343357,98.96900177001953,-0.03030210318328526,2.621202086845793,4067.5,0.23904458216654376,7.698839949794632,54.52035631419165
