VIX_Current,VIX_Momentum,VIX_Volatility,GVZ_Current,GVZ_Momentum,GVZ_Volatility,DXY_Current,DXY_Momentum,DXY_Volatility,GOLD_Current,GOLD_Momentum,GOLD_Volatility,Composite_Score
16.450000762939453,-1.022864426652981,47.137579681629326,21.0,-2.1435186584210424,85.45871873261302,98.93800354003906,0.09915743199078421,2.8646261899843344,4069.10009765625,-0.01473950224394974,7.215841763838554,52.440578732818196
