VIX_Current,VIX_Momentum,VIX_Volatility,GVZ_Current,GVZ_Momentum,GVZ_Volatility,DXY_Current,DXY_Momentum,DXY_Volatility,GOLD_Current,GOLD_Momentum,GOLD_Volatility,Composite_Score
15.789999961853027,-1.2507805636519465,80.07125431066153,23.940000534057617,0.9700609804560713,80.77321048261638,98.81300354003906,-0.06674244699260848,1.924488524822498,3997.0,-0.4309605315421133,17.503242705170962,55.629576791684805
