VIX_Current,VIX_Momentum,VIX_Volatility,GVZ_Current,GVZ_Momentum,GVZ_Volatility,DXY_Current,DXY_Momentum,DXY_Volatility,GOLD_Current,GOLD_Momentum,GOLD_Volatility,Composite_Score
20.06999969482422,-0.1989105634673795,170.52731784801625,28.100000381469727,5.243444114329474,91.06203029996536,98.6449966430664,0.05070786727956664,2.5280465699608956,4263.7001953125,0.20682726199745582,10.018766674040325,61.94061626160494
