VIX_Current,VIX_Momentum,VIX_Volatility,GVZ_Current,GVZ_Momentum,GVZ_Volatility,DXY_Current,DXY_Momentum,DXY_Volatility,GOLD_Current,GOLD_Momentum,GOLD_Volatility,Composite_Score
25.299999237060547,12.745091956046325,165.63140479816923,32.77000045776367,6.430657627027929,102.53152223176075,98.14299774169922,-0.07839897988891005,2.5946364854130723,4368.2998046875,0.29848691440273356,11.569196456917611,69.16311388410276
