VIX_Current,VIX_Momentum,VIX_Volatility,GVZ_Current,GVZ_Momentum,GVZ_Volatility,DXY_Current,DXY_Momentum,DXY_Volatility,GOLD_Current,GOLD_Momentum,GOLD_Volatility,Composite_Score
,,,22.950000762939453,6.053610953046787,111.62828685807756,98.96299743652344,-0.28213454850554026,2.9229794338342967,4015.5,0.24465259374352233,10.512823096520878,
