VIX_Current,VIX_Momentum,VIX_Volatility,GVZ_Current,GVZ_Momentum,GVZ_Volatility,DXY_Current,DXY_Momentum,DXY_Volatility,GOLD_Current,GOLD_Momentum,GOLD_Volatility,Composite_Score
16.520000457763672,-2.7090641747571724,46.612349136948325,19.56999969482422,6.127977917785622,64.52089514504912,98.09500122070312,0.033657035277334435,3.0111458076917406,3983.699951171875,0.13573391341712981,8.348940990875441,55.88489366657785
