VIX_Current,VIX_Momentum,VIX_Volatility,GVZ_Current,GVZ_Momentum,GVZ_Volatility,DXY_Current,DXY_Momentum,DXY_Volatility,GOLD_Current,GOLD_Momentum,GOLD_Volatility,Composite_Score
18.059999465942383,-3.782637051176083,97.87068378734992,21.940000534057617,5.888036974580436,71.58395956007809,99.59300231933594,0.001003545118890603,2.2916799943188266,4095.60009765625,0.043970120832850026,7.446818260862191,56.9
