VIX_Current,VIX_Momentum,VIX_Volatility,GVZ_Current,GVZ_Momentum,GVZ_Volatility,DXY_Current,DXY_Momentum,DXY_Volatility,GOLD_Current,GOLD_Momentum,GOLD_Volatility,Composite_Score
19.780000686645508,1.124750647801337,175.9155299553494,26.09000015258789,4.863348201913712,94.11698142288708,98.8290023803711,-0.060671620332677055,2.8786545821763627,4225.89990234375,0.5209301223537107,13.147713767512434,62.72552905416652
