VIX_Current,VIX_Momentum,VIX_Volatility,GVZ_Current,GVZ_Momentum,GVZ_Volatility,DXY_Current,DXY_Momentum,DXY_Volatility,GOLD_Current,GOLD_Momentum,GOLD_Volatility,Composite_Score
19.06999969482422,-4.8403252314801595,110.56654310513383,20.190000534057617,0.14881293091556708,35.11202306767962,99.69300079345703,-0.1042078217866592,2.1647122885217653,4000.60009765625,0.30840329658093557,8.598637896191127,53.595498468515125
