VIX_Current,VIX_Momentum,VIX_Volatility,GVZ_Current,GVZ_Momentum,GVZ_Volatility,DXY_Current,DXY_Momentum,DXY_Volatility,GOLD_Current,GOLD_Momentum,GOLD_Volatility,Composite_Score
16.90999984741211,2.2369946275965424,61.21314026228468,23.68000030517578,-3.6615118849625117,62.61061033000107,99.74299621582031,0.1948714780948349,3.093042945918792,4034.699951171875,0.39563805490612514,14.458229664025101,57.0551242286732
