VIX_Current,VIX_Momentum,VIX_Volatility,GVZ_Current,GVZ_Momentum,GVZ_Volatility,DXY_Current,DXY_Momentum,DXY_Volatility,GOLD_Current,GOLD_Momentum,GOLD_Volatility,Composite_Score
16.100000381469727,-0.6785854979368628,76.01197446702366,24.809999465942383,3.6340806703286592,61.350228484820676,98.66300201416016,-0.19119023018849898,2.2864078857536727,3982.800048828125,0.7411167023681547,14.672112920469473,60.84742899455184
