VIX_Current,VIX_Momentum,VIX_Volatility,GVZ_Current,GVZ_Momentum,GVZ_Volatility,DXY_Current,DXY_Momentum,DXY_Volatility,GOLD_Current,GOLD_Momentum,GOLD_Volatility,Composite_Score
18.920000076293945,-1.5608701757450147,111.99071984306008,21.290000915527344,-0.6069055102874389,42.24697466454899,100.18199920654297,0.031949755543233066,2.472983123631038,3965.89990234375,-0.01512914802092525,11.317821559821564,54.697602041383035
