VIX_Current,VIX_Momentum,VIX_Volatility,GVZ_Current,GVZ_Momentum,GVZ_Volatility,DXY_Current,DXY_Momentum,DXY_Volatility,GOLD_Current,GOLD_Momentum,GOLD_Volatility,Composite_Score
15.9399995803833,1.399486702401142,83.37138306428601,23.600000381469727,-5.901114620169542,86.81010517736559,98.87200164794922,0.05768274567089874,1.9369406444619768,4010.60009765625,-0.9923953462848563,17.866139724911708,51.019223134278775
