VIX_Current,VIX_Momentum,VIX_Volatility,GVZ_Current,GVZ_Momentum,GVZ_Volatility,DXY_Current,DXY_Momentum,DXY_Volatility,GOLD_Current,GOLD_Momentum,GOLD_Volatility,Composite_Score
17.1200008392334,-5.152345912113175,99.65177548294086,26.889999389648438,0.5985778157582535,92.56592929197069,98.95999908447266,-0.0070768882321139166,1.890911031388098,4153.5,-0.2641373514227398,19.52282281693359,57.311922225361116
