VIX_Current,VIX_Momentum,VIX_Volatility,GVZ_Current,GVZ_Momentum,GVZ_Volatility,DXY_Current,DXY_Momentum,DXY_Volatility,GOLD_Current,GOLD_Momentum,GOLD_Volatility,Composite_Score
17.350000381469727,5.343054673971338,60.38259983242511,24.81999969482422,1.2647876909323277,61.368993768402945,99.60900115966797,0.08239043884560478,3.157390249169735,4032.10009765625,0.5762059779558493,14.84095820186887,61.57421290783323
