VIX_Current,VIX_Momentum,VIX_Volatility,GVZ_Current,GVZ_Momentum,GVZ_Volatility,DXY_Current,DXY_Momentum,DXY_Volatility,GOLD_Current,GOLD_Momentum,GOLD_Volatility,Composite_Score
23.6200008392334,-1.377870201226469,140.24504404351865,31.280000686645508,-4.546840861472012,106.6434362362724,98.40499877929688,-0.022354814625567706,2.585179404599171,4220.39990234375,-2.463602904003929,13.972894675775521,51.03061734884177
