VIX_Current,VIX_Momentum,VIX_Volatility,GVZ_Current,GVZ_Momentum,GVZ_Volatility,DXY_Current,DXY_Momentum,DXY_Volatility,GOLD_Current,GOLD_Momentum,GOLD_Volatility,Composite_Score
15.670000076293945,-4.217607019042706,85.65690290498294,24.739999771118164,-1.7864261746681542,82.13315354953426,98.81300354003906,-0.11422574403484567,1.925960600306285,4050.89990234375,-0.9995636638229338,17.67612869456305,52.010363368417366
