VIX_Current,VIX_Momentum,VIX_Volatility,GVZ_Current,GVZ_Momentum,GVZ_Volatility,DXY_Current,DXY_Momentum,DXY_Volatility,GOLD_Current,GOLD_Momentum,GOLD_Volatility,Composite_Score
17.299999237060547,-1.9274385734242747,72.3487526206965,22.65999984741211,-3.8608394535191186,60.37325742531492,99.87100219726562,0.12833580933175273,3.384399995241252,4014.89990234375,-0.243497625835971,13.909397180588268,53.308926166042475
