VIX_Current,VIX_Momentum,VIX_Volatility,GVZ_Current,GVZ_Momentum,GVZ_Volatility,DXY_Current,DXY_Momentum,DXY_Volatility,GOLD_Current,GOLD_Momentum,GOLD_Volatility,Composite_Score
17.25,-0.17361507785525276,46.83080965996536,19.93000030517578,-2.30391824580021,64.3082029810888,98.89299774169922,0.26156597544593496,2.737566596500922,4034.39990234375,0.4531634727639617,9.67141127598488,54.33725794719875
