VIX_Current,VIX_Momentum,VIX_Volatility,GVZ_Current,GVZ_Momentum,GVZ_Volatility,DXY_Current,DXY_Momentum,DXY_Volatility,GOLD_Current,GOLD_Momentum,GOLD_Volatility,Composite_Score
17.760000228881836,-8.406390985431358,112.14565660106184,20.43000030517578,-5.0209200939752705,45.66623258677986,100.28399658203125,0.11879964600036241,2.0596226433796683,3990.0,0.2688902832302394,9.778988875655342,50.81871054476601
