VIX_Current,VIX_Momentum,VIX_Volatility,GVZ_Current,GVZ_Momentum,GVZ_Volatility,DXY_Current,DXY_Momentum,DXY_Volatility,GOLD_Current,GOLD_Momentum,GOLD_Volatility,Composite_Score
16.3700008392334,-1.444911272119961,45.727002506639394,19.510000228881836,0.41173403216439597,62.70382066602309,98.10399627685547,0.0,2.976585035579986,3984.199951171875,0.15333584791440538,9.808183587273096,53.60799206380736
