VIX_Current,VIX_Momentum,VIX_Volatility,GVZ_Current,GVZ_Momentum,GVZ_Volatility,DXY_Current,DXY_Momentum,DXY_Volatility,GOLD_Current,GOLD_Momentum,GOLD_Volatility,Composite_Score
16.520000457763672,-0.6016869820708091,47.17668454901783,21.020000457763672,-2.05031987642229,85.43070746129172,98.90399932861328,0.064754141131145,2.8894976011282223,4070.10009765625,0.009832333812712098,7.205119139962603,52.67817676986907
