VIX_Current,VIX_Momentum,VIX_Volatility,GVZ_Current,GVZ_Momentum,GVZ_Volatility,DXY_Current,DXY_Momentum,DXY_Volatility,GOLD_Current,GOLD_Momentum,GOLD_Volatility,Composite_Score
16.479999542236328,-0.42295890061111224,55.97467559599316,24.610000610351562,0.24440478678483166,62.07942192820439,99.51200103759766,0.0030131465192714106,3.309433471856873,4024.89990234375,0.3815793175095757,15.236100735522692,58.691693142412824
