VIX_Current,VIX_Momentum,VIX_Volatility,GVZ_Current,GVZ_Momentum,GVZ_Volatility,DXY_Current,DXY_Momentum,DXY_Volatility,GOLD_Current,GOLD_Momentum,GOLD_Volatility,Composite_Score
18.739999771118164,0.32119627924073635,107.49305630214563,30.31999969482422,-0.5249338904693767,117.6906985371573,98.875,0.019217034720473952,2.2719354315977647,4186.39990234375,-2.1549150004228212,19.60298801348219,54.00739393868071
