VIX_Current,VIX_Momentum,VIX_Volatility,GVZ_Current,GVZ_Momentum,GVZ_Volatility,DXY_Current,DXY_Momentum,DXY_Volatility,GOLD_Current,GOLD_Momentum,GOLD_Volatility,Composite_Score
17.06999969482422,1.18552961257534,52.22199612930565,24.700000762939453,-1.5151481735349597,67.01088982033635,99.43000030517578,0.17227416657673636,3.3866794801565616,4012.89990234375,0.42794567562608615,15.556543230464678,58.70218659267377
