VIX_Current,VIX_Momentum,VIX_Volatility,GVZ_Current,GVZ_Momentum,GVZ_Volatility,DXY_Current,DXY_Momentum,DXY_Volatility,GOLD_Current,GOLD_Momentum,GOLD_Volatility,Composite_Score
18.530000686645508,-1.1205927803494642,108.26861403734817,31.549999237060547,2.9363772585046126,103.87541463973908,98.93199920654297,0.0930826305758109,2.2840093792826477,4266.10009765625,-0.5014460189921313,18.732705204594286,61.33080388210577
