VIX_Current,VIX_Momentum,VIX_Volatility,GVZ_Current,GVZ_Momentum,GVZ_Volatility,DXY_Current,DXY_Momentum,DXY_Volatility,GOLD_Current,GOLD_Momentum,GOLD_Volatility,Composite_Score
,,,22.8700008392334,4.764090330563702,113.43912918770143,99.02400207519531,-0.2749277452206122,2.932514033441019,3997.5,-0.11244377811094453,10.546602911839983,
