VIX_Current,VIX_Momentum,VIX_Volatility,GVZ_Current,GVZ_Momentum,GVZ_Volatility,DXY_Current,DXY_Momentum,DXY_Volatility,GOLD_Current,GOLD_Momentum,GOLD_Volatility,Composite_Score
17.200000762939453,-0.5780258874628976,85.71869676879173,23.329999923706055,3.230086415551001,82.04047674723549,99.61100006103516,0.0914423442910056,2.417576980230227,4134.7998046875,0.26431054588777053,7.868837740327081,57.74
