VIX_Current,VIX_Momentum,VIX_Volatility,GVZ_Current,GVZ_Momentum,GVZ_Volatility,DXY_Current,DXY_Momentum,DXY_Volatility,GOLD_Current,GOLD_Momentum,GOLD_Volatility,Composite_Score
16.469999313354492,0.7339384041896807,47.3966402239042,21.829999923706055,2.0570385535894538,86.23489458289238,99.35299682617188,0.08864900726792738,2.717253789822926,4003.10009765625,-0.049936329960152126,10.542563682071819,56.02201131306174
