VIX_Current,VIX_Momentum,VIX_Volatility,GVZ_Current,GVZ_Momentum,GVZ_Volatility,DXY_Current,DXY_Momentum,DXY_Volatility,GOLD_Current,GOLD_Momentum,GOLD_Volatility,Composite_Score
17.90999984741211,-0.3893197809031328,90.34897255860004,23.329999923706055,3.230086415551001,81.63710158822697,99.31900024414062,-0.2550870293317903,2.5861833186133603,4149.5,0.03133418413529776,7.542772056399236,56.91
