VIX_Current,VIX_Momentum,VIX_Volatility,GVZ_Current,GVZ_Momentum,GVZ_Volatility,DXY_Current,DXY_Momentum,DXY_Volatility,GOLD_Current,GOLD_Momentum,GOLD_Volatility,Composite_Score
16.360000610351562,-3.3096895001021873,46.484786855634546,21.829999923706055,2.0570385535894538,86.23489458289238,99.38500213623047,0.04832454308460965,2.7582357980539385,3976.199951171875,-0.29839136914764375,10.567054805753676,54.03598860800365
