VIX_Current,VIX_Momentum,VIX_Volatility,GVZ_Current,GVZ_Momentum,GVZ_Volatility,DXY_Current,DXY_Momentum,DXY_Volatility,GOLD_Current,GOLD_Momentum,GOLD_Volatility,Composite_Score
21.290000915527344,2.061362859991471,117.7404435068244,20.6200008392334,2.2310399664715157,37.071990294928824,99.51000213623047,-0.02712602002343308,2.15887654157507,4012.699951171875,0.29242567287865534,7.933674918014025,57.18
