VIX_Current,VIX_Momentum,VIX_Volatility,GVZ_Current,GVZ_Momentum,GVZ_Volatility,DXY_Current,DXY_Momentum,DXY_Volatility,GOLD_Current,GOLD_Momentum,GOLD_Volatility,Composite_Score
20.299999237060547,3.04567741565695,112.82998405985751,20.1200008392334,-1.0816092020849928,34.41298475052655,99.66200256347656,-0.1882783310139515,2.146870294224597,4016.300048828125,-0.04230839153496765,7.926090398584447,53.78
