VIX_Current,VIX_Momentum,VIX_Volatility,GVZ_Current,GVZ_Momentum,GVZ_Volatility,DXY_Current,DXY_Momentum,DXY_Volatility,GOLD_Current,GOLD_Momentum,GOLD_Volatility,Composite_Score
17.799999237060547,1.830661917644874,79.00696043472658,22.65999984741211,-3.8608394535191186,60.37325742531492,99.8949966430664,0.1684591655212285,3.3593065562809694,4012.300048828125,-0.3996587703782337,13.858737936020935,53.86466034114031
