VIX_Current,VIX_Momentum,VIX_Volatility,GVZ_Current,GVZ_Momentum,GVZ_Volatility,DXY_Current,DXY_Momentum,DXY_Volatility,GOLD_Current,GOLD_Momentum,GOLD_Volatility,Composite_Score
16.360000610351562,-0.8484811493844696,47.0630696076152,21.799999237060547,-0.8640315417700247,87.33891135343357,99.08200073242188,0.37178180433197217,2.582506756704552,4055.0,-0.06161429451632779,7.865213649026627,53.600334339026816
