VIX_Current,VIX_Momentum,VIX_Volatility,GVZ_Current,GVZ_Momentum,GVZ_Volatility,DXY_Current,DXY_Momentum,DXY_Volatility,GOLD_Current,GOLD_Momentum,GOLD_Volatility,Composite_Score
18.450000762939453,-3.0478187219040693,114.36814808534537,31.040000915527344,1.20639334304856,105.152930739122,98.59100341796875,0.07816501111681019,2.36055424282254,4383.10009765625,0.39166508603412736,16.739495155714433,62.2074510246578
