VIX_Current,VIX_Momentum,VIX_Volatility,GVZ_Current,GVZ_Momentum,GVZ_Volatility,DXY_Current,DXY_Momentum,DXY_Volatility,GOLD_Current,GOLD_Momentum,GOLD_Volatility,Composite_Score
19.979999542236328,14.69574887904946,128.02433611357037,20.219999313354492,0.14858236009588702,35.80984007891709,99.80799865722656,-0.041062370791832885,2.1838777017974724,3993.5,-0.5231037489102005,8.727782089179255,54.92034608282773
