VIX_Current,VIX_Momentum,VIX_Volatility,GVZ_Current,GVZ_Momentum,GVZ_Volatility,DXY_Current,DXY_Momentum,DXY_Volatility,GOLD_Current,GOLD_Momentum,GOLD_Volatility,Composite_Score
16.889999389648438,2.1160728823933974,48.92026824856556,17.670000076293945,-0.7860718351853679,54.50915274742458,98.4020004272461,0.2955814956076859,3.0311944331599077,3964.10009765625,0.022712618476613485,10.378882709938697,52.918957873897796
