VIX_Current,VIX_Momentum,VIX_Volatility,GVZ_Current,GVZ_Momentum,GVZ_Volatility,DXY_Current,DXY_Momentum,DXY_Volatility,GOLD_Current,GOLD_Momentum,GOLD_Volatility,Composite_Score
16.65999984741211,1.9583824469765259,46.88309768660304,17.670000076293945,-0.7860718351853679,54.50915274742458,97.7040023803711,-0.018417287485660048,2.5390567644081856,3909.39990234375,0.012791322686472564,9.31315497161633,51.88879602123302
