VIX_Current,VIX_Momentum,VIX_Volatility,GVZ_Current,GVZ_Momentum,GVZ_Volatility,DXY_Current,DXY_Momentum,DXY_Volatility,GOLD_Current,GOLD_Momentum,GOLD_Volatility,Composite_Score
17.8700008392334,-1.4340779568034434,107.07987453637094,29.850000381469727,1.2550910616646858,110.79159833024707,98.88999938964844,-0.053567613053533615,2.150148445590046,4146.5,0.19330675365470582,21.28215640980504,62.116387684801744
