VIX_Current,VIX_Momentum,VIX_Volatility,GVZ_Current,GVZ_Momentum,GVZ_Volatility,DXY_Current,DXY_Momentum,DXY_Volatility,GOLD_Current,GOLD_Momentum,GOLD_Volatility,Composite_Score
19.020000457763672,2.8664180270752735,102.93784749413348,27.190000534057617,0.44329826592625554,112.2498693276724,99.125,0.11513711734939593,1.8761657633828703,4127.2001953125,0.4282678907441026,20.0781480173315,62.38295611305349
