VIX_Current,VIX_Momentum,VIX_Volatility,GVZ_Current,GVZ_Momentum,GVZ_Volatility,DXY_Current,DXY_Momentum,DXY_Volatility,GOLD_Current,GOLD_Momentum,GOLD_Volatility,Composite_Score
17.520000457763672,-0.34129389193839244,80.55320824927898,25.780000686645508,0.11650752095342841,88.44741102649448,99.5009994506836,0.015076884827247353,2.280630135592602,4211.7998046875,0.24753421682017027,9.82150269996472,55.99
