VIX_Current,VIX_Momentum,VIX_Volatility,GVZ_Current,GVZ_Momentum,GVZ_Volatility,DXY_Current,DXY_Momentum,DXY_Volatility,GOLD_Current,GOLD_Momentum,GOLD_Volatility,Composite_Score
16.639999389648438,1.8983433398083518,46.29479789215733,24.889999389648438,2.554589700003222,73.60864271633868,98.65299987792969,-0.24773275504080572,2.4555280198403855,4007.60009765625,-0.7725054668385428,14.754978855276727,56.18149603738565
