VIX_Current,VIX_Momentum,VIX_Volatility,GVZ_Current,GVZ_Momentum,GVZ_Volatility,DXY_Current,DXY_Momentum,DXY_Volatility,GOLD_Current,GOLD_Momentum,GOLD_Volatility,Composite_Score
16.540000915527344,-3.837208244979848,88.78785946219233,25.329999923706055,-5.836430175049936,87.59411336662467,98.96700286865234,-0.06462154524536658,1.9632555360465394,4132.2001953125,1.568191291421365,18.800771835681843,59.44659091438734
