VIX_Current,VIX_Momentum,VIX_Volatility,GVZ_Current,GVZ_Momentum,GVZ_Volatility,DXY_Current,DXY_Momentum,DXY_Volatility,GOLD_Current,GOLD_Momentum,GOLD_Volatility,Composite_Score
17.200000762939453,-0.5780258874628976,47.197321164466004,19.969999313354492,-2.1078446726302476,64.2013794036038,98.63800048828125,0.21640582160960725,2.7511230804264684,4002.5,0.34597861451249456,8.691615002227927,53.70437963433135
