VIX_Current,VIX_Momentum,VIX_Volatility,GVZ_Current,GVZ_Momentum,GVZ_Volatility,DXY_Current,DXY_Momentum,DXY_Volatility,GOLD_Current,GOLD_Momentum,GOLD_Volatility,Composite_Score
16.920000076293945,3.296709054911033,62.970945397588316,24.81999969482422,1.2647876909323277,61.368993768402945,99.52300262451172,-0.003012631896550667,3.2605485133817598,4041.39990234375,0.3276885788163246,15.047137079858805,60.12096274678232
