VIX_Current,VIX_Momentum,VIX_Volatility,GVZ_Current,GVZ_Momentum,GVZ_Volatility,DXY_Current,DXY_Momentum,DXY_Volatility,GOLD_Current,GOLD_Momentum,GOLD_Volatility,Composite_Score
16.760000228881836,-0.3567150239654618,47.33271443379915,18.610000610351562,4.433226313448242,61.09311501990182,98.06099700927734,-0.3769121832902524,3.0742519139348046,3977.60009765625,0.2773155783084759,10.094867371053665,55.79296246631258
