VIX_Current,VIX_Momentum,VIX_Volatility,GVZ_Current,GVZ_Momentum,GVZ_Volatility,DXY_Current,DXY_Momentum,DXY_Volatility,GOLD_Current,GOLD_Momentum,GOLD_Volatility,Composite_Score
17.459999084472656,-4.013201913975538,111.18633749831224,20.200000762939453,-2.5096455967538986,44.765903042475735,100.23200225830078,0.027942873801987355,2.0620476824267286,3990.39990234375,0.18578715399824253,9.727188183835025,52.63925115274427
