VIX_Current,VIX_Momentum,VIX_Volatility,GVZ_Current,GVZ_Momentum,GVZ_Volatility,DXY_Current,DXY_Momentum,DXY_Volatility,GOLD_Current,GOLD_Momentum,GOLD_Volatility,Composite_Score
15.720000267028809,-4.146337605600534,88.3801598145218,24.739999771118164,-1.7864261746681542,82.13315354953426,98.9540023803711,0.05966503797725183,1.9068887165514719,4082.10009765625,-0.16874302625947665,17.8157533822664,54.957024286010416
