VIX_Current,VIX_Momentum,VIX_Volatility,GVZ_Current,GVZ_Momentum,GVZ_Volatility,DXY_Current,DXY_Momentum,DXY_Volatility,GOLD_Current,GOLD_Momentum,GOLD_Volatility,Composite_Score
16.329999923706055,-4.558741430865916,51.760922988365124,24.670000076293945,-1.2409906790359782,70.87397624930276,99.1719970703125,0.08072720234163552,3.0850121916877473,4009.5,0.5063532681079937,15.20714076993904,57.23412327021704
