VIX_Current,VIX_Momentum,VIX_Volatility,GVZ_Current,GVZ_Momentum,GVZ_Volatility,DXY_Current,DXY_Momentum,DXY_Volatility,GOLD_Current,GOLD_Momentum,GOLD_Volatility,Composite_Score
16.520000457763672,0.9163079464893775,38.73445352926424,19.510000228881836,0.41173403216439597,62.70382066602309,98.3949966430664,0.09867965320086013,2.798244064655788,3979.699951171875,-0.11795882158089452,8.574121499887474,52.996341904787954
