VIX_Current,VIX_Momentum,VIX_Volatility,GVZ_Current,GVZ_Momentum,GVZ_Volatility,DXY_Current,DXY_Momentum,DXY_Volatility,GOLD_Current,GOLD_Momentum,GOLD_Volatility,Composite_Score
17.600000381469727,-0.9566689471843692,94.83386356011803,23.329999923706055,3.230086415551001,81.63710158822697,99.62200164794922,0.03314097116528665,2.335133865294254,4133.60009765625,0.30818985205820704,7.2591277992201855,57.73
