VIX_Current,VIX_Momentum,VIX_Volatility,GVZ_Current,GVZ_Momentum,GVZ_Volatility,DXY_Current,DXY_Momentum,DXY_Volatility,GOLD_Current,GOLD_Momentum,GOLD_Volatility,Composite_Score
16.850000381469727,1.8742409237194355,48.934273466543075,17.670000076293945,-0.7860718351853679,54.50915274742458,98.4010009765625,0.28025347758839103,3.0110430978703273,3968.89990234375,0.29059484216364345,8.533549841605689,53.385100900016816
