VIX_Current,VIX_Momentum,VIX_Volatility,GVZ_Current,GVZ_Momentum,GVZ_Volatility,DXY_Current,DXY_Momentum,DXY_Volatility,GOLD_Current,GOLD_Momentum,GOLD_Volatility,Composite_Score
16.649999618530273,2.084611672108633,57.62597024042366,24.670000076293945,-1.2409906790359782,68.27015142957045,99.5459976196289,0.3771231399638363,3.369593148772935,3980.800048828125,-0.7380773547876438,15.13115865423473,55.00479148000211
