VIX_Current,VIX_Momentum,VIX_Volatility,GVZ_Current,GVZ_Momentum,GVZ_Volatility,DXY_Current,DXY_Momentum,DXY_Volatility,GOLD_Current,GOLD_Momentum,GOLD_Volatility,Composite_Score
25.299999237060547,12.745091956046325,165.63140479816923,32.77000045776367,6.430657627027929,102.53152223176075,98.35399627685547,-0.06300204146149851,2.5671465027332054,4341.7998046875,1.0449371259325655,10.796638533238955,71.55263611035593
