VIX_Current,VIX_Momentum,VIX_Volatility,GVZ_Current,GVZ_Momentum,GVZ_Volatility,DXY_Current,DXY_Momentum,DXY_Volatility,GOLD_Current,GOLD_Momentum,GOLD_Volatility,Composite_Score
16.459999084472656,1.6049278351146632,45.78978138462204,18.059999465942383,-1.257525631886112,73.1087708104545,97.7750015258789,0.00818602903145152,2.5979598039177816,3899.60009765625,0.3060973489167528,9.496463289273828,52.71592298608858
