VIX_Current,VIX_Momentum,VIX_Volatility,GVZ_Current,GVZ_Momentum,GVZ_Volatility,DXY_Current,DXY_Momentum,DXY_Volatility,GOLD_Current,GOLD_Momentum,GOLD_Volatility,Composite_Score
18.940000534057617,2.1574951390389185,105.78609100439719,21.43000030517578,-0.1863018605400293,41.74763241551773,100.197998046875,-0.025942864798699204,2.4140541623439584,3945.89990234375,-0.030407014841419003,11.244274299604468,55.712091235803655
