VIX_Current,VIX_Momentum,VIX_Volatility,GVZ_Current,GVZ_Momentum,GVZ_Volatility,DXY_Current,DXY_Momentum,DXY_Volatility,GOLD_Current,GOLD_Momentum,GOLD_Volatility,Composite_Score
16.3799991607666,-1.3847166835239075,85.59931334973744,24.799999237060547,-1.5482385419951745,82.17316026719998,98.91000366210938,-0.05860344340327356,1.9206266359649518,4117.89990234375,-0.6729679110941302,18.446970057805995,54.33917224124399
