VIX_Current,VIX_Momentum,VIX_Volatility,GVZ_Current,GVZ_Momentum,GVZ_Volatility,DXY_Current,DXY_Momentum,DXY_Volatility,GOLD_Current,GOLD_Momentum,GOLD_Volatility,Composite_Score
20.799999237060547,-5.9674572879383225,119.95524125646317,31.209999084472656,0.6125036231630087,102.8319311069337,98.4800033569336,0.06808179956119723,2.435678079690156,4270.2001953125,0.4304027232311475,16.272583770629844,61.8685674249572
