VIX_Current,VIX_Momentum,VIX_Volatility,GVZ_Current,GVZ_Momentum,GVZ_Volatility,DXY_Current,DXY_Momentum,DXY_Volatility,GOLD_Current,GOLD_Momentum,GOLD_Volatility,Composite_Score
16.3700008392334,-1.444911272119961,45.727002506639394,19.510000228881836,0.41173403216439597,62.70382066602309,98.30400085449219,0.11609981693804798,2.84041647921858,3984.39990234375,0.15836214607097526,8.53981209327455,53.45742814154022
