VIX_Current,VIX_Momentum,VIX_Volatility,GVZ_Current,GVZ_Momentum,GVZ_Volatility,DXY_Current,DXY_Momentum,DXY_Volatility,GOLD_Current,GOLD_Momentum,GOLD_Volatility,Composite_Score
17.899999618530273,2.5200490099046675,113.39212802821446,29.850000381469727,1.2550910616646858,110.79159833024707,99.04000091552734,0.15775881410924097,2.0959022394633373,4119.7001953125,-0.5359788395341953,19.93613369005901,60.54638516075411
