VIX_Current,VIX_Momentum,VIX_Volatility,GVZ_Current,GVZ_Momentum,GVZ_Volatility,DXY_Current,DXY_Momentum,DXY_Volatility,GOLD_Current,GOLD_Momentum,GOLD_Volatility,Composite_Score
16.09000015258789,1.3224183667102325,77.53218420598664,24.06999969482422,-0.04152918984020014,59.21113875279919,98.66600036621094,-0.032419786922998906,2.2981137901407664,3964.0,0.683241514732213,14.690909864735394,58.93630273415236
