VIX_Current,VIX_Momentum,VIX_Volatility,GVZ_Current,GVZ_Momentum,GVZ_Volatility,DXY_Current,DXY_Momentum,DXY_Volatility,GOLD_Current,GOLD_Momentum,GOLD_Volatility,Composite_Score
17.8700008392334,-0.44568200727448926,91.06636129000377,23.329999923706055,3.230086415551001,81.63710158822697,99.5469970703125,-0.15847225098086748,2.358619668326724,4147.2001953125,0.1183012059980456,7.5215037625157715,57.24
