VIX_Current,VIX_Momentum,VIX_Volatility,GVZ_Current,GVZ_Momentum,GVZ_Volatility,DXY_Current,DXY_Momentum,DXY_Volatility,GOLD_Current,GOLD_Momentum,GOLD_Volatility,Composite_Score
,,,23.799999237060547,4.385965059044991,108.94042902085208,98.91400146484375,-0.024259712483079506,3.2452543973561,4073.60009765625,0.03929512908276032,13.865851088280804,
