VIX_Current,VIX_Momentum,VIX_Volatility,GVZ_Current,GVZ_Momentum,GVZ_Volatility,DXY_Current,DXY_Momentum,DXY_Volatility,GOLD_Current,GOLD_Momentum,GOLD_Volatility,Composite_Score
19.09000015258789,-2.5523225936981357,121.81134395568922,20.100000381469727,-0.8875754392568262,34.7044923157101,99.72899627685547,-0.06313486066484876,2.157280387679315,3993.300048828125,0.1052856802049824,8.535433824929859,52.863461046930524
