VIX_Current,VIX_Momentum,VIX_Volatility,GVZ_Current,GVZ_Momentum,GVZ_Volatility,DXY_Current,DXY_Momentum,DXY_Volatility,GOLD_Current,GOLD_Momentum,GOLD_Volatility,Composite_Score
20.760000228881836,-12.219870766442051,141.60181442008025,31.209999084472656,0.6125036231630087,102.8319311069337,98.5510025024414,0.11072627352264862,2.616442129583461,4266.5,1.1786235442634014,13.662955060687153,62.89177502135598
