VIX_Current,VIX_Momentum,VIX_Volatility,GVZ_Current,GVZ_Momentum,GVZ_Volatility,DXY_Current,DXY_Momentum,DXY_Volatility,GOLD_Current,GOLD_Momentum,GOLD_Volatility,Composite_Score
20.68000030517578,12.82051495499729,115.03844575270526,24.8700008392334,-4.785604746698341,97.26428475549915,99.13700103759766,-0.06048323985888577,2.5627893421032297,4158.39990234375,-0.9881187877082729,11.27793145211387,42.5
