VIX_Current,VIX_Momentum,VIX_Volatility,GVZ_Current,GVZ_Momentum,GVZ_Volatility,DXY_Current,DXY_Momentum,DXY_Volatility,GOLD_Current,GOLD_Momentum,GOLD_Volatility,Composite_Score
16.360000610351562,-1.1480280088685377,85.00416271445215,24.739999771118164,-1.7864261746681542,82.13315354953426,98.90599822998047,-0.041436695193011804,1.9248426707986013,4086.89990234375,-0.2319109517253085,18.92988555865262,55.81930887627364
