VIX_Current,VIX_Momentum,VIX_Volatility,GVZ_Current,GVZ_Momentum,GVZ_Volatility,DXY_Current,DXY_Momentum,DXY_Volatility,GOLD_Current,GOLD_Momentum,GOLD_Volatility,Composite_Score
18.690000534057617,-11.042359207759468,118.11670577440094,29.969999313354492,-4.705886847955147,113.1259122683997,98.5250015258789,-0.03246616772189453,2.403110262387963,4346.7001953125,1.7986438728129033,17.122155788981967,61.740002774726925
