VIX_Current,VIX_Momentum,VIX_Volatility,GVZ_Current,GVZ_Momentum,GVZ_Volatility,DXY_Current,DXY_Momentum,DXY_Volatility,GOLD_Current,GOLD_Momentum,GOLD_Volatility,Composite_Score
16.34000015258789,-0.4872102517316856,45.68310989246234,24.059999465942383,-1.8359884077405513,59.42728622241833,98.94200134277344,0.04347795900451211,2.39170616951863,4030.699951171875,1.3757532990914236,15.219945621401344,60.360893469015366
