VIX_Current,VIX_Momentum,VIX_Volatility,GVZ_Current,GVZ_Momentum,GVZ_Volatility,DXY_Current,DXY_Momentum,DXY_Volatility,GOLD_Current,GOLD_Momentum,GOLD_Volatility,Composite_Score
17.190000534057617,-0.5208341956690163,90.8341231336681,26.68000030517578,-0.44775722127194817,91.12952468689723,99.03500366210938,0.03333746904955847,1.8400781658325691,4069.199951171875,-0.9324418460894706,18.798504308251886,55.5170738455921
