VIX_Current,VIX_Momentum,VIX_Volatility,GVZ_Current,GVZ_Momentum,GVZ_Volatility,DXY_Current,DXY_Momentum,DXY_Volatility,GOLD_Current,GOLD_Momentum,GOLD_Volatility,Composite_Score
18.59000015258789,-2.77196999676888,106.25539219520523,27.190000534057617,0.44329826592625554,112.2498693276724,99.05000305175781,0.014136211604681882,1.8842050550252127,4129.2998046875,0.9979162208022502,20.533079814989463,62.78776334919807
