VIX_Current,VIX_Momentum,VIX_Volatility,GVZ_Current,GVZ_Momentum,GVZ_Volatility,DXY_Current,DXY_Momentum,DXY_Volatility,GOLD_Current,GOLD_Momentum,GOLD_Volatility,Composite_Score
18.770000457763672,4.104269234256149,107.1511661271607,21.3700008392334,0.3757628946258461,42.23693716023012,100.16799926757812,0.08692757339121289,2.460822371478351,3951.800048828125,-0.3680882885005602,11.421263300161325,55.403341897942134
