VIX_Current,VIX_Momentum,VIX_Volatility,GVZ_Current,GVZ_Momentum,GVZ_Volatility,DXY_Current,DXY_Momentum,DXY_Volatility,GOLD_Current,GOLD_Momentum,GOLD_Volatility,Composite_Score
15.680000305175781,-0.2544526792211539,84.27276648163054,24.739999771118164,-1.7864261746681542,82.13315354953426,98.81999969482422,-0.08795938394645207,1.928784270449146,4056.300048828125,0.027128074311899043,17.635190876862435,56.433123071266834
