VIX_Current,VIX_Momentum,VIX_Volatility,GVZ_Current,GVZ_Momentum,GVZ_Volatility,DXY_Current,DXY_Momentum,DXY_Volatility,GOLD_Current,GOLD_Momentum,GOLD_Volatility,Composite_Score
16.34000015258789,-1.9796036124519314,46.060149476264165,21.829999923706055,2.0570385535894538,86.23489458289238,99.26300048828125,-0.07449137688773508,2.7373181723407036,4005.199951171875,0.3759210110659912,10.687438617004233,56.65890026298579
