VIX_Current,VIX_Momentum,VIX_Volatility,GVZ_Current,GVZ_Momentum,GVZ_Volatility,DXY_Current,DXY_Momentum,DXY_Volatility,GOLD_Current,GOLD_Momentum,GOLD_Volatility,Composite_Score
22.549999237060547,-7.695460682073484,139.7213029745645,31.43000030517578,1.8470501735279299,105.2824016698668,98.41400146484375,-0.08528054666302101,2.580793194270918,4252.39990234375,-0.24163775299226462,13.592115793241696,59.75611615203067
