VIX_Current,VIX_Momentum,VIX_Volatility,GVZ_Current,GVZ_Momentum,GVZ_Volatility,DXY_Current,DXY_Momentum,DXY_Volatility,GOLD_Current,GOLD_Momentum,GOLD_Volatility,Composite_Score
22.3799991607666,4.873472355868707,66.2794637658691,24.84000015258789,-0.8383197240260605,95.18569581827646,99.1449966430664,-0.22441790238938386,2.7766804615698146,4052.0,-2.8460495780998256,12.767030074496354,40.37
