VIX_Current,VIX_Momentum,VIX_Volatility,GVZ_Current,GVZ_Momentum,GVZ_Volatility,DXY_Current,DXY_Momentum,DXY_Volatility,GOLD_Current,GOLD_Momentum,GOLD_Volatility,Composite_Score
16.5,1.2269986030718378,46.37417286638492,21.799999237060547,-0.8640315417700247,87.33891135343357,98.94599914550781,-0.05353731200770161,2.6547103237359275,4061.39990234375,0.41039985451034533,7.417257466327119,55.40336735770889
