VIX_Current,VIX_Momentum,VIX_Volatility,GVZ_Current,GVZ_Momentum,GVZ_Volatility,DXY_Current,DXY_Momentum,DXY_Volatility,GOLD_Current,GOLD_Momentum,GOLD_Volatility,Composite_Score
20.020000457763672,1.7276430249773502,73.79369295824964,24.84000015258789,-0.8383197240260605,95.18569581827646,99.14299774169922,-0.060487269756149785,2.4898715084885192,4195.2001953125,0.05247305777486286,10.852976924578824,49.09
