VIX_Current,VIX_Momentum,VIX_Volatility,GVZ_Current,GVZ_Momentum,GVZ_Volatility,DXY_Current,DXY_Momentum,DXY_Volatility,GOLD_Current,GOLD_Momentum,GOLD_Volatility,Composite_Score
17.969999313354492,0.6158941726977043,107.91882982702523,20.15999984741211,-1.6585373296970276,43.68271211275811,99.97000122070312,-0.09693517420197739,2.027061744817443,4015.10009765625,0.35994067688472725,8.42173739190807,54.563230707245665
