VIX_Current,VIX_Momentum,VIX_Volatility,GVZ_Current,GVZ_Momentum,GVZ_Volatility,DXY_Current,DXY_Momentum,DXY_Volatility,GOLD_Current,GOLD_Momentum,GOLD_Volatility,Composite_Score
17.440000534057617,-3.7527608922812274,71.07829934072497,22.65999984741211,-3.8608394535191186,60.37325742531492,99.74600219726562,-0.05911337881845252,3.3937601322181785,4029.5,0.5841067814915559,14.059358807754949,55.55285502252365
