VIX_Current,VIX_Momentum,VIX_Volatility,GVZ_Current,GVZ_Momentum,GVZ_Volatility,DXY_Current,DXY_Momentum,DXY_Volatility,GOLD_Current,GOLD_Momentum,GOLD_Volatility,Composite_Score
16.6299991607666,0.4227034847928678,55.39262881079215,18.059999465942383,-1.257525631886112,73.1087708104545,97.94100189208984,0.09607016045689505,2.619775810879977,3869.0,-0.3400121409998597,9.708423201999123,50.2876382705492
