VIX_Current,VIX_Momentum,VIX_Volatility,GVZ_Current,GVZ_Momentum,GVZ_Volatility,DXY_Current,DXY_Momentum,DXY_Volatility,GOLD_Current,GOLD_Momentum,GOLD_Volatility,Composite_Score
19.030000686645508,0.8479058839226286,115.39338982852236,21.43000030517578,-0.1863018605400293,41.74763241551773,100.1449966430664,0.004990267074522592,1.9705893482604104,3983.10009765625,0.1382743328883365,10.100123303911657,55.854941309331885
