VIX_Current,VIX_Momentum,VIX_Volatility,GVZ_Current,GVZ_Momentum,GVZ_Volatility,DXY_Current,DXY_Momentum,DXY_Volatility,GOLD_Current,GOLD_Momentum,GOLD_Volatility,Composite_Score
16.709999084472656,1.1501127206064536,46.308139002503765,21.329999923706055,1.4747833453442456,91.99991508347134,99.35099792480469,0.38090701102004826,2.759006754193328,4040.199951171875,-0.5782907272281054,8.863705288426072,53.70056233179655
