VIX_Current,VIX_Momentum,VIX_Volatility,GVZ_Current,GVZ_Momentum,GVZ_Volatility,DXY_Current,DXY_Momentum,DXY_Volatility,GOLD_Current,GOLD_Momentum,GOLD_Volatility,Composite_Score
18.43000030517578,5.676604018359105,109.76950958089688,20.15999984741211,-1.6585373296970276,43.68271211275811,100.01100158691406,-0.04297606013842317,1.9436609236976339,4023.39990234375,0.6529370624373471,8.479325697489863,56.95491020797264
