VIX_Current,VIX_Momentum,VIX_Volatility,GVZ_Current,GVZ_Momentum,GVZ_Volatility,DXY_Current,DXY_Momentum,DXY_Volatility,GOLD_Current,GOLD_Momentum,GOLD_Volatility,Composite_Score
15.770000457763672,-3.84145838671099,88.02087753951601,24.739999771118164,-1.7864261746681542,82.13315354953426,98.96600341796875,-0.0010098827433626613,1.8804517617448062,4078.800048828125,-0.07349698574434808,17.670684840431427,55.30247387167128
