VIX_Current,VIX_Momentum,VIX_Volatility,GVZ_Current,GVZ_Momentum,GVZ_Volatility,DXY_Current,DXY_Momentum,DXY_Volatility,GOLD_Current,GOLD_Momentum,GOLD_Volatility,Composite_Score
17.559999465942383,-1.1261304074433849,107.54651083466233,30.459999084472656,1.941097523414971,110.75494570695079,98.927001953125,0.08295890678253127,2.2644233768357087,4117.5,-0.7974773979054469,19.425392776893137,59.186469968740845
