VIX_Current,VIX_Momentum,VIX_Volatility,GVZ_Current,GVZ_Momentum,GVZ_Volatility,DXY_Current,DXY_Momentum,DXY_Volatility,GOLD_Current,GOLD_Momentum,GOLD_Volatility,Composite_Score
18.510000228881836,1.1475464512370146,93.67590793086701,22.68000030517578,-2.7026991643096197,65.51043214403474,99.94499969482422,0.04904697871145751,3.2698747044358143,4023.5,0.0970221477013088,13.541639721724902,55.99052487427989
