VIX_Current,VIX_Momentum,VIX_Volatility,GVZ_Current,GVZ_Momentum,GVZ_Volatility,DXY_Current,DXY_Momentum,DXY_Volatility,GOLD_Current,GOLD_Momentum,GOLD_Volatility,Composite_Score
16.469999313354492,0.9809923522450874,45.42546911255616,17.690000534057617,-2.319161027823908,59.22359166396848,97.73500061035156,-0.03682391652121909,2.5782478154788255,3901.800048828125,0.3317171130221269,9.508633373258771,51.90966446195664
