VIX_Current,VIX_Momentum,VIX_Volatility,GVZ_Current,GVZ_Momentum,GVZ_Volatility,DXY_Current,DXY_Momentum,DXY_Volatility,GOLD_Current,GOLD_Momentum,GOLD_Volatility,Composite_Score
18.350000381469727,-1.3440859939393486,107.45460100412593,29.950000762939453,-1.738841165540217,120.72992687207783,98.8489990234375,-0.026296815739570163,2.261606022467451,4154.2001953125,-2.6709150176507452,19.779267756215923,50.98589757305708
