VIX_Current,VIX_Momentum,VIX_Volatility,GVZ_Current,GVZ_Momentum,GVZ_Volatility,DXY_Current,DXY_Momentum,DXY_Volatility,GOLD_Current,GOLD_Momentum,GOLD_Volatility,Composite_Score
17.34000015258789,-1.9785210339360333,76.35428441321078,22.65999984741211,-3.8608394535191186,66.72905176296541,99.97899627685547,0.07807259139602316,3.2907599263685223,4018.89990234375,0.21694557073975002,13.594898646315034,54.76432696097826
