VIX_Current,VIX_Momentum,VIX_Volatility,GVZ_Current,GVZ_Momentum,GVZ_Volatility,DXY_Current,DXY_Momentum,DXY_Volatility,GOLD_Current,GOLD_Momentum,GOLD_Volatility,Composite_Score
16.34000015258789,0.8641937225627323,45.99968625770296,17.600000381469727,-2.8161248575017885,60.185486448395956,97.75299835205078,-0.014319698067410427,2.5925523232341345,3907.5,0.5092998193483693,9.5362027620437,52.19857464052627
