VIX_Current,VIX_Momentum,VIX_Volatility,GVZ_Current,GVZ_Momentum,GVZ_Volatility,DXY_Current,DXY_Momentum,DXY_Volatility,GOLD_Current,GOLD_Momentum,GOLD_Volatility,Composite_Score
17.09000015258789,0.7071352038238689,46.94325247920335,21.229999542236328,4.736058523890977,76.10831927429368,98.78700256347656,-0.1717899367271496,2.8569668447851875,4061.300048828125,-0.2358164962518005,7.20185199348971,55.67364509666163
