VIX_Current,VIX_Momentum,VIX_Volatility,GVZ_Current,GVZ_Momentum,GVZ_Volatility,DXY_Current,DXY_Momentum,DXY_Volatility,GOLD_Current,GOLD_Momentum,GOLD_Volatility,Composite_Score
19.959999084472656,3.0991655744074804,177.278939568427,26.09000015258789,4.863348201913712,94.11698142288708,98.77799987792969,-0.12537719033056674,2.9118150667599303,4227.0,0.671625145857575,12.463364852531102,63.59000268411277
