VIX_Current,VIX_Momentum,VIX_Volatility,GVZ_Current,GVZ_Momentum,GVZ_Volatility,DXY_Current,DXY_Momentum,DXY_Volatility,GOLD_Current,GOLD_Momentum,GOLD_Volatility,Composite_Score
19.65999984741211,-3.721842438992632,174.45318838507353,26.09000015258789,4.863348201913712,94.11698142288708,98.85199737548828,-0.0374182805968316,2.8982901005837096,4206.10009765625,0.04995474919719316,12.641887883210408,59.83344549032599
