VIX_Current,VIX_Momentum,VIX_Volatility,GVZ_Current,GVZ_Momentum,GVZ_Volatility,DXY_Current,DXY_Momentum,DXY_Volatility,GOLD_Current,GOLD_Momentum,GOLD_Volatility,Composite_Score
16.350000381469727,-1.9196142373105538,46.05617336410589,21.829999923706055,2.0570385535894538,86.23489458289238,99.23300170898438,-0.08156078629299428,2.7635527169335607,3998.89990234375,0.4799199276669455,10.264110722735005,56.92623267676498
