VIX_Current,VIX_Momentum,VIX_Volatility,GVZ_Current,GVZ_Momentum,GVZ_Volatility,DXY_Current,DXY_Momentum,DXY_Volatility,GOLD_Current,GOLD_Momentum,GOLD_Volatility,Composite_Score
20.760000228881836,-12.219870766442051,141.60181442008025,31.209999084472656,0.6125036231630087,102.8319311069337,98.4520034790039,-0.08321300857728132,2.4684108816530497,4274.2001953125,0.5694163602941177,16.425680910150927,61.26723830645338
