VIX_Current,VIX_Momentum,VIX_Volatility,GVZ_Current,GVZ_Momentum,GVZ_Volatility,DXY_Current,DXY_Momentum,DXY_Volatility,GOLD_Current,GOLD_Momentum,GOLD_Volatility,Composite_Score
18.0,2.9159533193591964,109.69242407689784,20.15999984741211,-1.6585373296970276,43.68271211275811,100.05799865722656,-0.10184205386705782,1.9879859294770306,3996.5,0.15286933153409324,8.701269671686742,54.506947587100946
